Name,Text,Task 1,Task 2,Metaphors,Hyperboles,Personification,Alliteration,Irony,Analogies,Puns_and_wordplay,Satire,Invective
eng236.png,When someone gets you all the seasons of game of thrones ,non-persuassive,None,0,0,0,0,0,0,0,0,0
eng_file104.png,Voter find their names in dead persons list in bihar polls I guess I'm dead voter. ,persuassive,Slightly Negatively persuasive,0,0,0,0,Irony,0,0,Satire,0
romann208.png,Not sure if lame pun or racist chinese joke ,persuassive,Neutral,0,0,0,0,0,0,Puns_and_wordplay,0,0
imggg156.png,Remember Radhiya From Mirzapur ab itni gold finger rehegi toh babuji tel lagane bolenge hi na ,non-persuassive,None,0,0,0,0,0,0,0,0,0
san27.png,Woh friendship day bhi manana zaruri h kya. ,non-persuassive,None,0,0,0,0,0,0,0,0,0
eng317.png,"yahan bhi dekha , vahan bhi dekha , ab to saare , jahan mein dekha kya ? tera hi jalva... ",persuassive,Positively persuasive,0,0,0,0,0,0,0,Satire,0
imgg2.png,"Cambodian genocide 2 million killed in 1975 - 1979 Trlols bogan in 2007, Kashmiri Pandit kkillings 700 KPs killed 1989-90 Too Late? ",persuassive,None,0,0,0,0,0,Analogies,0,Satire,0
san177.png,Tu Kitna tez bhag skta hai ,non-persuassive,None,0,0,0,0,0,0,0,0,0
meme_639.png,Ye India Hai Mere Bhai Yaha Top Koi Ek Karta Hai Gaaliya Lakho Khate Hai ,persuassive,None,0,0,0,0,0,0,0,0,0
rhea29.png,If I die... don't you cry just look at the sky and say ,non-persuassive,None,0,0,0,0,0,0,0,0,0
rhea35.png,Thank you binod tum aa gaye... warna yeh memers mere peeche hi pad gaye the...-Rhea ,persuassive,None,0,0,0,0,0,0,0,Satire,0
exa161.png,"I'm a Kashmiri Pandit, Feel community's pain : Rahul Gnadhi Kashmiri People** Chutiya samjha hai mereko ",persuassive,Negatively persuasive,0,0,0,0,0,0,0,Satire,0
eng_file4.png,When math teacher finds out next class is P.E ,non-persuassive,None,0,0,0,0,0,0,0,0,0
salman79.png,Bhai ko ye gift kardu to chalega? ,non-persuassive,None,0,0,0,0,0,0,0,0,0
eng220.png,3 types of girls when they face problem who start crying who simply ignore. tu ab dekh tune panga kisse liya hai.,persuassive,Negatively persuasive,0,0,0,0,Irony,0,0,0,0
meme_606.png,Crush : I am a big fan of Salman Khan. *Me trying to impress her: Ae gadi Start kar ,persuassive,None,0,0,0,0,0,0,0,Satire,0
gay20.png,When Covid - 19 didn't kill anyone on your list. Why do I always have to do everything myself. ,persuassive,Negatively persuasive,0,Hyperboles,0,0,Irony,0,0,0,0
salman121.png,Funny meme Aa raha hoon bhe**hod... tu bahar mil.... kabir singh vs Salman Khan,persuassive,Negatively persuasive,0,0,0,0,0,0,0,0,Invective
eng198.png,Bas ! ki aur hasu? ,non-persuassive,None,0,0,0,0,0,0,0,0,0
eng_file35.png,Types of Brides 100 ,persuassive,None,0,0,0,0,0,Analogies,0,0,0
rhea23.png,with credit card without credit card chachi 840 chachi 420.,persuassive,None,0,0,0,0,0,Analogies,0,Satire,0
fiiile109.png,"Can dogs be gay? sorry hun, I'm not interested. ",non-persuassive,None,0,0,0,0,0,0,0,0,0
salman255.png,"Mere baare mein itna mat sochna court mein aata hoon, jail mein nahin... ",non-persuassive,None,0,0,0,0,0,0,0,0,0
meme_554.png,"Congress Leaders , Every time When Rahul Gandhi Gives Speech ! Seh Lenge thoda ",persuassive,None,0,Hyperboles,0,0,0,0,0,Satire,0
romann203.png,GST naa hua kallu halvai ki khubsurat patni ho gai! sasura har koi uske upar tippani karna chahta hai ,persuassive,None,0,0,0,0,0,0,0,Satire,0
data4.png,"Russia Has developed the first coronvirus vaccine, Announces putin le Indians: ""Tera yaar hoon main"" ",persuassive,Slightly Positively persuasive,0,0,0,0,0,0,Puns_and_wordplay,0,0
fille0.png,Your movie is getting lots of love yes what did it cost my life ,persuassive,None,0,0,0,0,Irony,0,0,0,0
imggg104.png,The lion has aped but he isn't old.  Neelo vedi Inkaataggaledaa.  ,persuassive,None,0,0,0,0,0,Analogies,0,0,0
emo19.png,Shall tsalith bathen chob ,persuassive,None,0,0,0,0,0,0,0,0,Invective
ramdev33.png,"Baba Ramdev providing ""Coronil"" Medicine ",persuassive,None,0,0,0,0,0,0,0,Satire,0
imgg14.png,"Kashmiri Muslims teraining , kashmiri pandits It's been tough. ",persuassive,None,0,0,0,0,Irony,0,0,0,0
fille23.png,How many of you know Sushant Singh Rajput got 7th rank in AIEEE and he is a physics olympiad national award winner? ,non-persuassive,None,0,0,0,0,0,0,0,0,0
emo4.png,"Mujhse baat karogi to hi m roti khaaunga.... Sachhi...?? Ha, verna 6 pranthe, paneer ki sabzi, kashmiri pulav, Ice Cream or 1 glass Doodh peekar bhookha hi so jaunga...!!! ",non-persuassive,None,0,0,0,0,0,0,0,0,0
salman7.png,* After watching Saaho* Haath jod kar gujarish hai aapse dur rahiye mere bete se ,persuassive,Neutral,0,0,0,0,0,0,0,Satire,0
eng_file206.png,Bihari Nibba Breaks up le Ganjga toh HIM- Sab yahin se toh shuru hota hai ,persuassive,Negatively persuasive,0,0,0,0,0,0,0,Satire,0
salman185.png,Comment Who is She? ,non-persuassive,None,0,0,0,0,0,0,0,0,0
ramdev127.png,Baba Ramdev right now: Underground hone ka samay aa gaya hai ,persuassive,Neutral,0,Hyperboles,0,0,0,0,0,Satire,0
meme_1137.png,Jo main padhta hoon wo exam mein nahi aata hai aur jo main nahi padhta hoon wo definitely aata hai ,non-persuassive,None,0,0,0,0,0,0,0,0,0
gay93.png,It's not gay if we call them lightsabers ,non-persuassive,None,0,0,0,0,0,0,0,0,0
fille88.png,* Varun dhawan demands CB I enquiry in Sushant's case* le Karan Johar: saala saanp ko pass raha tha. ,persuassive,Slightly Negatively persuasive,0,Hyperboles,0,0,Irony,0,0,0,0
romann186.png,Chiniese jokes are just wong 20 chinese memes that are just plain funny ! sayingimages.com ,persuassive,Slightly Negatively persuasive,0,0,0,0,0,0,Puns_and_wordplay,Satire,0
eng_file232.png,Dekh khuli jagha pe rape hua tha es ladki ka aur kisi ne kuch nahi kiya lekin ab insaf hi dilwana hoga support karo sabhi please like and share bihari memes ,persuassive,Slightly Negatively persuasive,0,0,0,0,Irony,0,0,0,0
eng42.png,Priya vs Smriti vs # Cutest Smile ,non-persuassive,None,0,0,0,0,0,0,0,0,0
meme_408.png,Ye India Hai Mere Bhai Yaha Top Koi Ek Karta Hai Gaaliya Lakho Khate Hai ,persuassive,Slightly Negatively persuasive,0,0,0,0,Irony,0,0,0,0
gay5.png,When u stalkin a guys Insta account and u tryna find any hints if he gay or not ,persuassive,Slightly Negatively persuasive,0,0,0,0,Irony,0,0,0,0
ramdev136.png,"Patanjali has prepared first Ayurvedic-clinically controlled, research, evidence and trial bassed medicine for COVID-19. #aayurvedvijay_coronil_shvasari.",non-persuassive,None,0,0,0,0,0,0,0,0,0
fiiile35.png,What it's like living with my husband.... ,non-persuassive,None,0,0,0,0,0,Analogies,0,0,0
gay85.png,#HighonMX Gf: Baby phone ka pasword batao. Bf: Nahi bataunga ,non-persuassive,None,0,0,0,0,0,0,0,0,0
img15.png,"A year's rent, a egypt ticket 10 overgarments and 15 niqabs what you want for your dowry??! ",persuassive,Slightly Negatively persuasive,0,0,0,0,Irony,0,0,0,0
eng253.png,"When your teacher says ""the question paper is very simple and you must be knowing all the answers"" ",non-persuassive,None,0,0,0,0,0,0,0,0,0
img127.png,Good night I'll think about you. ,non-persuassive,None,0,0,0,0,0,0,0,0,0
romann6.png,"Anyone has questions ?? Sir, Income tax salary ka kitna % hota hai?? Beta , Income tax tho badi cheej hai, teri salary pe tho GST bhi maaf hogi !!! ",non-persuassive,None,0,0,0,0,Irony,0,0,0,0
salman178.png,When Aishwarya Rai marries to abhishek bachchan and you can't destroy his career because Abhishek Bachchan never had a carrer. ,persuassive,Slightly Negatively persuasive,0,0,0,0,Irony,0,0,Satire,0
salman186.png,Kids will watch race 3 for Salman Men will watch for daisy sham legends will watch for Bobby Deol ,non-persuassive,None,0,0,0,0,0,0,0,0,0
salman174.png,Me after lockdown. when I meet people who avoided work from home giving all possible reasons meri aankhon me to dekh ,non-persuassive,None,0,0,0,0,0,0,0,0,0
eng_file107.png,When a boy gives a rose to his classmate girl * Other jealous girls of the class : Mujhe bhi chaiye... ,non-persuassive,None,0,0,0,0,0,0,0,0,0
eng162.png,"Newton, Einsteen, Thomas ka favorite song baithe baithe kya kare karna hai kuch kaam chalo banaye formule aur kare baccho ka jeena haram...",persuassive,Slightly Negatively persuasive,0,0,0,0,Irony,0,0,0,0
romann191.png,PM Modi's pariksha pe charcha 2.0 programme ,non-persuassive,None,0,0,0,0,0,0,0,0,0
eng503.png,"Normal photo , Selfie, Edited photo, Adhar Card, Aadhar card zerox. ",non-persuassive,None,0,0,0,0,0,0,0,0,0
data68.png,"Last night I asked Allah to remove all the fake things from my life now I can't find my name in NRC, legacy proof, voter id and adhar card. ",non-persuassive,None,0,0,0,0,0,0,0,0,0
fiiile96.png,Ho sakta hai unhe humse rishta nahi rakhna hai... koi baat nahi humari taraf se bhi koi jabardasti nahi hai,non-persuassive,None,0,0,0,0,0,0,0,0,0
eng484.png,Someone: Can you descrive your school friends?  *Unke jaisa koi saanp -ich nahi* ,persuassive,Neutral,0,Hyperboles,0,0,Irony,Analogies,0,0,0
eng185.png,"Masaan, Raazi, Sanju and now uri surgical strike! This man won our hearts with his performance in these moves one of the finest actors ",persuassive,Positively persuasive,Metaphors,0,0,0,0,0,0,0,0
eng555.png,Crush : I like hot boys. Me: main toh chalta bhi Aag Lagaake Hun. ,non-persuassive,None,0,0,0,0,0,0,0,0,0
salman117.png,Axar patel before las over against CSK: Vyaktigat Dushmani Hai Badla toh hum lenge hi ,persuassive,Neutral,0,0,0,0,0,0,0,0,0
data6.png,"#Aajse TumharaNaam Hello, Michael Jakson Speaking... ",persuassive,Slightly Negatively persuasive,0,0,0,0,0,0,Puns_and_wordplay,Satire,0
eng422.png,Hoy many black dots ? life mein dusri baar dimaag ka bhosda hua. ,non-persuassive,None,0,0,0,0,0,0,0,0,0
eng_file136.png,Sugar is sweet nikamme mere yaar kitna kroge mujhe pyaar. ,persuassive,Slightly Negatively persuasive,0,0,0,0,0,0,Puns_and_wordplay,Satire,0
fiiile52.png,"*Middle school gym class* ""Hey pass the ball back"" Me: gay fear ",persuassive,Slightly Negatively persuasive,0,0,0,0,Irony,0,0,0,0
eng249.png,"Log kehte hain ki dil ki suno.... lekin is dhak-dhak-dhak ka matlb hota kya hai, my lord. ",persuassive,Neutral,0,Hyperboles,0,Alliteration,0,0,0,0,0
san53.png,Paisa hi paisa hoga ab main akela ni aaunga Pakad Mereko ,non-persuassive,None,0,0,0,0,0,0,0,0,0
san234.png,"Did you know ? Anushka Sharma is playing the role of Rajkumar Hirani & Abhijat in the movie Sanju She is playing the role of biographer to whom Sanju revelas his story and asks her to write a book on him, just like in reality Sanjay Dutt narrated his story yo Rajkumar hirani and Abhijat joshi-the screenwriter. ",non-persuassive,None,0,0,0,0,0,0,0,0,0
salman126.png,"Upinion poll , Exit Pool, Result",persuassive,Neutral,0,0,0,0,Irony,0,0,Satire,0
romann23.png,When I open my books before the day of exam my books:- You still remember me..?? ,non-persuassive,None,0,0,0,0,0,0,0,0,0
eng293.png,"Dil to sabke paas hota hai, lekin sab dilwale nahi hote books bhi sab padhne wale nahi hote. ",non-persuassive,None,0,0,0,0,0,0,0,0,0
img61.png,"Sajnay rout calls kangana ""haramkhor"" and defends it by saying it means NAUGHTY Topic change mat karo tum ",persuassive,Negatively persuasive,0,0,0,0,0,0,Puns_and_wordplay,Satire,Invective
fiiile13.png,Suhagaraat hai ghunghat utha rha hun main... bhai update dete rehna hum online hai. ,persuassive,Slightly Negatively persuasive,0,0,0,0,0,0,0,Satire,0
img34.png,When your parents support love marriage but you don't have a partner ,persuassive,Neutral,0,0,0,0,Irony,0,0,0,0
exa125.png,Extreme Intolerance in India Wait-Is he a National Icon? ,non-persuassive,None,0,0,0,0,0,0,0,0,0
meme_32.png,"Samosa khayega ? Nahi, Aaj Upvas Hai Mera Bhai mere taraf se hai Meethi chatni Dal ke laana ",non-persuassive,None,0,0,0,0,0,0,0,0,0
romann98.png,Bdhai ho chacha @narendramodi GST is here. ,persuassive,Neutral,0,0,Personification,0,0,0,0,0,0
san68.png,Yeh gift lene k lye shaadi karna jaruri hai kya? ,non-persuassive,None,0,0,0,0,0,0,0,0,0
emo44.png,"""Kyu hila daala na"" ",non-persuassive,Neutral,0,0,0,0,0,0,0,Satire,0
exa127.png,Here I am for the 495th time knowing I'm lactose intolerant ,non-persuassive,None,0,0,0,0,0,0,0,0,0
data51.png,I'm sorry I couldn't hear you over the sound of how deaf I am. ,non-persuassive,None,0,0,0,0,0,0,0,0,0
eng591.png,"Chai ka paisa inse lena meeting ye bulaye the bade harami ho, beta ",persuassive,Slightly Negatively persuasive,0,0,0,0,Irony,0,0,0,Invective
rhea29.png,If I die... don't you cry just look at the sky and say ,non-persuassive,None,0,0,0,0,0,0,0,0,0
eng583.png,"Bhai, bohot mushkil se crush ne friend request accept ki thi dosto ne bhabhi bhabhi comment kar ke block karwa diya ",non-persuassive,None,0,0,0,0,0,0,0,0,0
ramdev156.png,:- People are trending Bara Ramdev:- Humko ghanta farq nahi padta ,persuassive,Neutral,0,0,0,0,0,0,0,Satire,0
eng163.png,"How ladies laugh at our memes ""Aki kinakuanga funny niverye hakinanga doh"" ",persuassive,Slightly Negatively persuasive,0,0,0,0,0,Analogies,0,0,0
romann15.png,Ten please keep your long hair don't cut it ,non-persuassive,None,0,0,0,0,0,0,0,0,0
data72.png,After watching #KunalKamraroast Allah maaf kare bahot manhus lag rahe ho mat karo rehne do ,non-persuassive,None,0,0,0,0,0,0,0,0,0
eng350.png,"When you just got knocket out And your friend asks ""waha 8x scope lene chale?"" ",non-persuassive,None,0,0,0,0,0,0,0,0,0
exa47.png,"How Subtly Hinduphobia is spread by bollywood AAMR KHAN Amir Khan's wife Scared in Secular India , Aamir Khan's wife feeling sage in Islami Turkey. ",persuassive,None,0,0,0,0,Irony,0,0,Satire,0
salman8.png,Aisi koi. Jagah nahi jahan me gaya nahi Bhai kabhi Sasural gaye ho ? ,persuassive,Neutral,0,0,0,0,Irony,0,0,0,0
data73.png,hE: * I love You* She: Propose me in different style He: Kategi kya? ,non-persuassive,None,0,0,0,0,0,0,0,0,0
data29.png,Baathroom me kya giraya tha kattapa? Shampoo Giraya tha Rajmata Lekin tu to takla hai ,persuassive,Slightly Negatively persuasive,0,0,0,0,Irony,0,0,0,0
imggg137.png,After Breakup:- Her male best friend: Humko join karlo ,non-persuassive,None,0,0,0,0,0,0,0,0,0
eng353.png,jubba kesari ye to kuchh jyaada hi ho gaya ,persuassive,Slightly Negatively persuasive,0,Hyperboles,0,0,Irony,0,0,0,0
meme_835.png,Trending No #1 On Twiter 2 days before *TN ppl Now #Pray_for _Nesamani #Stophitiposition Central Govt* Pinrigale da,persuassive,Slightly Negatively persuasive,0,0,0,0,Irony,0,0,0,0
romann62.png,Change.org Petition to send Donald Trump into Space and Leave Him There. ,persuassive,Slightly Negatively persuasive,0,0,0,0,0,0,0,Satire,0
romann236.png,How much do you love me??? 78.00% Why not 100% 28% GST on Luxurious Items.! ,persuassive,Slightly Negatively persuasive,0,0,0,0,Irony,0,0,0,0
eng370.png,Chunav do charanon me honge! pahle vo aapke charnon me honge.. fir aap unke charanon me honge ! ,persuassive,Neutral,0,0,0,0,Irony,0,0,Satire,0
eng425.png,"""Working"" These Days ",non-persuassive,None,0,0,0,0,0,0,0,0,0
fille33.png,I want to who about today's visit ? 4 see my burger. ,non-persuassive,None,0,0,0,0,0,0,0,0,0
salman154.png,"""Chachu chhoot gaye!"" Taimur gets excited after Salman Khan's bail. ",persuassive,Neutral,0,0,0,0,Irony,0,0,Satire,0
data40.png,If lord ram exists provide us proofs of his birth & his links with Ayodhya -Multi manzor Ziyai Can you provide us proof of existence of Allah and his Birthplace?? -Rohit Sardana. ,persuassive,Slightly Negatively persuasive,0,0,0,0,Irony,0,0,0,0
san201.png,"I only know 3 language english, hindi , galli galoch ",persuassive,None,0,0,0,0,Irony,0,0,Satire,0
salman47.png,Jail dikhata hai madarjaat! ,persuassive,Slightly Negatively persuasive,0,0,0,0,0,0,0,0,Invective
img97.png,on your way to Kumon thinking about all the homework you didn't do ,non-persuassive,None,0,0,0,0,0,0,0,0,0
exa11.png,Learn from me I never Unfriend anyone over political differences I Just.. Nevermind. ,persuassive,Slightly Negatively persuasive,0,0,0,0,Irony,0,0,Satire,0
eng232.png,gf kya hota hai? khada hota tera nahi gf matlab good friend.,persuassive,Slightly Negatively persuasive,0,0,0,0,0,0,Puns_and_wordplay,0,0
rhea30.png,*On Aaj tak Interview* Rhea: Sushant came into my dream last night & asked me to tell the truth ky aacting kar rahi hai ,persuassive,Slightly Negatively persuasive,0,0,0,0,Irony,0,0,Satire,0
san208.png,no Tension apun hai na ! Munna Bhai M.B.B.S. ,non-persuassive,None,0,0,0,0,0,0,0,0,0
salman225.png,"Diye do haat , kya galat kiya? ",non-persuassive,None,0,0,0,0,0,0,0,0,0
imggg35.png,Kasrmiri Pandit were Homeless for 30 years which was done by tudke tudke gang Intentionallly Not an Issue bro Kashmir Muslims Mobllelss for 30 days Human Ritghts Issure Bro. ,persuassive,Slightly Negatively persuasive,0,0,0,0,Irony,0,0,0,0
rhea92.png,Rhea Chakraborty gets bail after month on jail ,non-persuassive,None,0,0,0,0,0,0,0,0,0
eng_file183.png,When the south Bombay guy who used to make bihari memes on social media finaly comes to patna The north Remembers. ,persuassive,Slightly Negatively persuasive,0,0,0,0,0,0,Puns_and_wordplay,0,0
exa158.png,Listen what Modiji has to say for Kashmiri Pandits ,non-persuassive,None,0,0,0,0,0,0,0,0,0
salman80.png,Salman khan gifts singing sensation Ranu Mandal a house worth Rs.55lakh he also offers her to sing for his upcoming movie dabangg3 man with a golden heart. ,persuassive,Positively persuasive,0,0,0,0,0,0,0,0,0
rhea123.png,Lockdown khatm hone ke baad aap utne hi safe hai jitne mithun da cycle ke piche dushman ki goli se ,persuassive,Neutral,0,0,0,0,Irony,Analogies,0,0,0
meme_993.png,"Leave application by a cute child o master ji, wen I cum, rain cham cham leg my fisla, I gira dham. Niche my bag & upar was hum. Isliye 2 days, I not cum. ",non-persuassive,None,0,0,0,0,0,0,0,0,0
ramdev115.png,Bilanchi naagin nighali ,non-persuassive,None,0,0,0,0,0,0,0,0,0
gay45.png,Oye 'wheat' ko Hindi mein kya kehte hain ??? Gayhoon Tu gay hai? ,non-persuassive,None,0,0,0,0,0,0,0,0,0
fiiile36.png,When a relative visits you and gives you money without telling your parents ,persuassive,Slightly Negatively persuasive,0,0,0,0,Irony,0,0,0,0
data9.png,"Mujhe divorce chahiye, mere pati active nahi hai.. Lekin tumhare pati to kabaddi champion hai Yahi to problem hai, sirf touch karke bhag jaate hai ",persuassive,Slightly Negatively persuasive,0,0,0,0,Irony,Analogies,0,0,0
salman149.png,Achha likh leta hai tu.. ,non-persuassive,None,0,0,0,0,Irony,0,0,0,0
data42.png,Muslims after finding out that their phone has 'Ram' but not 'Allah' ,persuassive,Slightly Negatively persuasive,0,0,0,0,Irony,0,Puns_and_wordplay,0,0
salman186.png,Kids will watch race 3 for Salman Men will watch for daisy sham legends will watch for Bobby Deol ,non-persuassive,None,0,0,0,0,0,0,0,0,0
salman249.png,Salman Khan Movies Expectations Reality Tubelight Review. ,persuassive,Slightly Negatively persuasive,0,Hyperboles,0,0,0,0,0,0,0
eng470.png,When my parents ask me about my future plans ,non-persuassive,None,0,0,0,0,0,0,0,0,0
img42.png,Don't marry the guy who could gift you 'iphone' but marry the guy who doesn't expect any 'dowry' & always loves you the way you are ,persuassive,Positively persuasive,0,0,0,0,0,Analogies,0,0,0
romann153.png,"Mitron, Tum log task-task kar rahe the , yahi hai tumhara task.. Lockdown Khatam hone se pahle TikTok Khatam ho jana chahiye...! ",persuassive,Neutral,0,0,0,Alliteration,0,0,0,Satire,0
eng_file110.png,Someone : Pyar se badi koi chiz nhi hoti Me: Paise ka naam suna hai? ,persuassive,Slightly Negatively persuasive,0,0,0,0,0,Analogies,0,0,0
romann151.png,"Friend : So as Console Player, What's the most disppolnted thing you have seen while playing console games me: this Hold to play respects ",non-persuassive,None,0,0,0,0,0,0,0,0,0
eng463.png,Indian wedding groom bridge catering service boys ,persuassive,Slightly Negatively persuasive,0,0,0,0,Irony,0,0,0,0
eng187.png,"When you throw the cold drink bottle away after finishing it, instead of using it for storing water in refrigerator- desi parents be like- tu kya ambont ka baccha hai ?  ",persuassive,Slightly Negatively persuasive,0,0,0,0,Irony,Analogies,0,0,0
romann50.png,site crashed Le Income tax and GST site: Ye toh kuchh bhi nahi hai ,persuassive,Neutral,0,0,Personification,0,0,0,0,0,0
romann108.png,while scrollig I found this meme which I made in february :) I shouldn't have said that *me now I definitely should not have said that we played chine jokes on me ,non-persuassive,None,0,0,0,0,0,0,0,0,0
eng423.png,Drater ke liye gharwalon se 2000 liye yeh mere beimani ki hadd thi Drafter phir nahi kharida yeh mere besharmi ki hadd thi Roll and draw se exam deke ED clear kiya... yeh mere talent ki hadd thi. ,non-persuassive,None,0,0,0,0,0,0,0,0,0
gay29.png,Dadaji aa gaye bottle chhupa bc ,non-persuassive,None,0,0,0,0,0,0,0,0,0
gay124.png,Never send your car to unauthorised repair workship after accident ,non-persuassive,None,0,0,0,0,0,0,0,0,0
eng41.png,Kal PUBG kehelne kyu nhi aya net nahi chal raha tha bhai toh fir Riya ki photo pe ,non-persuassive,None,0,0,0,0,0,0,0,0,0
romann149.png,"Idian dat chinese mom, Indian dad chinese mom 'I'm Indian"" Indian dad chinese mom , I ndian dad malay mom ",persuassive,Slightly Negatively persuasive,0,0,0,0,0,0,0,Satire,0
fille74.png,Sushant Singh Rajput's father files an fir againsts Rhea Chakraborty for abetting the suicide of his son hope that the reason behind the Sushant's death comes out soon. ,non-persuassive,None,0,0,0,0,0,0,0,0,0
eng544.png,I want to play 2019 world cup you can surely play sree but in playstation ,persuassive,Slightly Negatively persuasive,0,0,0,0,Irony,0,0,Satire,0
fiiile35.png,What it's like living with my husband.... ,non-persuassive,None,0,0,0,0,0,0,0,0,0
fiiile14.png,maine kaha tha hum jab bhi sex krenge gullak me 10 ruppee dalenge to phir is me 100 rupee ke 2 note kaise aaye har koi tumhari tarah kanjoos nahi hota. ,persuassive,Slightly Negatively persuasive,0,0,0,0,Irony,0,0,0,Invective
eng398.png,Science students be like who is your favourite badminton player NRT Sindhu..!! sl/vscl It's pv sindhu..!! but sir pv =nrt. ,non-persuassive,None,0,0,0,0,0,0,0,0,0
eng405.png,Me when the doctor tells me that drinking wine ism't considered a fruit diet. whaaaat? ,non-persuassive,None,0,0,0,0,0,0,0,0,0
fille53.png,"""No matter what you achieve, what you want to aspire to be, or how famous and powerful you become, the most important thing is whether you are excited about each and work and people around you."" -Sushant Singh Rajput. ",persuassive,Positively persuasive,0,0,0,0,0,0,0,0,0
gay75.png,No one will marry you if your roti is not round! ,persuassive,Slightly Negatively persuasive,0,0,0,0,Irony,0,0,0,0
eng55.png,Some guys after their first day at the gym- ,non-persuassive,None,0,0,0,0,0,0,0,0,0
eng_file118.png,Hair and make up when your leave home after 5 minutes in a rickshaw ,non-persuassive,None,0,0,0,0,0,0,0,0,0
eng_file14.png,"In bihar , this is called reaching great heights! ",persuassive,Slightly Negatively persuasive,0,0,0,0,0,0,0,Satire,0
rhea59.png,"her past: after getting 15cr: after seeing bublic certiclsm, meanwhile Mahesh Bhatt: Abhi hum zinda hai her present her future. ",persuassive,Neutral,0,0,0,0,0,Analogies,0,Satire,0
salman34.png,"Happy 54th Birthda to Salman Khan Started his career as a background dancer in which he earned rs 75, One of the most stylish handsome & highest paid actors in the world, Donates 70% money to poor for their education, food and treetment , 31 years in Bollywood. 100+ films, 85+ awards, many box office records. ",persuassive,Positively persuasive,0,0,0,0,0,0,0,0,0
ramdev184.png,*Patanajali launched 'coronil' for the treatment of Corona* Students: Are chup ho jao papiyo chup ho jao. ,persuassive,Neutral,0,0,0,0,0,0,0,Satire,0
eng557.png,When a cracker dosen't burst After Lighting it Dhokha Swabhav hai mera ,non-persuassive,None,0,0,0,0,0,0,0,0,0
fiiile30.png,When your out with your mom and your friend of the opposite sex says hi to you. ,non-persuassive,None,0,Hyperboles,0,0,Irony,0,0,0,0
ramdev99.png,"Asif or uske dost Mandir' me ghuske moortiyo pe peshab krte the, paise loot te the, mahilaon ko chhed te the... diye do haath , kya galat kiya? ",persuassive,None,0,0,0,0,Irony,0,0,0,Invective
salman100.png,"Your group has ? Bollywood has Salman Khan, Tollywood has Rana Daggubati , Kollywood has chiyaan Vikram. Your Ground has.? Twitter BLB 247 Snapchat: BELIKEBRO.COM belikebro sarcasm meme follow @be like bro. ",non-persuassive,None,0,0,0,0,0,0,0,0,0
eng_file127.png,Bollywood Logic Usas Tamilish -Hindi While speaking But sings in proper hindi ,persuassive,None,0,0,0,0,Irony,0,0,0,0
romann213.png,PR tested positive for covid Bahut galat hua re deva ,non-persuassive,None,0,0,0,0,0,0,0,0,0
gay55.png,"Steamer:: chockes to death live twitch chat: I dunno man , seems kinda pag to me",persuassive,Negatively persuasive,0,0,0,0,Irony,0,0,0,0
rhea52.png,Me enjoying my friends wedding till people ask me Tumhari kab? ,non-persuassive,None,0,0,0,0,0,0,0,0,0
imggg110.png,Emotional Speech about Kashmiri Pandits ,non-persuassive,None,0,0,0,0,0,0,0,0,0
eng165.png,"Dekh bhai bohut thand hai, aaj nahi nahaunga ",non-persuassive,None,0,0,0,0,0,0,0,0,0
salman102.png,Jacquline: Mujhe apni film me koi role de do le Salman: Pehle tu de ,persuassive,Slightly Negatively persuasive,0,0,0,0,0,0,Puns_and_wordplay,0,0
rhea7.png,me after watching NEWS thers days ,non-persuassive,None,0,0,0,0,0,0,0,0,0
meme_939.png,"Nibba - Mat ro baby , 3 may ko to milna hi hai hamko.. *Modi ji - ",non-persuassive,None,0,0,0,0,0,0,0,0,0
san58.png,Naii 2020,non-persuassive,None,0,0,0,0,0,0,0,0,0
fiiile87.png,Thug Life Pets of Normal people pets of dubai people ,non-persuassive,None,0,0,0,0,0,0,0,0,0
romann165.png,"How many letters are there in english alphabets ? 23 without GST, 26 with GST ! ",non-persuassive,None,0,0,0,0,0,0,0,0,0
romann247.png,"Hello Mr XI, Welcome to India, Hi Mr. Modi how are you? I am told China is very beautiful I have been never been there , Realy let me show you some pics. ",persuassive,Slightly Positively persuasive,0,0,0,0,0,0,0,0,0
salman11.png,"When you watch hindi movie with english subtities this bondage is the bondage of love, its the intercourse of many births. ",persuassive,Neutral,0,0,0,0,Irony,0,Puns_and_wordplay,0,0
romann93.png,"Excuse me bhai sahab, Aap bataooge ki Gujarati Khana kaha milega ",non-persuassive,None,0,0,0,0,0,0,0,Satire,0
romann226.png,GST vs Common Man,non-persuassive,None,0,0,0,0,0,0,0,0,0
meme_795.png,"Samosa Khayega ? Nahi,Aaj Upvas Hai Mera Bhai mere taraf se hai Meethi chatni Dal ke laana ",non-persuassive,None,0,0,0,0,0,0,0,0,0
romann73.png,"Varun : Alia what is GST Alia : good morning, sweet dream, take care. ",non-persuassive,None,0,0,0,0,Irony,0,0,0,0
salman1.png,Mistery solved Salman and his driver found ,non-persuassive,None,0,0,0,0,0,0,0,0,0
romann168.png,GST Government say thanks! ,persuassive,Neutral,0,0,0,0,0,0,0,Satire,0
rhea20.png,"Rhea Chakraborty hires expensive lawyer satish maneshinde who also handled cases of Salman khan and Sanjay dutt. Rhea don't have any movies role, or any kind of business, how she can hire such expensive lawyers? ",persuassive,Neutral,0,0,0,0,Irony,0,0,0,0
meme_611.png,Her Look is more dangerous than Salman Khan's Driving,persuassive,Neutral,0,0,0,0,0,Analogies,0,0,0
eng283.png,10 year challenge with no filter ,persuassive,Negatively persuasive,0,0,0,0,0,0,0,Satire,0
img132.png,Zoom Meetings on Monday Mornings Powercut on Monday Mornigs. ,non-persuassive,None,0,0,0,0,0,0,0,0,0
eng402.png,Jab mai leta tha tu mere upar se kyu gaya ab meri height nahi badhegi ,non-persuassive,None,0,0,0,0,0,0,0,0,0
romann70.png,Heavy rain inderdev also wants to clear his stock before 30th june GST effect. ,persuassive,Neutral,Metaphors,0,0,0,0,0,Puns_and_wordplay,0,0
eng242.png,"LIC Agents ke pass 10 minutes baitho, we yakeen dilwa dega jeene se jyada marne me fayda hai' ",persuassive,Slightly Negatively persuasive,0,Hyperboles,0,0,0,0,0,0,0
img32.png,Sorry babuji 0.8% reh gaye... kyun...? aakhir kiya kami reh gayi thi mere sanskaaron mein? ,persuassive,Neutral,0,0,0,0,Irony,0,0,0,0
imggg22.png,*After studying for 30mins* My Brain to me: Thoda Rest kar lijiye warna Rest in peace ho jayenge,non-persuassive,None,0,0,0,0,0,0,0,0,0
eng54.png,Agar life me apse koi galti ho jaye to 2 min bs 2 min apni akhe bandh kar ke socho ki ilzam pe dalu. ,non-persuassive,None,0,0,0,0,0,0,0,0,0
salman150.png,Shah Rukh Khan had a affair after marriage Aamir Khan Announce his second divorce best is Salman khan forever Single. ,non-persuassive,None,0,0,0,0,0,0,0,0,0
ramdev119.png,"Baba Ramdev launched coronil scientists and WHO: Bhai Bhai Batana, Bhai Batana Please.",persuassive,Neutral,0,0,0,Alliteration,Irony,0,0,Satire,0
romann238.png,"Nenal Needu water Abhjeet is going to bring water for her Ind the meanwhile, Abhil fill, The bestie and gives water for monal Abba, Bhale undi ra mi traingle story. ",non-persuassive,None,0,0,0,0,0,0,0,0,0
eng329.png,Daya Pata lagao ye paper leak kis ne karaye ,non-persuassive,None,0,0,0,0,0,0,0,0,0
eng_file222.png,Me to my bihari friend : Bhai thekua khila yrr My friend Mai jeb me leke thodi ghumta hun ,persuassive,Slightly Negatively persuasive,0,Hyperboles,0,0,0,0,0,0,0
rhea90.png,Me after looking at my bank balance when you fealize it's 4 days to friday. ,non-persuassive,None,0,0,0,0,0,0,0,0,0
eng399.png,Others at 18: me at 18: itni si chatni main 2 somse kahu main. ,non-persuassive,None,0,0,0,0,0,0,0,0,0
exa165.png,"E ji, dekhiye na, ee kya hogaya ",persuassive,Neutral,0,0,0,0,0,0,0,Satire,0
rhea123.png,Lockdown khatm hone ke baad aap utne hi safe hai jitne mithun da cycle ke piche dushman ki goli se ,persuassive,Neutral,0,0,0,0,Irony,Analogies,0,0,0
eng449.png,"Goli marun ya marun line , will you be my valentine? ",non-persuassive,None,0,0,0,0,0,0,0,0,0
eng387.png,When topper cries after getting 99/100 Me: Iske hath me sone ka katora dedo phir bhi ye bheek baangenge. ,non-persuassive,None,0,0,0,0,0,0,0,0,0
romann113.png,Ittu pittu jhim patuta koi sense hai iss baat ki ? humen bahut lag rahi thi uss waqt. ,persuassive,Neutral,0,0,0,0,0,0,0,Satire,0
exa173.png,Whats App/Instagram.FB: We were down for few hours Le Infosys: Ye to kuch bhi nahi hai ,persuassive,Neutral,0,0,Personification,0,0,0,0,0,0
imggg82.png,*After studying for 30 mins* My brain to me: Thoda rest kar lijiye warna rest in peace ho jayenge. ,non-persuassive,None,0,0,0,0,0,0,0,0,0
ramdev164.png,Baba Jiki booti coronil PM-we need a vaccine to eliminate corona virus from our country!! Ramdev Bobx. Hum first Hum first ,persuassive,Neutral,0,0,0,0,0,0,0,Satire,0
eng498.png,Police: Hands -up!! Me :- nahi aap gudgudi karoge police:- ,non-persuassive,None,0,0,0,0,0,0,0,0,0
eng579.png,Ladke wale* Beti tum gaali toh nhi deti ho na? She* Arey vo sab chutiyapa mein bilkul nhi karti ,persuassive,Slightly Negatively persuasive,0,0,0,0,Irony,0,0,0,Invective
imggg45.png,"Students -Aj class cancel kr dijiye Prof,- kyun students-Mirzapur s2 dikha h *Professor Bhosdike ",persuassive,Slightly Negatively persuasive,0,0,0,0,0,0,0,0,Invective
salman70.png,"Salman Khan is true crusader against Nepotism to fight against this evil system, he decided not to have kids. ",persuassive,Neutral,0,0,0,0,0,0,0,Satire,0
eng_file141.png,"I am Actress, Tik- Tok pe video Banati hu.. Accha To fir Main Bhi , Army Mein Hun.. PUBG Khelta hu. ",persuassive,Slightly Negatively persuasive,0,0,0,0,0,Analogies,0,0,0
san164.png,Sanjay Dutt Ranvir Kapoor Scene Comparisoin ,persuassive,Neutral,0,0,0,0,0,Analogies,0,0,0
salman54.png,Bhai suna tujhe jail ho gayi?? aur main yaha tere liye maggi bana raha tha.. maggi banne se pehle aa jaunga pakka promise...,persuassive,Neutral,0,Hyperboles,0,0,Irony,0,0,Satire,0
eng572.png,Assignment kyu nahi kiya? Sorry sir bhul gaya Isme daalna to kabhi nahi bhulte ,persuassive,Negatively persuasive,0,0,0,0,Irony,0,0,0,Invective
eng545.png,Uses tamilish- hindi while speaking but sings in proper hindi ,persuassive,Negatively persuasive,0,0,0,0,Irony,0,0,0,0
eng_file95.png,Sister : aaj khana mai banaungi Dad: Mom: Brothers: Seh lenge thoda ,persuassive,Neutral,0,Hyperboles,0,0,0,0,0,0,0
eng_file189.png,"Bihari nibba starter pack aim gadi ke upar sarkari lal batti to hmra protein hai be , ka bol rha hai , killer look. ",persuassive,Slightly Negatively persuasive,0,0,0,0,0,Analogies,0,0,0
romann71.png,"Apni wife ko GST kaise samjhayen? patni-tum mujhse kitna pyar karte ho ? pati :- 72% patni :- 100% kyon nhi ?? pati : 28% to GST hai na pagli, luxari item par ! ",persuassive,Neutral,0,0,0,0,0,0,0,Satire,0
ramdev68.png,"Baba Ramdev scientist ban ne ka shauk hai? Hain? Scientist ban ne ka shauk hai? Bhai Bhai Batana, Bhai Batana Please. ",persuassive,Neutral,0,0,0,Alliteration,Irony,0,0,Satire,0
data27.png,Girls after cooking something at home during quarantine days to sabko dikhana padega na ,persuassive,Slightly Negatively persuasive,0,Hyperboles,0,0,0,0,0,0,0
san169.png,Asaram Bapu's reaction when he came to know that he and Salman Khan will be in same jail swag se karunga mai tera swagat ,persuassive,Slightly Negatively persuasive,0,0,0,0,0,0,0,Satire,0
imggg19.png,"Every PUBG player be like- Shuru Majburi main kiye the, ab maja aa rha hai... ",non-persuassive,None,0,0,0,0,0,0,0,0,0
rhea137.png,* Rhea Chakraborty allegedly 'not co- operating ' with ED in probe Asaram Bapu: Rhea Aayi kya? ,persuassive,Slightly Negatively persuasive,0,0,0,0,0,0,0,Satire,0
meme_377.png,"Nibba - Mat ro baby , 3 may ko to milna hi hai hamko *Modi Ji ",non-persuassive,None,0,0,0,0,0,0,0,0,0
meme_267.png,"""Khush Naseeb Hain Vo Log Jinki Family Hoti Hain - Prem Ratan Dhan Payo - you Dont Need Enemies When You Have Family - Race -3 Happens Only In Salman Khan's Films ! ",persuassive,Slightly Negatively persuasive,0,0,0,0,0,0,0,Satire,0
salman266.png,Cars flying Useless blasts Script Cringy dialogues East India Comdey Trailor summed up! ,persuassive,Neutral,0,0,Personification,0,0,0,0,0,0
exa222.png,"Most women who gave birth to mughal emperors were of hindu origin (65%) 11 out of 17 emperors had hindu  mohters, while 3 had mothers of Turkic-Mongol origin, 2 had persian mothers, and only 1 (Farrukhsiyar) had a mother of Kashmiri Pandit stock. ",persuassive,Positively persuasive,0,0,0,0,Irony,0,0,0,0
eng330.png,What is it called when your crush has a crash at you? Imagination! ,non-persuassive,None,0,0,0,0,0,0,0,0,0
eng336.png,"Uk desi parents be like beta do you like someone? you can tell me. it's was the 21st century we 're very open - minded. well , there is this one guy... ",persuassive,Slightly Negatively persuasive,0,Hyperboles,0,0,Irony,0,0,0,0
fiiile107.png,"Do din ke bad uski shaadi ho gayi , usko to apun do baje tak piya phir...phir keya hua? phir..phir keya agle din apne mohalle mein JCB aayi.. ",persuassive,Slightly Negatively persuasive,0,0,0,0,0,0,0,0,Invective
romann28.png,"Teacher : useless there are any other questions , you're free to leave kid :' Raises hand* Rest of the class: ",non-persuassive,None,0,0,0,0,0,0,0,0,0
emo69.png,"Beta khana banana seekh lo ka ko saas bolegi, ma ne kuch nahi sikhaya hai. ",persuassive,Slightly Negatively persuasive,0,0,0,0,Irony,0,0,0,0
salman217.png,Is race ka sinandar main hu. ,persuassive,Neutral,0,Hyperboles,0,0,0,0,0,0,0
img120.png,Congress Sanjay Raut Modi ,persuassive,Slightly Negatively persuasive,0,0,Personification,0,0,0,0,Satire,0
eeeng31.png,When he heard GST means #Good AndSimple Tax #gstrollcut #GST Tefied. ,persuassive,Neutral,0,0,0,0,Irony,0,0,Satire,0
rhea60.png,"Bore hore hoge ? chalo thoda hans lo Qurantine day 1, Quarantine day 21.",non-persuassive,None,0,0,0,0,0,0,0,0,0
romann124.png,My friend is the chef at an extermely fancy nyc resturant and this is an order he received today ,non-persuassive,None,0,0,0,0,0,0,0,0,0
data18.png,Duniya Pe hoga mera Raaj Ye toh apna Raju Hai re baba.. ,non-persuassive,None,0,0,0,0,0,0,0,0,0
exa177.png,Manoj Goswami * Second day at gym * Trainer: Paisa Laya? ,non-persuassive,None,0,0,0,0,0,0,0,0,0
eeeng31.png,When he heard GST means #Good AndSimple Tax #gstrollcut #GST Tefied. ,persuassive,Neutral,0,0,0,0,Irony,0,0,Satire,0
eng228.png,Say those 3 magical words and I ll be yours I m rich love you too. ,persuassive,Slightly Negatively persuasive,0,0,0,0,Irony,0,0,0,0
data72.png,After watching #KunalKamraroast Allah maaf kare bahot manhus lag rahe ho mat karo rehne do ,non-persuassive,None,0,0,0,0,0,0,0,0,0
img30.png,Stop giving your daughters to beggars. ,persuassive,Positively persuasive,0,0,0,0,0,0,0,Satire,0
fiiile126.png,When she asks if your have a condom so you flash a chiken flavored top ramen season packet & slide in rao af ,persuassive,Negatively persuasive,0,0,0,0,0,0,0,0,Invective
emo29.png,If you don't study you'll be like him ! Actually I'm a graduate! ,non-persuassive,None,0,0,0,0,0,0,0,0,0
romann23.png,When I open my books before the day of exam my books:- You still remember me..?? ,non-persuassive,None,0,0,0,0,0,0,0,0,0
exa33.png,You Introduced the word 'Intolerance' into Indian Media I'll find ya and Tolerate ya memegenerator.net. ,persuassive,Neutral,0,0,0,0,0,0,0,Satire,0
eng376.png,"Nalayak' class me din bhar ladkiyo ke saath itni baate kyun karta hai...? Madam mai garib hu, net pack nahi hai... ",non-persuassive,None,0,0,0,0,0,0,0,0,0
eeeng8.png,"How many letters are there in english alphabets? 23 Without GST, 16 with GST! ",non-persuassive,Neutral,0,0,0,0,Irony,0,0,0,0
fiiile54.png,This south indian singer sexually harassed by a director in his studio ?? check how she handled ,persuassive,Slightly Negatively persuasive,0,0,0,0,0,0,0,0,Invective
romann141.png,Yahi power mujhe bhi chahiye ,non-persuassive,None,0,0,0,0,0,0,0,0,0
ramdev153.png,"Patanjali launched coronil drug to cure covid 19. *china lag gayi , *scientists & doctors. lag gayi. *Corona lag gayi, *Liberrandus. lag gayi.",persuassive,Neutral,0,0,0,0,0,0,0,Satire,0
imgg26.png,If Kashmir goes will India Survey ,persuassive,Negatively persuasive,0,0,0,0,Irony,0,0,0,0
imggg77.png,"""A person who has never lived in Kashmir has started a fight for Kashmiri Pandits. Suddenly, he has become a displacced person."" ",persuassive,Positively persuasive,0,0,0,0,Irony,0,0,0,0
imggg67.png,Chalo tumhen ek gyan ki baat batate hain ! Abhi na jao chhodkr Ke dil abhi bhara nahi. ,non-persuassive,None,0,0,0,0,0,0,0,0,0
eng305.png,When I win 100 rs. in dream 11... dost bhikhari nahi hai apun. bohot paisa hai apne pass.. ,persuassive,Slightly Negatively persuasive,0,0,0,0,Irony,0,Puns_and_wordplay,0,0
ramdev81.png,Abhi ke abhi ye kachara bori me dalo aur yaha se chalte bano. ,persuassive,Slightly Negatively persuasive,0,0,0,0,Irony,0,0,Satire,0
ramdev159.png,*Modiji to baba Ramdev after he launches the coronil kit- aayeho meri zindgi me tum bahar banke. ,persuassive,Neutral,0,0,0,0,0,0,0,Satire,0
meme_256.png,Two Big Mysteries Of 2015 Why Katappa Killed Baahubali Who Was Driving Salman's Car ,persuassive,Neutral,0,0,0,0,Irony,0,0,0,0
salman31.png,The gap between bhai's hand and her back ,persuassive,Slightly Positively persuasive,0,0,0,0,0,0,0,0,0
salman259.png,I don't know who yur are but I 'll find your and remake your film. ,persuassive,Neutral,0,0,0,0,Irony,0,0,0,0
img32.png,Sorry babuji 0.8% reh gaye... kyun...? aakhir kiya kami reh gayi thi mere sanskaaron mein? ,persuassive,Neutral,0,0,0,0,Irony,0,0,0,0
imggg46.png,Me to after watching # Mirzapur2 Aapse better umeed kiye the hum. ,non-persuassive,None,0,0,0,0,0,0,0,0,0
san92.png,"Bappu, Sanjay Baba phir bahar aa gaye toh main kya nachun. BC ? ",persuassive,Slightly Negatively persuasive,0,0,0,0,0,0,0,Satire,Invective
imgg9.png,You sit on a throne of lies ,non-persuassive,None,0,0,0,0,0,0,0,0,0
img87.png,People who took part in political betting and lost last night Mujhe mera paisa chaiye. ,persuassive,Slightly Negatively persuasive,0,Hyperboles,0,0,0,0,0,0,0
emo35.png,Dekh bhai Maharashtra and Haryana to ho gaya.. ab Jammu-Kashmir ki baari. ,non-persuassive,None,0,0,0,0,0,0,0,0,0
eng380.png,Us pyaaz ko toh pata bhi nahin tha ki wo diya bhi ban sakti thi ,non-persuassive,None,0,0,0,0,0,0,0,0,0
eng403.png,"I love u, kya tum bhi mujhse pyar karti ho ? Apni sakal dekhi hai ha dekhi hai, tabhi to tere pass aaya hun varna deepika padukone ke pass nehi jata. ",non-persuassive,None,0,0,0,0,0,0,0,0,0
img114.png,"Top stories Mumbuai Mirror Sanjay Raut: I believe, Sachin Vaze is a very honest and capable officer ",non-persuassive,None,0,0,0,0,0,0,0,0,0
rhea89.png,Thank you BINOD tum aa gaye... warna ye memers mere peeche he pad gaye the.... -Rhea. ,persuassive,Neutral,0,0,0,0,Irony,0,0,0,0
san154.png,Apun ko kuchh samaj mein nahi aarela hai. ,non-persuassive,None,0,0,0,0,0,0,0,0,0
img145.png,"Types of headaches: Migraine, Hypertension, Stress, Mansukh Hiren murder, Sachin vaze, Ambani Bomb Sacre..",persuassive,Slightly Negatively persuasive,0,Hyperboles,0,0,0,0,0,0,0
fiiile107.png,"Do din ke bad uski shaadi ho gayi , usko to apun do baje tak piya phir...phir keya hua? phir..phir keya agle din apne mohalle mein JCB aayi.. ",persuassive,Slightly Negatively persuasive,0,0,0,0,0,0,0,0,Invective
fiiile101.png,Behti hawa sa tha wo udti patang sa tha wo kahan gay ause dhundho. ,non-persuassive,None,0,0,0,0,0,0,0,0,0
romann12.png,"GST Kya hai ? Good Night, Sweet Dreams, Take Care. ",non-persuassive,None,0,0,0,0,0,0,0,0,0
eng608.png,Kal wo condom tum kitne ka laye the 10 rupaye ka had hoti at yaar mehangai ki jab main school me thi to 3 rupaye ka aata tha. ,persuassive,Slightly Negatively persuasive,0,0,0,0,Irony,0,0,0,0
salman99.png,"3. mera brand name hai, tum nahi bol sakte, 4. Ye zarur petha khaate honge  4. Sun kabeer, nikalte hai ",persuassive,Neutral,0,0,0,0,0,0,0,Satire,0
fiiile104.png,when you're using your phone at night and your mom suddenly enters the room ,non-persuassive,None,0,0,0,0,0,0,0,0,0
salman68.png,Misty solved Salman and his driver found ,non-persuassive,None,0,0,0,0,0,0,0,0,0
imgg22.png,Le my kashmiri pandit friend taking all gas can that comes in his way in his mind : kabhi b bhagna pad sakta h me: but why Bilkul ricks nhi lene ka. ,persuassive,Slightly Negatively persuasive,0,Hyperboles,0,0,Irony,0,0,0,0
exa39.png,India is so Intolerant hum doosre gole par jaa raha hoon ,persuassive,Slightly Negatively persuasive,0,0,0,0,Irony,0,0,0,0
meme_1178.png,"""Oye girlfriend banegi meri ?"" ""nhi mere parents allow nhi karte ye sab"" han bc to mera maa - baap konsa ""ladki patao abhiyan"" chala rahe hain ? ",persuassive,Slightly Negatively persuasive,0,0,0,0,0,0,0,Satire,0
gay42.png,With film offer provider 2007 cubrent situation 2018 now a days most of the fresh male models situation be like. ,non-persuassive,None,0,0,0,0,0,0,0,0,0
salman8.png,Aisi koi. Jagah nahi jahan me gaya nahi Bhai kabhi Sasural gaye ho ? ,persuassive,Neutral,0,0,0,0,Irony,0,0,0,0
romann141.png,Yahi power mujhe bhi chahiye ,non-persuassive,None,0,0,0,0,0,0,0,0,0
eng18.png,School me 3 type ke student hote hai *padhne wale* *Nahi padhne wale* Phir aate hai wo jo pura time yhe sochte rahate hai ki agar school me terrorist aagaye toh sub ko kese bachaunga. ,persuassive,Slightly Negatively persuasive,0,0,0,0,Irony,0,0,0,0
eng58.png,Nibbi : Aaj ghar par hi rehna bahar mat jaana Nibba : corona se dar nahi lagta babnu tumse dur rahne se lagta hai ,non-persuassive,None,0,0,0,0,0,0,0,0,0
img95.png,"""Soul of Balasaheb must be crying"" Shahnawaz Hussain Lashes out at Sanjay Raut for Defending 'free Kashmir' Poster. ",persuassive,Neutral,0,Hyperboles,0,0,0,0,0,0,0
fille31.png,Indian's when someone says they're Also Indian's when someone actor commit's sucide out of depression. ,persuassive,Slightly Negatively persuasive,0,0,0,0,Irony,0,0,0,0
eng467.png,Maut se khel rha hai ye nadan ,persuassive,Neutral,Metaphors,Hyperboles,0,0,0,0,0,0,0
eng47.png,Can't afford tu buy PUBG from steam so I download android emulator on my laptop and download the apk version Improvise Adapt Overcome. Best PUBG Memes 2019 - let's find the best PUBG funny meme - Video... ,persuassive,Slightly Negatively persuasive,0,Hyperboles,0,0,0,0,0,0,0
romann144.png,No animals were hurt in the making of the movie only 800 animators were ,persuassive,Neutral,0,0,0,0,Irony,0,0,0,0
salman27.png,Script Itne bhaari gyaan ki zarurat nahi hai ,non-persuassive,None,0,0,0,0,0,0,0,0,0
san28.png,Woh friendship day par poori gallery upload karna zaruri hai kya ,non-persuassive,None,0,0,0,0,0,0,0,0,0
imggg86.png,"Relatives : Veta tumhare to 10th mei itne ache percent the, 12th mei talent khatam ho gya kya? Me: Talent toh bahot hai par mann nahi kiya. ",non-persuassive,None,0,0,0,0,0,0,0,0,0
romann116.png,"""6 Item or tax 3?? bahut naainsaafi hai ye"" ",non-persuassive,None,0,0,0,0,0,0,0,0,0
imggg113.png,Humare mann mein tumhare liye ijjat aur badh gayi hai ,non-persuassive,None,0,0,0,0,0,0,0,0,0
gay69.png,"Me to sir : Sir , wheat ko hindi mein kya bolte hai? sir : gehu * everyone starts laughing in the class* confused sir to everyone* Aap muskura kyu rehe hai  ",persuassive,Negatively persuasive,0,0,0,0,0,0,Puns_and_wordplay,Satire,0
imggg133.png,Bade fan ho beta ,non-persuassive,None,0,0,0,0,0,0,0,0,0
fiiile64.png,Long distance relationship ,non-persuassive,None,0,0,0,0,0,0,0,0,0
eng_file174.png,"How People think 'Bihar' is How 'Bihar' Actually is Sab sahi chal raha tha, fir ek din... Bcbaba. ",persuassive,Slightly Positively persuasive,0,0,0,0,0,Analogies,0,0,0
meme_1212.png,Aisi madam mili hoti to aaj hum bhi IAS YAS ban gaye hote. ,non-persuassive,None,0,0,0,0,0,0,0,0,0
eng497.png,"I am an actress, Tik - Tok Acha toh phir mai bhi Armay men hu PUBG khelta hu ",persuassive,Slightly Negatively persuasive,0,0,0,0,0,Analogies,0,Satire,0
data10.png,"Teacher. So , There phases of matter are Solid, Liquid and Gas. 1st Benchers: Sir, you forgot the 4th, Last Benchers: Ya Allah isse aage bhi hota hai? ",non-persuassive,None,0,0,0,0,0,0,0,0,0
emo17.png,"Baajh ki nazar , cheeteh ki chaal or mota bhai par kabhi sandeh nahi karte ",persuassive,Neutral,0,0,0,0,0,0,Puns_and_wordplay,Satire,0
img116.png,Idhar aa Marathi tuze CM Dikhata Hoo. ,persuassive,Slightly Negatively persuasive,0,0,0,0,0,0,0,Satire,0
exa135.png,"How subtly hinduphobia is spread by bollywood Aamir Khan Amir Khan's wife scared in secular India , Amir Khan's wife feeling safe in Islamic Turkey. ",persuassive,Negatively persuasive,0,0,0,0,Irony,0,0,Satire,0
eng_file175.png,"Her: I love your accent ,say it again Bihari guy:: Lipistick. ",persuassive,Slightly Negatively persuasive,0,0,0,0,0,Analogies,0,0,0
fille78.png,Bohot maara... dhaga khol diya ,non-persuassive,None,0,0,0,0,0,0,0,0,0
img114.png,"Top stories Mumbuai Mirror Sanjay Raut: I believe, Sachin Vaze is a very honest and capable officer ",non-persuassive,None,0,0,0,0,0,0,0,0,0
salman149.png,Achha likh leta hai tu.. ,non-persuassive,None,0,0,0,0,Irony,0,0,0,0
eng56.png,Me ajay devgan ka sabse bada fan hu... muh me vimal to nahi h tere.... jhootha kahi ka.. ,persuassive,Slightly Negatively persuasive,0,0,0,0,Irony,Analogies,0,0,0
img47.png,Haramkhor Naughty humne apne me mat milayiye hum alag hai ,persuassive,Slightly Negatively persuasive,0,0,Personification,0,0,0,0,0,Invective
eng_file37.png,"Kya aap jante hain muslim kavi raskhan ne kaha tha - jo pashu hon to kaha yasu mereo, charon nit nand ki dhen jangharan, is pankti men sant raskhan kahte hain ki yadi pashu ke rup men mera janm ho to main baba nand ki gayon ke bich men janm lun ! ",persuassive,Positively persuasive,0,0,0,0,0,0,0,0,0
salman132.png,#Rea; Cabomet  Ministry of Road transport ,non-persuassive,None,0,0,0,0,0,0,0,0,0
eeeng20.png,Wife ... How much do u love me? Husband....72% wife...why not 100% ? !! Husband...28% GST on * luxurious items...* #Budget 2017,persuassive,Slightly Negatively persuasive,0,0,0,0,Irony,0,0,0,0
eng209.png,"Hey , what do you do ? ph.D wow ! doctorate? no, pizza home delivery ",persuassive,Neutral,0,0,0,0,Irony,0,0,0,0
eeeng21.png,"GST kya Hai ? Good night sweet dreams, take care ",non-persuassive,None,0,0,0,0,0,0,0,0,0
meme_335.png,Jaha Izzat Nahi Hoti Waha Jana Nahi Chahiye - Chanakya Matlab Aadmi Ab Apne Ghar Bhi Na Jaye.... ,persuassive,Slightly Negatively persuasive,0,Hyperboles,0,0,Irony,0,0,0,0
san163.png,"*90s born kids have seen the retirement of Sachin, Sehwag, Dravid, Ganguly, Laxman, Zaheer, Kumble, Harbhajan, Yuvraj' After Dhoni's Retirement: Ab zinda rehne ke liye bacha hi kya hai ? ",persuassive,Neutral,0,Hyperboles,0,0,0,0,0,0,0
salman238.png,Salman fans before watching Sultan mast move hogi Sultan Maza aayega Salman Fans after watching Sultan Salaa chiken bol k kauwa briyani khilaya. Haha... Sultan isnt upto the mark :P Copy of 7 films : P Salman khan (Y) ,persuassive,Negatively persuasive,0,0,0,0,0,0,0,Satire,Invective
rhea85.png,*his credit card declin* rhea ma'am: ,persuassive,Neutral,0,0,0,0,Irony,0,0,Satire,0
san15.png,Woh modi ji ko kal ko 8 bje hi bhashan dena jaruri hai kya,persuassive,Neutral,0,0,0,0,0,0,0,Satire,0
romann157.png,"What is GST...? Good night, sweet dreams and...? Take care...! ",non-persuassive,None,0,0,0,0,0,0,0,0,0
eng358.png,"If you even cared,you 'd acutally be here! Maaf karna guss3e me main zara idhar udhar bahak jata hoon. ",non-persuassive,None,0,0,0,0,0,0,0,0,0
eng187.png,"When you throw the cold drink bottle away after finishing it, instead of using it for storing water in refrigerator- desi parents be like- tu kya ambont ka baccha hai ?  ",persuassive,Slightly Negatively persuasive,0,0,0,0,Irony,Analogies,0,0,0
salman197.png,The gap between bhai's hand and her back shows respect sallu offers to female fans ,persuassive,Slightly Positively persuasive,0,0,0,0,0,0,0,0,0
eng_file36.png,Reality of Bollywood Starkids Talented Actors. ,persuassive,Slightly Negatively persuasive,0,0,0,0,Irony,0,0,0,0
eng_file209.png,"Wheb you crack an offensive world war 3 joke America, Iran, France, Germany, Japan, Kashmir. ",persuassive,Negatively persuasive,0,0,0,0,0,0,0,Satire,0
romann41.png,Carry's Video deleted by Youtube Memes and fans to Youtube- Oye !! Wapas rakh use This is the right time to react care for carryminati the best. ,persuassive,Slightly Negatively persuasive,0,0,0,0,0,0,0,0,Invective
salman50.png,Salman Khan is the iphone of bollywood. same acting in every movie high market value no improvements and blind fan following ,persuassive,Slightly Negatively persuasive,0,0,0,0,0,Analogies,0,0,0
eng219.png,Girls before & after 21 days lockdown boys before & after 21 days lockdown. ,persuassive,Slightly Negatively persuasive,0,0,0,0,Irony,0,0,0,0
img68.png,Stop giving your daughters to beggars.  stands against dowry. ,persuassive,Positively persuasive,0,0,0,0,0,0,0,Satire,0
data82.png,"Friend:""Tujhe kya lagta hai..Isbaar Bigg boss kaun jeetega?"" Me: 'Hindustani Bhau' Inner Me- Aur kisi ka naam to nahi pata BC! ",non-persuassive,None,0,0,0,0,0,0,0,0,0
eeeng12.png,"What is GST? Earlier you had many "" Girl friends, friends, Half Friends"" Now Only One- ""wife"" Remember all day report everything you do report every details in time *best explanation of GST* ",persuassive,Positively persuasive,0,0,0,0,0,Analogies,0,0,0
meme_372.png,Main Pida hi hot hui thi Gand Nahi Jala Tumhari Maa Ka. ,persuassive,Negatively persuasive,0,0,0,0,Irony,0,0,0,Invective
data65.png,Lays company making chips* chips be like:- Abe mereko to andar lo ,non-persuassive,None,0,0,0,0,0,0,0,0,0
meme_404.png,Hum Bail Le Chuke Sanam ,persuassive,Neutral,0,0,0,0,0,0,Puns_and_wordplay,0,0
eng243.png,Suna hai tune college mein ladki patai hai nehi papa mai yea sab kaam nehi karta mai sirf padhai karta hun toh kab karega BSDK chakka hai kya? ,persuassive,Slightly Negatively persuasive,0,0,0,0,Irony,0,0,0,Invective
romann11.png,Kids love sales tax mens love service tax only legends love GST ,non-persuassive,None,0,0,0,0,0,0,0,0,0
img130.png,"When may relatives visit my home on the day of result... ""Aa gaye meri maut ka tamasha dekhne"" ",non-persuassive,None,0,0,0,0,0,0,0,0,0
salman128.png,"Race 3 crosses 100 crore mark just in 3 days even with flop talk Hindustan ki hawa mein Salman Khan has Saheb, Megaactivity toh faila doge lekin inn collections ko kaise rokoge? ",persuassive,Neutral,0,0,0,0,Irony,0,0,0,0
exa79.png,"This is the worst batch i have ever seen *Andhra, * Kerala * Tamilnadu. ",persuassive,Neutral,0,0,Personification,0,0,0,0,0,0
imggg129.png,Matlab Aisa bilkul immeditae nahi soche hain but.. sochenge. ,non-persuassive,None,0,0,0,0,0,0,0,0,0
gay48.png,Leave no man behind leave no man's behind ,persuassive,Negatively persuasive,0,0,0,0,Irony,0,Puns_and_wordplay,Satire,0
rhea84.png,Sorry babu Sorry babu main tumhe aur ni loot sakti sorry eabu. ,persuassive,Neutral,0,0,0,0,Irony,0,0,0,0
imggg92.png,"Gonna tell my kids: Abey, padai-likhayi mai dhyan lagao. IAS YAS bano.",non-persuassive,None,0,0,0,0,0,0,0,0,0
romann133.png,Thir umpire while making that decision ,persuassive,Neutral,0,0,0,0,Irony,0,0,0,0
san146.png,Matlab Aisa bilkul immediate nahi soche hain but.. sochenge. ,non-persuassive,None,0,0,0,0,0,0,0,0,0
salman276.png,Vivek : mush stay alert now he should be happy for Salman not driving the bike ,persuassive,Neutral,0,0,0,0,0,0,0,Satire,0
san231.png,I don't know whether Sanjay Dutt was right or wrong but I know Ranbir could have other than Ranbir could have done his role so perfectly. ,non-persuassive,None,0,0,0,0,0,0,0,0,0
eeeng16.png,Aadhi zindagi laga di body banne mein... Aaj pata chala body nahi 'Antibody' banani thi. ,persuassive,Neutral,0,0,0,0,0,0,Puns_and_wordplay,0,0
img113.png,"Yogi Adityanath aur Uddhav Thackeray men film city ko lekar vivad jaari, press conference ka CM Youg ne diye Uddhav aur Sanjay Raut ke har saval ka diya karara javab. hum industry ko kahin nahin jaane denge. ",non-persuassive,None,0,0,0,0,0,0,0,0,0
imggg61.png,"bohot bohot dhanyawad , Ab tum jaa sakte ho ",non-persuassive,None,0,0,0,0,0,0,0,0,0
imggg39.png,Chup! ekdam chup rahiye,non-persuassive,None,0,0,0,0,0,0,0,0,0
exa14.png,Please Shweta Aage ki story suna de Shweta ,persuassive,Slightly Negatively persuasive,0,Hyperboles,0,0,Irony,0,0,Satire,0
eng566.png,"2021 Aane  ke baad yadi kisi ne bola "" miss you 2020"" Taange toad di jayengi uski.. ",non-persuassive,None,0,0,0,0,0,0,0,0,0
eng_file233.png,"When its been 20 mins you haven't beaten UP, Bihar niggas 550 good citizen bonus! ",persuassive,Negatively persuasive,0,0,0,0,0,0,0,Satire,0
salman9.png,Bare picture of Salman Khan With his Driver ,persuassive,Neutral,0,0,0,0,Irony,0,0,Satire,0
romann191.png,PM Modi's pariksha pe charcha 2.0 programme ,non-persuassive,None,0,0,0,0,0,0,0,0,0
imggg132.png,Amazon prime whole year- After announcing #Mirzapur2 release date- Chand pe hai apun. ,non-persuassive,None,0,0,0,0,0,0,0,0,0
eeeng2.png,"The Authority for advance rullings (Karnataka bench): ""Paratha is not roti , must be taxed at 18% GST"". *Roti Aisa kya hai usme jo mujhme nahi hai? ",persuassive,Neutral,0,0,Personification,0,0,0,Puns_and_wordplay,Satire,0
img68.png,Stop giving your daughters to beggars.  stands against dowry. ,persuassive,Positively persuasive,0,0,0,0,0,0,0,Satire,0
romann93.png,"Excuse me bhai sahab, Aap bataooge ki Gujarati Khana kaha milega ",non-persuassive,None,0,0,0,0,0,0,0,0,0
fille43.png,"One A female fan tweeted that she got follow request from SSR and got excited but later realised it was not real SSR which made her sad, SSR Noticed the tweet and followed her for real said ""smile now"" ",persuassive,Positively persuasive,0,0,0,0,0,0,0,0,0
exa128.png,Quarantine day 1 Quarantine day 10 ,persuassive,Neutral,0,Hyperboles,0,0,0,0,0,0,0
data80.png,OMG Teach me Indian False There are 14 official Innguages in India and 1652 aloge her none of which are named Indian. ,persuassive,Slightly Negatively persuasive,0,0,0,0,Irony,0,0,Satire,0
data66.png,Muslims after finding out that their phone has 'Ram' but not 'Allah' ,persuassive,Slightly Negatively persuasive,0,0,0,0,Irony,0,Puns_and_wordplay,0,0
ramdev175.png,Ayush ministry asks patanjali to stop advertising until their coronil claim is examined sala jalta hai mujhse ,persuassive,Neutral,0,0,0,0,0,0,0,Satire,0
img76.png,Indian parents after selling their property in order to marry their daughter what did it cost? Every thing. ,persuassive,Negatively persuasive,0,0,0,0,0,0,0,Satire,0
data21.png,When your son's name is Allah Akbar And you lose him at the mall ,non-persuassive,None,0,0,0,0,0,0,0,0,0
eng_file66.png,When a bihari stand near you in metro ,persuassive,Negatively persuasive,0,Hyperboles,0,0,0,0,0,0,Invective
eng615.png,When your best friend throws a water balloon at you Kabhi kabhi aisa kyun hota hai... ki apne paraye ho jaate hain... ,non-persuassive,None,0,Hyperboles,0,0,0,0,0,0,0
romann166.png,"When teacher catches me eating lunch during class and says "" class ke bahar murga ban jao"" Then me indicating towards my classmate: Areye bhi to tha wahan. ",non-persuassive,None,0,0,0,0,0,0,0,0,0
data81.png,When someone replies to me in english me to google translator: padh toh be kaa likha hai ,non-persuassive,None,0,0,0,0,0,0,0,0,0
eng199.png,Savage...! hmm...is it tasty? you wants try? sure: ,non-persuassive,None,0,0,0,0,0,0,0,0,0
eng_file177.png,"GF Banaunga to srif.. A,R or P naam wali ladki ko ",non-persuassive,None,0,0,0,0,0,0,0,0,0
emo21.png,"BJP and NCP form government..""Mean Udhhar Thakrey. ek dum se waqt badal dijiye jazbaat badal diye, zindagi badal di. ",persuassive,Slightly Negatively persuasive,0,0,0,0,0,0,Puns_and_wordplay,Satire,0
fiiile9.png,"*Middle school gym class* ""Hey pass the ball back"" Me: gay fear ",persuassive,Slightly Negatively persuasive,0,0,0,0,0,0,Puns_and_wordplay,0,0
salman286.png,"Divorced , Divorcesd, Divorced, Divorced, Divorced Dekha aapne shaadi karne ka natija ",persuassive,Slightly Negatively persuasive,0,0,0,0,0,Analogies,0,Satire,0
san211.png,Tension kaiko leta hai ?Yele channa kha ,non-persuassive,None,0,0,0,0,0,0,0,0,0
salman96.png,Happy or sad Chal Chal Ave ,non-persuassive,None,0,0,0,0,0,0,0,0,0
san208.png,no Tension apun hai na ! Munna Bhai M.B.B.S. ,non-persuassive,None,0,0,0,0,0,0,0,0,0
rhea75.png,Stepmom of Alia Bhatt ,persuassive,Slightly Negatively persuasive,0,0,0,0,Irony,0,0,0,0
eng399.png,Others at 18: me at 18: itni si chatni main 2 somse kahu main. ,non-persuassive,None,0,0,0,0,0,0,0,0,0
eng274.png,I  Dyrrbi raj my dad is amrish puri. yeah.! wait whai..!!?! ,persuassive,Slightly Negatively persuasive,0,Hyperboles,0,0,Irony,0,0,0,0
eng255.png,Mean while cricket fans tujhme kiss baat ka attitude hai bhai.?,persuassive,Slightly Negatively persuasive,0,0,0,0,Irony,0,0,0,0
emo66.png,*After scolding* Mom : chal ab naraz mat ho khana khale 10y.o.me: Nahi. ,non-persuassive,None,0,0,0,0,0,0,0,0,0
rhea118.png,#Rhea Arrested NCB arrestes Rhea Chakraborty on 3rd day of grilling. LE SSRIANS akhir vo din aa hi gaya. ,persuassive,Neutral,0,Hyperboles,0,0,0,0,0,0,0
salman278.png,Name a friend who is crazy fan of Salman Khan ,non-persuassive,None,0,0,0,0,0,0,0,0,0
salman156.png,"Kids , Adults, Legends.",persuassive,Neutral,0,0,0,0,Irony,0,0,Satire,0
ramdev186.png,"# Baba Ramdev launces # Coronil medicine meanwhile trup: Aise game mai cheating hogi naa, toh mai nhi khelunga ",persuassive,Neutral,0,0,0,0,0,0,0,Satire,0
eng450.png,You're not the guy to make the sacrface play. Everything special about you came outn of a bottle ,non-persuassive,None,0,0,0,0,0,0,0,0,0
gay19.png,Uncle... mai ghar... mei paisa hai gaddi... aap do jooo me ladki one jo .. ladki now kumare.. beta ...haf gun...nai danda ...nhai aari dobara call kiya ot maar lunga tumahra..  ,persuassive,Slightly Negatively persuasive,0,0,0,0,0,0,Puns_and_wordplay,0,Invective
eng_file163.png,Madarchod bhaiyee taka ,persuassive,Slightly Negatively persuasive,0,0,0,0,0,0,0,Satire,Invective
exa183.png,"Kareena Kapoor blessed with a baby boy le karan johar - we will make, kapoor and sons part 20.",persuassive,Neutral,0,0,0,0,0,0,0,Satire,0
salman66.png,Misty solved Salman and his driver found ,non-persuassive,None,0,0,0,0,0,0,0,0,0
ramdev31.png,Pharmaceutical Co. reaction after knowing # patanjali has made the #Coronil kit for treatment of # Corona Virus..!! Yeh Kab hua?? ,persuassive,Neutral,0,0,Personification,0,0,0,0,Satire,0
romann66.png,What is GST ? Good night sweet dreams take care. ,non-persuassive,None,0,0,0,0,Irony,0,0,0,0
salman173.png,Saste painter bhoi what he thinks about himself ! and what everyone thinks about him! ,persuassive,Slightly Negatively persuasive,0,0,0,0,0,0,0,Satire,0
meme_1085.png,Hey Uppar wale 2021 Toh dikha doge na uppar wala Iski guarantee me nahi de sakta ,non-persuassive,None,0,0,0,0,0,0,0,0,0
salman186.png,Kids will watch race 3 for Salman Men will watch for daisy sham legends will watch for Bobby Deol ,non-persuassive,None,0,0,0,0,0,0,0,0,0
salman55.png,* Amaal Mallik trolled Salman bhai fans on Twitter* meanwhile SRK and his fans: ,persuassive,Neutral,0,0,0,0,0,Analogies,0,Satire,0
eng415.png,Tum mera dusman hoo ,non-persuassive,None,0,0,0,0,0,0,0,0,0
romann54.png,Pewdiepie banned in china first time ? huh? ,persuassive,Neutral,0,0,Personification,0,Irony,0,0,0,0
ramdev73.png,Baba Ramdev : Coronil was a Immunity booster not a corona vaccine whoole world: Aapko mazak lag raha hai? ,persuassive,Neutral,0,0,0,0,Irony,0,0,Satire,0
emo2.png,"Gauri khan's film's rule Talk in tamilish hindi , but sing in proper hindi , O bete ki! dimag ka pappu bana diya. Bahbi to taali. ",persuassive,Slightly Negatively persuasive,0,0,0,0,Irony,0,0,0,0
meme_886.png,Today News Chennai mas Student ko thapad Marne par Teacher Par 50 Hazar Ka Jumana.... Backbenchers : Iss Hisab Se to Mere 4- 5 Crore Rupee Dub Gye... ,non-persuassive,None,0,0,0,0,0,0,0,0,0
eng_file96.png,Tony kakkar made world record he used boofy booty word approx 75 times in just 4:16 minutes song ! Song mein se booty nikal do toh kuch nahi bachega ,persuassive,Slightly Negatively persuasive,0,0,0,0,Irony,0,0,0,0
rhea25.png,Rhea Chakrabort And Mahesh Bhaat Epic Meme ,persuassive,Slightly Negatively persuasive,0,0,0,0,0,0,0,Satire,0
romann236.png,How much do you love me??? 78.00% Why not 100% 28% GST on Luxurious Items.! ,persuassive,Slightly Negatively persuasive,0,0,0,0,Irony,0,0,0,0
salman290.png,When has tot his first Ocar. Aisa pehli baar hua hai 18 saalon mein. ,persuassive,Neutral,0,0,0,0,0,0,0,Satire,0
fiiile1.png,oye 'wheat' ko Hindi mein kya kehte hain ???,non-persuassive,None,0,0,0,0,0,0,0,0,0
img43.png,*Dogs barking at night* USA:- They might be hungry India:- Aatma dekh liya hoga ,persuassive,Slightly Negatively persuasive,0,0,0,0,Irony,0,0,0,0
eng495.png,*After seeing my 20 missed calls* tumne call kiya tha...?? nahi 20 baar galti se laggaya tha..!! ,non-persuassive,None,0,0,0,0,0,0,0,0,0
eng620.png,Shopkeepers Science Bhaiya ye thoda tight hai wash k bd loose hoyega bhaiya ye loose hai wash k bd tight hoyega na ,non-persuassive,None,0,0,0,0,0,0,0,0,0
eng567.png,"Aur janab kya chal rha hai? Janab inida me to ""JCB ki khudai"" chal rhi hai ",persuassive,Slightly Negatively persuasive,0,0,0,0,Irony,0,0,0,0
img92.png,"Cabinet Minister, Ministry of Memes in...  Nothng few people who get afraid when people chant jai Shri Ram, ",persuassive,Neutral,0,0,0,0,0,0,0,Satire,0
data69.png,"Government Hospital, Government Schllo, Government Bus, Government Job. ",persuassive,Slightly Negatively persuasive,0,0,0,0,Irony,0,0,Satire,0
imggg23.png,akhnda nepotism saaf karna hai aap chinta mat kijiye hum smbhal lege Bollywood hamare control me hai. ,persuassive,Neutral,0,0,0,0,Irony,0,0,Satire,0
ramdev168.png,Coronavirus treatment: Ramdev's Patanjali launches coronil kit for rs 545 Baba Ramdev to Scientists- Kyu hilaa dala na ,persuassive,Neutral,0,Hyperboles,0,0,0,0,0,Satire,0
eng459.png,Hum koi mandir ka ghanta hain ki koi bhi aake baja jaata hai -Hungama ,non-persuassive,None,0,0,0,0,0,0,0,0,0
eng440.png,pahle me saara din PUBG khelta tha fir ek din mausi ne kaha PUBG uniinstaal kar do mausi ab is duniya me nahi he. ,persuassive,Negatively persuasive,0,0,0,0,Irony,0,0,0,Invective
eeeng36.png,Mubarak ho GST hua hai ,persuassive,Neutral,0,0,Personification,0,0,0,0,0,0
eng_file79.png,Bihari to sapnish people after knowing even they call police as policia are bhaisahab gothra kya hai aapke? ,persuassive,Negatively persuasive,0,0,0,0,0,0,Puns_and_wordplay,Satire,0
salman176.png,Naja ni life gaya oye teri.. meri maut aa gai Bhagggooooooooo!!! ,non-persuassive,None,0,0,0,0,0,0,0,0,0
gay113.png,"When draya comes around I be quiet but when she leave, i be talking again... ",non-persuassive,None,0,0,0,0,0,0,0,0,0
gay106.png,"""Samantha always told herself that she'd never make it to 21. she was right... but he did""",non-persuassive,None,0,0,0,0,0,0,0,0,0
data82.png,"Friend:""Tujhe kya lagta hai..Isbaar Bigg boss kaun jeetega?"" Me: 'Hindustani Bhau' Inner Me- Aur kisi ka naam to nahi pata BC! ",non-persuassive,None,0,0,0,0,0,0,0,0,0
romann73.png,"Varun : Alia what is GST Alia : good morning, sweet dream, take care. ",non-persuassive,None,0,0,0,0,Irony,0,0,0,0
rhea132.png,"Rhea Chakraborty , Papa raakhi aur saaxy punnu Rhea Chakraborty Memes ",persuassive,Negatively persuasive,0,0,0,0,0,0,0,0,Invective
romann14.png,"Aur Batao ! kya tum bhi gst ka matlab G:- Good Night , S:- Sweet Dreams, T :- Take Care samjhe ho ? ",non-persuassive,None,0,0,0,0,0,0,0,0,0
emo13.png,When someone asks #Sanjay Raut where are you 170 MLA's?? Mai jeb me leke thodi na ghumta hun. ,persuassive,Slightly Negatively persuasive,0,0,0,0,0,0,0,Satire,0
salman91.png,I love it' ,persuassive,Neutral,0,0,Personification,0,0,0,0,0,0
rhea111.png,She was also the female lead in Ayushmaan Khurrana's Song Made headlines for controversial pictures with Mahesh Bhatt. ,persuassive,Slightly Negatively persuasive,0,0,0,0,0,0,0,0,Invective
eng424.png,Life mein jab kabhi Aapko financial problem Aati hai tab achanak he Aapko pata chalta hai ki Aapke saare rishtedar sudama hain. ,non-persuassive,None,0,0,0,0,0,0,0,0,0
img21.png,Indina parents after their property in order to marry their daughter what did it cost? Everything- ,persuassive,Negatively persuasive,0,0,0,0,0,0,0,Satire,0
san166.png,Ranbir Kapoor as Sanju BaBa For Upcoming Sanjay Dutt's Biopic ,non-persuassive,None,0,0,0,0,0,0,0,0,0
eng222.png,0,persuassive,Slightly Negatively persuasive,0,0,0,0,0,Analogies,0,0,0
emo66.png,*After scolding* Mom : chal ab naraz mat ho khana khale 10y.o.me: Nahi. ,non-persuassive,None,0,0,0,0,0,0,0,0,0
fiiile42.png,When your out with your mom and your friend of the opposite sex says hi to you. ,non-persuassive,None,0,0,0,0,Irony,0,0,0,0
fiiile103.png,Pakistan right now: Mujhe zimbabwe ke sath khelna hai when you're using your phone at night ,persuassive,Slightly Negatively persuasive,0,Hyperboles,0,0,0,0,0,Satire,0
eng458.png,Purv vidhayak ke putr ki saas ke padosi ka beta ye rishta kya kehlata hai ,persuassive,Slightly Negatively persuasive,0,0,0,0,0,0,0,Satire,0
fille58.png,"A Very happy birthday to Sushant Singh Rajput the way he acted in this scene made everyone emotional in enough, words aren't enough to express the feelings of this scene birthday wishes to #Sushant Singh Rajput. ",non-persuassive,None,0,0,0,0,0,0,0,0,0
salman215.png,"""I will watch dangal first day first show for my langot yaar Aamir Khan"" -Salman Khan amar-prem forever #Deadpool #Troll Bollywood.",persuassive,Slightly Positively persuasive,0,0,0,0,0,0,Puns_and_wordplay,0,0
eng_file21.png,Wait for the twist ,non-persuassive,None,0,0,0,0,0,0,0,0,0
salman142.png,"Salman khant to katrina kaif tum saath ho, ya na ho, kya fark hai? ",persuassive,Slightly Negatively persuasive,0,0,0,0,Irony,0,Puns_and_wordplay,0,0
salman268.png,"Salman Khan is the Iphone of Bollywood. Same acting in every movie. High market value no improvements and blind fan following. Salman Khans ture crusader against Nepotism To fight against this evil system, be decided not to have kids. ",persuassive,Slightly Negatively persuasive,0,0,0,0,0,Analogies,0,0,0
salman30.png,"Diye do haath, kya galat kiya? ",non-persuassive,None,0,0,0,0,0,0,0,0,0
eng292.png,Maa woo rahi aapki bahu tu poore khandaan ki muth marvayega. ,persuassive,Negatively persuasive,0,0,0,0,0,0,0,0,Invective
imggg96.png,Taliban to Other countries who spent 20 years building infrastructure there Bohot Bohot dhanyawad Ab tum jaa sakte ho ,persuassive,Slightly Negatively persuasive,0,0,0,0,0,0,0,0,0
eng227.png,Uski himmat kaise hua mera message seen krke reply nahi kia... ragi's pen ,persuassive,Slightly Negatively persuasive,0,Hyperboles,0,0,0,0,0,0,0
data45.png,"I LL ask you again Sr! did you, or did you not look at my clent and, in a crowded shopping mall , in front of her children, call her, not onece, but three twes...A ""HO""! ",non-persuassive,None,0,0,0,0,0,0,0,0,0
romann131.png,Agar is dfa tum fail huway to mujhe amma mat kehna On rusult ky ahua ,non-persuassive,None,0,0,0,0,0,0,0,0,0
romann171.png,"Aur batao ! kya tum bhi gst ka matlab G:- Good Night, S- Sweet dreams, T- Take care samajhte ho? ",non-persuassive,None,0,0,0,0,0,0,0,0,0
eng390.png,Golgappe khate waqt jab bhaiya end mai sukhi puri dene se mana karde matlab wo to apna haq hai yaar.,non-persuassive,None,0,0,0,0,0,0,0,0,0
salman37.png,Arey... maa ch*di padi hai arey bhai bhai bhai...  Yes I'M Vergin after spending one night in jail with Aasharam. ,persuassive,Slightly Negatively persuasive,0,0,0,0,0,0,0,Satire,Invective
romann48.png,"*Raghunandan aap mujhse kuchh bhi puchh sakte hain* *Acha ek qns haI i bet aap sawal kar sakte* *aisa kya hai aap puch li jiye* *GST ka ful form bta dijiye . * Itna easy qns hai yeh , GST ka matlab good night, sweet dreams take care *Aap rehne dijiye aase nhi ho payega. ",non-persuassive,None,0,0,0,0,0,0,0,0,0
eeeng38.png,You get an award. You get an award. Everyone gets an award. ,persuassive,Slightly Negatively persuasive,0,Hyperboles,0,0,Irony,0,0,0,0
eng_file236.png,tanned . its too hot Bihari: ,persuassive,Slightly Negatively persuasive,0,0,0,0,Irony,0,0,0,0
img159.png,"Sonu Sood is a good actor. there ia a different director for movies, the work he has done is good but there is a possibillity that there is a political director behind it- Sanjay Raut, Shiv Sena. ",persuassive,Negatively persuasive,0,Hyperboles,0,0,Irony,0,0,0,0
eeeng24.png,"Aaj Itne Dino Baad tumhari friend ghar aayi , bohot accha laga jeans pehen lo , payjaame mein tumhari khushi saaf nazar aa rahi hai ",persuassive,Slightly Negatively persuasive,0,Hyperboles,0,0,0,0,0,0,0
salman153.png,Mai aa jaun apnipar ,non-persuassive,None,0,0,0,0,0,0,0,0,0
salman30.png,"Diye do haath, kya galat kiya? ",non-persuassive,None,0,0,0,0,0,0,0,0,0
salman267.png,Mujhe ghar jaana hai ,non-persuassive,None,0,0,0,0,0,0,0,0,0
ramdev65.png,Random guy: main nahi maanta ki coronil se corona theek hoga ,persuassive,Neutral,0,Hyperboles,0,0,0,0,0,Satire,0
eng619.png,Sad kyun ho ? Mere parents mere haat pila karna chahte hai Isme bura ky ahai tum shadi ke layak ho gayi ho. But mujhe pila rang nehi pasand I lov pink Galti ho geyi behen. ,non-persuassive,None,0,0,0,0,0,0,0,0,0
img137.png,"*Feminists Dowry , * feminists Husband properties after divorce. ",persuassive,Negatively persuasive,0,0,0,0,0,0,0,Satire,0
exa15.png,"Isi jagah mera plot hoga Idhar bhi mera plot hoga , Ye meri property, Udhar bhi mera plot, Udhar bhi meri property. ",non-persuassive,None,0,0,0,0,0,0,0,0,0
ramdev76.png,"Covid-19 Drug: Patanjali to Launch Ayurvedic Medicine with the name of ""Coronil"" to treat corona virus infection today This come into picture after patanjali CEO Acharya Balkrishna had claimed that the company has found a cure for covid-19 caused by the SARS-CoV-2.",non-persuassive,None,0,0,0,0,0,0,0,0,0
emo3.png,Mani ni lag raha mera thoda naach ke dikhao na ,non-persuassive,None,0,0,0,0,0,0,0,0,0
data97.png,exactly 10 am aaj... han malum hai.. tera breakup hogaya apne baap ko mat sikha chal ganna gaa aur nikal yaha se ,persuassive,Slightly Negatively persuasive,0,0,0,0,0,0,Puns_and_wordplay,0,0
ramdev201.png,Patanjali annouces mdedicine to cure corona in 14 days Scientists all over the world: gajab bejjati hai yaar. ,persuassive,Neutral,0,0,0,0,0,0,0,Satire,0
romann43.png,14 years old nibbi She : How much do you love me He:82% She: Why not 100% He : 18% GST tax on luxrious items 14 years old nibbi. ,persuassive,Slightly Negatively persuasive,0,0,0,0,Irony,0,0,0,0
romann58.png,"What is GST? Earlier you had many "" Girl friends, friends, Half Friends"" Now Only One- ""wife"" Remember all day report everything you do report every details in time *best explanation of GST* ",persuassive,Positively persuasive,0,0,0,0,0,Analogies,0,0,0
fiiile95.png,man: why are there broken condoms on our couch? woman: would you please call our children by their real names? ,persuassive,Negatively persuasive,0,0,0,0,0,0,0,0,Invective
ramdev94.png,Baba Ramdev After making Coronil ,persuassive,Neutral,0,Hyperboles,0,0,0,0,0,Satire,0
salman6.png,"Salman Khan's Movie Starter Pack Gunda who's actuall a policewala, Super cute actress who is on screen for max 20 mins , Literally the best actors as villains , Mudrdering physics. ",persuassive,Slightly Negatively persuasive,0,0,0,0,Irony,Analogies,0,Satire,0
data51.png,I'm sorry I couldn't hear you over the sound of how deaf I am. ,non-persuassive,None,0,0,0,0,0,0,0,0,0
eng_file146.png,"Birth Anniversary of former prime Minister of India, Atal Bihari Vajpayee ""Victory & Defeat are a part of life which are to be viewed with equanimity"" -Atal Bihari Vajpayee ",persuassive,Slightly Positively persuasive,0,0,0,0,0,0,0,0,0
data53.png,Vi dekh saamne drop gir raha hai. Jaldi chal ye drop hame hi melega. *After 2 minutes* Bhai tu revive matt kar warna tu bhi pela jayega bhaag yahan se ,non-persuassive,None,0,0,0,0,0,0,0,0,0
fiiile85.png,Babny mazaa aaya ki nahi tumko aaya bohot mazaa aaya apna record hai aj tak koi bhi banda complaint leke nahi aaya. ,non-persuassive,None,0,0,0,0,0,0,0,0,0
romann147.png,* In exam of 3 hras* Examiner be like:- jab tak ye khel khatam nahi hoga. appun idhar ich hai ,non-persuassive,None,0,0,0,0,0,0,0,0,0
eng176.png,Duniya pe hoga mera raaj ye to apna rahu hai re baba. ,non-persuassive,None,0,0,0,0,0,0,0,0,0
rhea114.png,*In leaked chat messages Rhea Chakraborty says to her friend that Bhubaneswar has the best weed ever* Bhubaneswarites: jor jor se bolke sabko scheme bata de ,persuassive,Slightly Negatively persuasive,0,0,Personification,0,0,0,0,0,0
salman176.png,Naja ni life gaya oye teri.. meri maut aa gai Bhagggooooooooo!!! ,non-persuassive,None,0,0,0,0,0,0,0,0,0
exa43.png,Ate a whole carton of ICE Cream lactose Intolerant ,non-persuassive,None,0,0,0,0,0,0,0,0,0
romann119.png,25 din me paisa double koi sense hai iss baat ki ? humein bahut lag rahi thi uss waqt ,persuassive,Neutral,0,0,0,0,0,0,0,Satire,0
eng515.png,"While playing holi: how i think, i look like holi hai how i actually look like ",non-persuassive,None,0,0,0,0,0,0,0,0,0
meme_434.png,Arbaaz Khan & Sohail Khan Upload Resume On NAUKARI.COM After Salman Khan Jailed For 5 Years In Blackbuck Paching Case ,persuassive,Slightly Negatively persuasive,0,0,0,0,0,0,0,Satire,0
img94.png,NCP to Shivsena Kaisa laga mera mazak ,non-persuassive,None,0,0,0,0,0,0,0,0,0
data52.png,"Ya Allah isse bhi aage hota hai kya hota hai, tareko pata nahi hai lekin hota hai. ",persuassive,Slightly Negatively persuasive,0,0,0,0,0,0,Puns_and_wordplay,0,0
meme_1090.png,Kaal kyo nhi aaya tha ? JCB ki khoodai dekh rha tha sir. Waah!!!! ,persuassive,Slightly Negatively persuasive,0,0,0,0,Irony,0,0,0,0
gay92.png,Son I have no problem with you being gay but couldn't you have found a nice indian boy? ,persuassive,Negatively persuasive,0,0,0,0,Irony,0,0,0,0
fiiile96.png,Ho sakta hai unhe humse rishta nahi rakhna hai... koi baat nahi humari taraf se bhi koi jabardasti nahi hai,non-persuassive,None,0,0,0,0,0,0,0,0,0
eng522.png,Kam se kam 30 saal ka to time dy ry baba ,non-persuassive,None,0,0,0,0,0,0,0,0,0
eng447.png,Going into exam hall leaving exam hall ,non-persuassive,None,0,0,0,0,0,0,0,0,0
emo59.png,"1. Aadmi train mein badi der se Rahul ke gun ga raha tha. saamane baithe yaatri ne kah diya. ""Bhagvaan kare aapke Rahul jaisa beta mile.' bas tab se vo chup chaap baitha hai. ",persuassive,Slightly Negatively persuasive,0,0,0,0,0,0,0,Satire,0
exa215.png,Palash Jain #Shweta After listening story of Shweta people on zoom call to pandit: ,persuassive,Slightly Negatively persuasive,0,0,0,0,Irony,0,0,Satire,0
fiiile89.png,"January 2019, January 2020",non-persuassive,None,0,0,0,0,0,0,0,0,0
eng380.png,Us pyaaz ko toh pata bhi nahin tha ki wo diya bhi ban sakti thi ,non-persuassive,None,0,0,0,0,0,0,0,0,0
fiiile71.png,#HighOnMX Gf: Baby phone ka password batao. Bf: Nahi bataunga ,non-persuassive,None,0,0,0,0,0,0,0,0,0
eeeng15.png,Jewellery mehengi resturaent me khana mahenga beauty parlor jana mahenga mitronn ! na khud biwi rakhta hu na kisiko rakhne dunga. ,persuassive,Slightly Negatively persuasive,0,0,0,0,Irony,0,Puns_and_wordplay,Satire,0
rhea107.png,Me requesting myself to take shower in winter's: ,non-persuassive,None,0,0,0,0,0,0,0,0,0
imggg79.png,When Mom asks you to Change the Channel as she wants to see Balika Vadhu at the Time of IPL; #Mirzapur2 woh toh nahi ho payega. ,non-persuassive,None,0,0,0,0,0,0,0,0,0
romann59.png,Yahi power mujhe bhi chahiye ,non-persuassive,None,0,0,0,0,0,0,0,0,0
gay57.png,My Son is gay full movie ,non-persuassive,None,0,0,0,0,0,0,0,0,0
salman138.png,Do gaj doori ... vacine bhi zaruri ,persuassive,Neutral,0,0,0,0,0,0,Puns_and_wordplay,0,0
san58.png,Naii 2020,non-persuassive,None,0,0,0,0,0,0,0,0,0
san186.png,Sanju baba when.... #BoycottSadak2 was trending: Sanju Baba when... #Enjoying Sadak 2 was trending Mujhe Drugs Do... Mujhe Drugs do.. Mujhe Drugs Do... Mujhe Drugs do...Drugs Do... Mujhe Drugs do.. Mujhe Drugs Do... Mujhe Drugs do...,persuassive,Slightly Negatively persuasive,0,0,0,0,0,0,0,Satire,0
salman36.png,Shishir Kunwar happy football player favorite player Salman Khan Favorite actor Ronaldo ,persuassive,Neutral,0,0,0,0,Irony,0,0,Satire,0
data55.png,When you overhear your downstairs neighbor talking about astrology ,non-persuassive,None,0,0,0,0,0,0,0,0,0
eng540.png,"Hey waht do u play? Merecaft , You ? Call of duty , and you?, fifa PUBJ. ",non-persuassive,None,0,0,0,0,0,0,0,0,0
rhea65.png,Apna time Aayega? ,non-persuassive,None,0,0,0,0,0,0,0,0,0
san132.png,Sanju baba iss ne apne dimagh ko pareshan nahi kiya true say dutt saab. ,non-persuassive,None,0,0,0,0,0,0,0,0,0
img109.png,Pak is creater of Taliban': Sanjay Raut ,persuassive,Negatively persuasive,0,0,0,0,Irony,0,0,0,0
meme_790.png,Me Encouraging Police For Beating Everyon On Road Khopdi Tod Saale Ka. ,persuassive,Slightly Negatively persuasive,0,0,0,0,Irony,0,0,0,Invective
romann143.png,Ten please keep your long hair don't cut it ,persuassive,Neutral,0,0,0,0,Irony,0,0,0,0
ramdev28.png,"Dhanda karo toh bada karo purushottam bhai, warna mat karo. ",persuassive,Neutral,0,0,0,0,0,0,0,Satire,0
rhea27.png, Before landing After Landing in pechinki. ,persuassive,Negatively persuasive,0,0,0,0,0,Analogies,0,0,Invective
romann111.png,I have an army ,non-persuassive,None,0,0,0,0,0,0,0,0,0
salman179.png,Maarenge bhi hum aur bachaayenge bhi hum Indian moms basically: ,persuassive,Slightly Negatively persuasive,0,0,0,0,Irony,0,0,0,0
salman14.png,Bas aise hi rahna 10 min aur... ,persuassive,Neutral,0,0,0,0,0,0,0,Satire,0
data25.png,exactly 10 am aaj... han malum hai.. tera breakup hogaya apne baap ko mat sikha chal ganna gaa aur nikal yaha se ,persuassive,Slightly Negatively persuasive,0,0,0,0,0,0,Puns_and_wordplay,0,0
romann207.png,"What is GST..? Good night, sweet dreams and..? Take care...! ",non-persuassive,None,0,0,0,0,0,0,0,0,0
fiiile55.png,"When he asks you ""who taught ya that ? "" but it's your first time doing it ",non-persuassive,None,0,0,0,0,Irony,0,0,0,0
emo5.png,If you don't study you'll be like him! Actually I'm a graduate ! ,non-persuassive,None,0,0,0,0,0,0,0,0,0
fiiile27.png,Didi ye log pyaar kyu karte hain batao na plz leh didi ,persuassive,Slightly Negatively persuasive,0,0,0,0,Irony,0,0,0,0
emo33.png,DSLR pics upload krny waalo Adhaar card waali pic to upload kr k dikhaw. ,non-persuassive,None,0,0,0,0,0,0,0,0,0
exa70.png,"Beta tum se na ho payega, Humein Tumhare Lacchan bilkul theek nahin lag rahe hain ",persuassive,Slightly Negatively persuasive,0,0,0,0,0,0,0,Satire,0
eng570.png,We lost everything mere pass ek scheme hai ,non-persuassive,None,0,0,0,0,0,0,0,0,0
eng250.png,Amitabh bachchan : ye raha sawaal aapki screen par 1 crore ke liye ** me takes lifeline phone a friend** me on call: bhai jaldi ye question google kr amitabh: ,non-persuassive,None,0,0,0,0,0,0,0,0,0
romann18.png,Indulge in batts. even If It means catching coronavirus. ,persuassive,Slightly Negatively persuasive,0,0,0,0,Irony,0,0,Satire,0
salman199.png,Salman Ji apka advocate mile tho hum bhi lalit modi ke sath wapas India a jaye?? ,persuassive,Neutral,0,0,0,0,0,0,0,Satire,0
imggg13.png,Hum jayenge final *MI kai kahi nahi jayega. ,non-persuassive,None,0,0,0,0,0,0,0,0,0
img97.png,on your way to Kumon thinking about all the homework you didn't do ,non-persuassive,None,0,0,0,0,0,0,0,0,0
img64.png,When selected candidates go crazy with dowry demands inse haath mein sone ka katora dedo phir bhi ye bheek maangenge. ,persuassive,Neutral,0,Hyperboles,0,0,0,0,0,0,0
img70.png, *Feminist Dowry Husband's property after divorce ,persuassive,Negatively persuasive,0,0,0,0,0,0,0,Satire,0
salman21.png,"Salman Termed Rahman as "" Average"" check how the oscar winner gave him back. ",persuassive,Slightly Negatively persuasive,0,0,0,0,0,0,Puns_and_wordplay,0,0
imgg18.png,Ab 'Rahul Gandhi Ji' fir se kahenge Me ek 'Kashmiri Pandit' Hu Congress Acha toh lagega na ji.. ,persuassive,Neutral,0,0,0,0,Irony,0,0,Satire,0
eng593.png,"Tow people fighting others - please dont fight Me - Khopdi tod, Khopdi tod sale ka ",non-persuassive,None,0,0,0,0,0,0,0,0,0
data6.png,"#Aajse TumharaNaam Hello, Michael Jakson Speaking... ",persuassive,Slightly Negatively persuasive,0,0,0,0,0,0,Puns_and_wordplay,Satire,0
eng_file48.png,desi families say their goodbyes and then stand around talking for 30-45 more minutes ,persuassive,Neutral,0,0,0,0,Irony,0,0,0,0
meme_674.png,"What If Digvijay Singh, Manish Tiwari And Manishankar Ayyar Are Actually Rss Members And They Re Making Congress Look Like Idiots On Purpose. ",persuassive,Slightly Negatively persuasive,0,0,0,0,0,0,0,Satire,0
romann48.png,"*Raghunandan aap mujhse kuchh bhi puchh sakte hain* *Acha ek qns haI i bet aap sawal kar sakte* *aisa kya hai aap puch li jiye* *GST ka ful form bta dijiye . * Itna easy qns hai yeh , GST ka matlab good night, sweet dreams take care *Aap rehne dijiye aase nhi ho payega. ",non-persuassive,None,0,0,0,0,0,0,0,0,0
imggg72.png,Nasseruddin Shah Actor It will be very dificult to capture this dijinn. ,non-persuassive,None,0,0,0,0,0,0,0,0,0
img90.png,"Police have arrested a woman for allegedly posing as a man and marrying two woman for getting dowry in Nainital The woman created as account on facebook in the name of Krishna Sen in 2013, chatted with several women, and enticed then to marry her. She also beat one of the wives for dowry. ",persuassive,Negatively persuasive,0,0,0,0,Irony,0,0,0,0
img128.png,Bringing into the notice of Independent and Autonomous Election Commission of India ,persuassive,Slightly Positively persuasive,0,0,0,0,Irony,0,0,0,0
romann80.png,"Well, I'm asking you, condie. who is leading china ? ",non-persuassive,None,0,0,0,0,0,0,0,0,0
san231.png,I don't know whether Sanjay Dutt was right or wrong but I know Ranbir could have other than Ranbir could have done his role so perfectly. ,non-persuassive,None,0,0,0,0,0,0,0,0,0
eng177.png,We lost every thing mere pass ek scheme hai ,non-persuassive,None,0,0,0,0,0,0,0,0,0
eng_file46.png,When mom says Relatives want to talk with you ,persuassive,Neutral,0,0,0,0,Irony,0,0,0,0
eng519.png,"Sniper,- bhai Aaj Apsara Mili thi tushar:- Kaun Apsara Sniper:- Aapsara extra dark pencil ",non-persuassive,None,0,0,0,0,0,0,0,0,0
salman154.png,"""Chachu chhoot gaye!"" Taimur gets excited after Salman Khan's bail. ",persuassive,Neutral,0,0,0,0,Irony,0,0,Satire,0
eng_file3.png,language was invented in 3100Bc people before 3100Bc: ,persuassive,Neutral,0,0,0,0,Irony,0,0,0,0
eng_file122.png,Hair and make up when your leave home after 5 minutes in a rickshaw ,non-persuassive,None,0,0,0,0,0,0,0,0,0
eng254.png,Mahenga bhut mahenga are betichod ,persuassive,Slightly Negatively persuasive,0,0,0,0,Irony,0,0,Satire,Invective
salman2.png,I'm virgin Me too Same here They are telling truth ,persuassive,Negatively persuasive,0,0,0,0,0,0,0,Satire,0
meme_408.png,Ye India Hai Mere Bhai Yaha Top Koi Ek Karta Hai Gaaliya Lakho Khate Hai ,persuassive,Slightly Negatively persuasive,0,0,0,0,Irony,0,0,0,0
eng158.png,My friend :- khushi yaar result aane wala hain apna is baar to marr hi gye... yaar kya kre. me:- ab under ground hone ka samay aa gya h. ,persuassive,Slightly Negatively persuasive,0,Hyperboles,0,0,0,0,0,0,0
meme_387.png,"Bollywood has Salman Khan , Tollywood has Rana Daggubati , Kollywood has Chiyaan Vikram ",non-persuassive,None,0,0,0,0,0,0,0,0,0
eng395.png,"Funnest memes on internet that went viral removes must mein itna mat soch wife fails to jata hoon , jail mein ",persuassive,Neutral,0,0,0,0,0,0,0,Satire,0
data98.png,When my best friend purposes his crush. Me: Shabash kachra shabash ,non-persuassive,None,0,0,0,0,0,0,0,0,0
img118.png,"Come be naughty naughty with me Im horny , 6 days in chastity. ",persuassive,Negatively persuasive,0,0,0,0,0,0,0,0,Invective
rhea43.png,Le babu bhaiya after #sorry babu Chya maayla..babu bhaiya se derect babu. ,persuassive,Slightly Negatively persuasive,0,0,0,0,0,0,0,Satire,Invective
eng443.png,Online Shopping ordered delivered. ,persuassive,Neutral,0,0,0,0,Irony,0,0,0,0
salman164.png,Dear haters who are questioning his acting.. first try to give this look in front of camera & 30-40 crew members Then we will have a debate on acting. ,persuassive,Slightly Positively persuasive,0,Hyperboles,0,0,0,0,0,0,0
fille42.png,That's the problem with new artists. they start but never finish then threre's Rajni sir. he starts one task but finishes two. ,persuassive,Neutral,0,0,0,0,Irony,0,0,Satire,0
rhea121.png,"Desh bada raha hai DDLJ in 1995, Sadma in 1983, Jalebi in 2018 Aage badh raha hai ",persuassive,Slightly Negatively persuasive,0,0,0,0,Irony,0,0,0,0
imggg122.png,When someone Insults my best frient in front of me Ch*tiya hai yeh important nhi hai... Hamara ladka hai yeh important hai. ,persuassive,Neutral,0,0,0,0,Irony,0,0,0,Invective
fiiile104.png,when you're using your phone at night and your mom suddenly enters the room ,non-persuassive,None,0,0,0,0,0,0,0,0,0
meme_378.png,"They Call Him Eid Made Star Highest Grosser of Eid -BB , Highest Grosser Of Diwali - PRDP 2nd Highest Grosser Of Christmas - T2H, Admit it or die bollywood have 3 biggest superstar - Salman Khan , Content. EDX",persuassive,Positively persuasive,0,0,0,0,0,0,0,0,0
romann130.png,"Look ! a ca student oye GST, GST, GST ",persuassive,Neutral,0,0,0,Alliteration,0,0,0,Satire,0
data43.png,When you kill more enemey than your friend who is expert in PUBG.. Jali na? Teri jali na? ,non-persuassive,None,0,0,0,0,0,0,0,0,0
rhea95.png,Love marriage Arranged Marriage. ,persuassive,Negatively persuasive,0,0,0,0,0,Analogies,0,Satire,0
san232.png,"After watching Ranbir's acting in Sanju Trailer Sanju Baba Be like- Mamu , tu toh apun se bhi aage nikal gaya! ",non-persuassive,None,0,0,0,0,0,0,0,0,0
romann85.png,Chinese precident has finally spoken on corona virus. He said that tao shin tawo corona toshin pang chao tao tin. Tao chun 5G pong tou amu suan sun sian e tu muoa. So what's your opinion??? ,persuassive,Negatively persuasive,0,0,0,0,0,0,0,0,Invective
meme_358.png,"Pehle Shadi Mein Dulhan Ki Tarah Sirf Dulhan Taiyar Hoti Thi Ab Photo Upload Ke Chakkar Mein Sari Jirls "" Dulhan"" Ki Tarah Taiyar Hoti Hai ",persuassive,Slightly Negatively persuasive,0,Hyperboles,0,0,0,0,0,0,0
salman264.png,"Troll Bollywood Memes Salman Supporting ""Dear Zindagi"" Enjoy # Dear Zindagi on anti obesity day I am in! are you? B wise 2B healthy and wealthy Salman Khan. ",persuassive,Slightly Positively persuasive,0,0,0,0,0,0,0,0,0
gay56.png,Selfie while driving so gay haindi naman siguro. CTTO #NK Pinas ,non-persuassive,None,0,0,0,0,0,0,0,0,0
romann222.png,Middle class people after seeing budget Are Chuna Laga gaya re. ,persuassive,Neutral,0,0,0,0,0,0,0,Satire,0
fiiile100.png,Saddest picture on internet today ,non-persuassive,None,0,0,0,0,0,0,0,0,0
meme_1219.png,"Aise kaise bhenchod Salman Khan memes went viral after salman khan gets bail, Salman... ",persuassive,Negatively persuasive,0,0,0,0,0,0,0,0,Invective
data86.png,"Aladin When it comes to jugaad, no one can touch Indian Moms. #Respect",non-persuassive,None,0,0,0,0,0,0,0,0,0
eng31.png,Ma kasam maar dalunga ! ,persuassive,Negatively persuasive,0,0,0,0,0,0,0,0,Invective
meme_454.png,"Smosha khayega ? Nahi , Aaj Upvas Hai Mera Bhai mere taraf se hai Meethi chatni Dal ke laana ",non-persuassive,None,0,0,0,0,0,0,0,0,0
rhea55.png,How is started. How is ended. ,persuassive,Neutral,0,0,0,0,0,0,0,Satire,0
salman200.png,SRK fan : Salman ko kabhi bail nahi milegi Salman Zindagi mein teen chiz kabhi understimate nahi karte... lme...myself. ,persuassive,Slightly Negatively persuasive,0,0,0,0,0,0,Puns_and_wordplay,0,0
eng491.png,Advantage of having a best friend *Aapko apne Aaspass jaanwaro ki kami meehsoos nahi hogi* ,non-persuassive,None,0,0,0,0,0,0,0,0,0
fiiile96.png,Ho sakta hai unhe humse rishta nahi rakhna hai... koi baat nahi humari taraf se bhi koi jabardasti nahi hai,non-persuassive,None,0,0,0,0,0,0,0,0,0
img11.png,hara*khor ladki naughty,persuassive,Negatively persuasive,0,0,0,0,0,0,0,Satire,Invective
san238.png,UP Police media Han apun ne check kiya jo ukhadna hai ukhad lo. ,persuassive,Negatively persuasive,0,Hyperboles,Personification,0,0,0,0,Satire,0
fiiile54.png,This south indian singer sexually harassed by a director in his studio ?? check how she handled ,persuassive,Slightly Negatively persuasive,0,0,0,0,0,0,0,0,Invective
salman52.png,#NAME?,non-persuassive,None,0,0,0,0,0,0,0,0,0
imggg75.png,*12 years old boy* Ye masturbation kya hota haii- Me- View Tweet activity. ,persuassive,Negatively persuasive,0,Hyperboles,0,0,0,0,0,0,0
imggg145.png,When Mom asks you to Change the channel as she wants to see balika badhu at the time of IPL- #Mirzapur2 Woh toh nahi ho payega. ,non-persuassive,None,0,0,0,0,0,0,0,0,0
romann57.png,Jewellery mehengi resturaent me khana mahenga beauty parlor jana mahenga mitronn ! na khud biwi rakhta hu na kisiko rakhne dunga. ,persuassive,Slightly Negatively persuasive,0,0,0,0,Irony,0,Puns_and_wordplay,Satire,0
salman64.png,"Yuzi chahal hi katrina mam, Hanuma_quibrim lovel Salman bhai to yuzi- Aja tujhe driving sikhata hu ",persuassive,Slightly Negatively persuasive,0,0,0,0,0,0,0,Satire,0
img109.png,Pak is creater of Taliban': Sanjay Raut ,persuassive,Negatively persuasive,0,0,0,0,Irony,0,0,0,0
fiiile61.png,Like a good neighbor stay over threre ,non-persuassive,None,0,0,0,0,0,0,0,0,0
imggg114.png,Prime Minister Mr. Narendra Modi- lead grovernment's move of abrogation of Article 370 & 35 A from valley. ,non-persuassive,None,0,0,0,0,0,0,0,0,0
img52.png,Porn industry is down because BJP MLAs are not attending assembly ,persuassive,Slightly Negatively persuasive,0,0,0,0,Irony,0,0,Satire,0
romann198.png,""" Chehra koi nahi dekhta, dil accha hona chahiye"" koi sense hai is baat ko? hume bahot lag rahi thi uss time ",non-persuassive,None,0,0,0,0,0,0,0,0,0
san80.png,Us din mutth mar leta ,persuassive,Negatively persuasive,0,0,0,0,0,0,0,0,Invective
fiiile109.png,"Can dogs be gay? sorry hun, I'm not interested. ",non-persuassive,None,0,0,0,0,0,0,0,0,0
eng26.png,*Bhai move on kar le* *Kabir Singh*:- *We don't do that here* ,persuassive,Slightly Negatively persuasive,0,0,0,0,Irony,0,0,0,0
fiiile101.png,Behti hawa sa tha wo udti patang sa tha wo kahan gay ause dhundho. ,non-persuassive,None,0,0,0,0,0,0,0,0,0
img153.png,Lands in Soup ,persuassive,Neutral,0,0,0,0,0,0,0,Satire,0
eng607.png,"Tumhara dil sach mein bahot soft hai BSDK, Woh dil nahi hai ",persuassive,Negatively persuasive,0,0,0,0,0,0,0,0,Invective
romann196.png,Jin whatsapp group ka daily turnover 20 messages se adhik hai. ve sabhi july 1 se GST k daire mein mane jaenge!! ,non-persuassive,None,0,0,0,0,0,0,0,0,0
eng606.png,"Din me neend mere pichhe... Aur raat me mai, neend ke pichhe... too much fun..! ",non-persuassive,None,0,0,0,0,0,0,0,0,0
salman10.png,Proof that Salman was behind the wheel ,non-persuassive,None,0,0,0,0,0,0,0,0,0
salman171.png,Salman Khan Fans Reaction from Getting Arrested to Getting Bail in 2 Days ,persuassive,Neutral,0,0,0,0,Irony,0,0,0,0
rhea41.png,*NCB tu sumon deepika padukone this week in bollywood drug probe* Rhea waiting for deepika like: ,persuassive,Neutral,0,0,0,0,0,0,0,Satire,0
eng369.png,"Ek taraf se aaloo dalung, dusri taraf se sona nikalega! mere pass aisa koi gadget nhi hai Rahul... Doraemon Please!!. ",persuassive,Slightly Negatively persuasive,0,0,0,0,0,0,0,Satire,0
romann66.png,What is GST ? Good night sweet dreams take care. ,non-persuassive,None,0,0,0,0,Irony,0,0,0,0
fiiile87.png,Thug Life Pets of Normal people pets of dubai people ,non-persuassive,None,0,0,0,0,0,0,0,0,0
fiiile122.png,She: Khao meri qasam cigrette nehi piyo gay. Me: Ok babe promise nehi piu ga. *After break - up in front of her campus* ,persuassive,Negatively persuasive,0,0,0,0,Irony,0,0,0,Invective
eng190.png,Kal se life first and office second kha meri kasam? mar jayega tu ,persuassive,Slightly Negatively persuasive,0,Hyperboles,0,0,0,0,0,0,0
fiiile107.png,"Do din ke bad uski shaadi ho gayi , usko to apun do baje tak piya phir...phir keya hua? phir..phir keya agle din apne mohalle mein JCB aayi.. ",persuassive,Negatively persuasive,0,0,0,0,0,0,0,0,Invective
eng502.png,Lagta hai celebrities ke pandit shaadi mein mantra nahi memes pdhte hain ,persuassive,Slightly Negatively persuasive,0,0,0,0,0,0,0,Satire,0
eng517.png,"Exam kab se hai? kyun , aap de kar aaoge kya? ",non-persuassive,None,0,0,0,0,0,0,0,0,0
ramdev149.png,"Bhai pata hai Baba Ramdev pr case hogya coronil ko lekr bhakt friend- mai nahi maanta meanwhile me* Mat maan, maa chuda ",persuassive,Neutral,0,0,0,0,0,0,0,Satire,0
romann138.png,Jo main padhta hoo wo exam main nahi aata hai aur jo main nahi padhta hoon wo definitlely aata hai ,non-persuassive,None,0,0,0,0,0,0,0,0,0
salman70.png,"Salman Khan is true crusader against Nepotism to fight against this evil system, he decided not to have kids. ",persuassive,Neutral,0,0,0,0,0,0,0,Satire,0
romann108.png,while scrollig I found this meme which I made in february :) I shouldn't have said that *me now I definitely should not have said that we played chine jokes on me ,non-persuassive,None,0,0,0,0,0,0,0,0,0
data41.png,When your son's name is Allah Akbar And you lose him at the mall ,non-persuassive,None,0,0,0,0,0,0,0,0,0
img42.png,Don't marry the guy who could gift you 'iphone' but marry the guy who doesn't expect any 'dowry' & always loves you the way you are ,persuassive,Positively persuasive,0,0,0,0,0,Analogies,0,0,0
exa195.png,Yeh bol rha hai thode se democrates khareed ke trump ki sarkar banwa dete hai. ,persuassive,Neutral,0,0,0,0,0,0,0,Satire,0
romann48.png,"*Raghunandan aap mujhse kuchh bhi puchh sakte hain* *Acha ek qns haI i bet aap sawal kar sakte* *aisa kya hai aap puch li jiye* *GST ka ful form bta dijiye . * Itna easy qns hai yeh , GST ka matlab good night, sweet dreams take care *Aap rehne dijiye aase nhi ho payega. ",non-persuassive,None,0,0,0,0,0,0,0,0,0
imggg90.png,This scene has separate fan base Chutiya hai yeh important nahi h hamara ladka hai yeh important hai ,persuassive,Neutral,0,0,0,0,Irony,0,0,0,Invective
eng_file113.png,He :- Itna late reply She:- Are yaar type ki thi send karna bhul gayi He:- Tu banaygi toh ullu banjaunga ,persuassive,Slightly Negatively persuasive,0,0,0,0,0,Analogies,Puns_and_wordplay,0,0
romann182.png,"Kya soch kar aaye the ? ke saheb 15 lakh degaa sabaasi dega? kyon? ab tu de.. GST de!!"" ",non-persuassive,None,0,0,0,0,0,0,0,0,0
eng217.png,When tiktok users join meme community and see memes on them bas yahi aukat he ham logon ka ,persuassive,Slightly Negatively persuasive,0,Hyperboles,0,0,0,0,0,0,0
gay116.png,The hardest part of vaping is telling your parents your are gay ,persuassive,Negatively persuasive,0,0,0,0,0,0,0,0,Invective
romann116.png,"""6 Item or tax 3?? bahut naainsaafi hai ye"" ",non-persuassive,None,0,0,0,0,0,0,0,0,0
fiiile97.png,2 mins of silence for those 13-17 years girls who think their boyfriends will marry them ,persuassive,Slightly Negatively persuasive,0,0,0,0,Irony,0,0,0,0
meme_746.png,"Pahle me saara din PUBG khelta tha , fir ek din mausi ne kaha PUBG uninstaal kar do, mausi ab is duniya me nahi he ",non-persuassive,Negatively persuasive,0,0,0,0,Irony,0,0,0,0
san126.png,Wo modern Indian shaadiyo mein sabka sunglass aur auraton ka bhi pagdi pehena jaroori hai kya? ,persuassive,Slightly Negatively persuasive,0,0,0,0,Irony,0,0,0,0
fiiile24.png,"*Are you SURE you're gay!* 'is that a coshume?"" *Do you want to charge your garder?' ",persuassive,Negatively persuasive,0,0,0,0,0,0,0,0,Invective
exa180.png,"BJP's Jana raksha yatra travels through communist villages, and at the end. *Amit Shah Wha... ",persuassive,Slightly Positively persuasive,0,0,0,0,0,0,0,Satire,0
imggg136.png,Boss :- What's your plan for the next month ? Le project manager:- Matlab Aisa bilkul immediate nahi soche hain but.. sochenge. ,non-persuassive,None,0,0,0,0,0,0,0,0,0
eng_file159.png,When she says egyarah instead of gyarah Oo ladki bihar di aa ,persuassive,Slightly Negatively persuasive,0,0,0,0,0,0,0,Satire,0
eeeng18.png,ye bhed bhav kyu? ,persuassive,Neutral,0,Hyperboles,0,0,Irony,0,0,0,0
eng349.png,Jab bhi mai ghar me akela reheta hu.. sala har aavaj bhoot ki lagti hai... ,persuassive,Slightly Negatively persuasive,0,Hyperboles,0,0,0,0,0,0,Invective
img146.png,"Ab shaadiyon mein aeise gaane bajenge 'Babul se Vaccine leti jaa, jaa tujhko corona mukt parivar mile' ",non-persuassive,None,0,0,0,0,0,0,0,0,0
san152.png,"Haan thoda dard hua, par chalta hai ",non-persuassive,None,0,0,0,0,0,0,0,0,0
eng273.png,Foreign Serial' I love semebody else lets break up its ok enjoy your life. *Indian Serial* aaj meri dost pooja ka phone aya tha kya ! kya ! kya dhoom tana nana aaaa ree gaaa maa dhoom tana nana.,persuassive,Negatively persuasive,0,Hyperboles,0,Alliteration,Irony,0,0,0,0
meme_944.png,"Somasa Khayega ? Nahi, Aaj Upvas Hai Mera Bhai mere taraf se hai Meethi chatni Dal ke laana. ",non-persuassive,None,0,0,0,0,0,0,0,0,0
romann55.png,"Business, When they lose Input tax credit Galti kiye ",non-persuassive,None,0,0,0,0,0,0,0,0,0
img100.png,Zinda Pakadna hai Bhosdiwalo ko! ,persuassive,Neutral,0,0,0,0,0,0,0,0,Invective
salman46.png,Salman and Jacqueline in back seat after switching autopilot mode in Tesla Car Aaj doggy style me karenge ,persuassive,Negatively persuasive,0,0,0,0,0,0,0,Satire,Invective
eng_file25.png,I have more fans than Alia I have an AC ,persuassive,Slightly Negatively persuasive,0,0,0,0,0,0,Puns_and_wordplay,Satire,0
eng_file59.png,"""Do you wear hijab in the shower?"" Yes. Yes i do.I use hijab & shoulders to keep it shiny and dandruff free too. ",persuassive,Slightly Negatively persuasive,0,0,0,0,0,0,Puns_and_wordplay,0,0
fille60.png,Actors like Sushant Singh Rajput Prove Bollywood's future is in safe hands ,non-persuassive,None,0,0,0,0,0,0,0,0,0
san66.png,Radhe Maa on Shadi.com Radhe Ma on Tinder ,persuassive,Negatively persuasive,0,0,0,0,Irony,0,0,Satire,0
fille15.png,"Reportedly, the pet dog of Sushant singh Rajput called ""Fudge"" is being seen roaming in his house looking for the owner days are absolute love. may god give strenght to this beautiful soul.",persuassive,Positively persuasive,0,0,0,0,0,0,0,0,0
eng256.png,What is our qualification ? MBBS wow ! you're a doctor Member of back bencher students ,non-persuassive,None,0,0,0,0,0,0,0,0,0
rhea20.png,"Rhea Chakraborty hires expensive lawyer satish maneshinde who also handled cases of Salman khan and Sanjay dutt. Rhea don't have any movies role, or any kind of business, how she can hire such expensive lawyers? ",persuassive,Neutral,0,0,0,0,Irony,0,0,0,0
san168.png,"When you forget your bae's birthday le mark zuckerberg* Tension nahi leking, Apun hai na ",persuassive,Neutral,0,0,0,0,0,0,0,Satire,0
data41.png,When your son's name is Allah Akbar And you lose him at the mall ,non-persuassive,None,0,0,0,0,0,0,0,0,0
eng_file168.png,"That moment when others did paid marketing to win elections but you made yourself a meme: RJD's Anant Singh retains seat by margin of 37,757 votes in Mokama, Bihar. ",persuassive,Slightly Negatively persuasive,0,0,0,0,Irony,0,0,Satire,0
ramdev125.png,"Everyone to shweta when she said""aur wo ladka pandit tha"" *Shweta Bhai bata na aage kya hua, please bhai.",persuassive,Slightly Negatively persuasive,0,Hyperboles,0,0,Irony,0,0,Satire,0
romann173.png,When I open my books before the day of exam my books:- you still remember me?? ,non-persuassive,None,0,0,0,0,0,0,0,0,0
exa227.png,Correct selection of #Shweta after the pandit guy find out all his secrets are that guy Shweta ,persuassive,Neutral,0,Hyperboles,0,0,0,0,0,Satire,0
san214.png,Raam Raam Japna Paraya Maal Apna!! ,persuassive,Negatively persuasive,0,0,0,0,Irony,0,Puns_and_wordplay,Satire,0
fiiile38.png,"January 2019, January 2020",non-persuassive,None,0,0,Personification,0,0,0,0,0,0
salman247.png,bezzati ,non-persuassive,None,0,0,0,0,0,0,0,0,0
gay116.png,The hardest part of vaping is telling your parents your are gay ,persuassive,Negatively persuasive,0,0,0,0,0,0,0,0,Invective
ramdev130.png,"Ptanjali : WHO certified Coronil WHO : What? patanjali: We said, ""Who Certified Coronil?"" Scientist ban ne ka shauk hai? Hain? Scientist ban ne ka shauk hai? ",persuassive,Neutral,0,Hyperboles,0,0,0,0,0,Satire,0
romann91.png,Chinese precident has finally spoken on corona virus. He said that tao shin tawo corona toshin pang chao tao tin. Tao chun 5G pong tou amu suan sun sian e tu muoa. ,persuassive,Negatively persuasive,0,0,0,0,0,0,0,0,Invective
exa103.png,What I followed Islam What I expected a stable and prosperous society with high morals what I got ,persuassive,Negatively persuasive,0,0,0,0,0,Analogies,0,Satire,0
fiiile92.png,Reply nahi karna toh message bhi seen mat kiya karo Zyada bezzati feel hoti hai ,non-persuassive,None,0,0,0,0,0,0,0,0,0
data62.png,"When you see photos of yourself from 5 years ago oh honey, no, what were you thinkin. ",non-persuassive,None,0,0,0,0,0,0,0,0,0
gay98.png,Parents:*senda son away to an only - boys school* The son who is gay: ,persuassive,Negatively persuasive,0,0,0,0,Irony,0,0,0,0
exa19.png,Quarantine day 1 Quarantine day 10 ,persuassive,Neutral,0,Hyperboles,0,0,0,0,0,0,0
img82.png,When science students says-Accounts mei to sirf balance sheet match krni hoti hai. Le Commercians. Chuuuuuupp.. Chup ho ja satvifail. ,persuassive,Slightly Negatively persuasive,0,0,0,Alliteration,0,0,0,Satire,0
romann220.png,I bought a red hat made in China and all I got was a stupid president. ,persuassive,Slightly Negatively persuasive,0,0,0,0,0,0,0,Satire,0
meme_1085.png,Hey Uppar wale 2021 Toh dikha doge na uppar wala Iski guarantee me nahi de sakta ,non-persuassive,None,0,0,0,0,0,0,0,0,0
rhea53.png,This Summarizes my lobe life I'm the guy in blue ,non-persuassive,None,0,0,0,0,0,0,0,0,0
eng279.png,"When someone asks ""who's your best friend"" to a group of 3 friends. Agar galat aur bohot galat me se chun na ha toh kise chunenge aap? ",non-persuassive,None,0,0,0,0,0,0,0,0,0
ramdev17.png,Baba Ramdev after banned his medicine Coronil by Ayush Mantralaya for not any proof that it's cure ou prevent corona... ab underground hone ka samay aa gaya h ,persuassive,Neutral,0,Hyperboles,0,0,0,0,0,Satire,0
exa110.png,#shwetayourmicison #Pandit Pandit to Shweta Pandit Shweta Dekh... Dekh Na. ,persuassive,Slightly Negatively persuasive,0,Hyperboles,0,0,Irony,0,0,Satire,0
romann134.png,"Galat fehmi bahut badi galat fehmi abhi kuch der aur so jaata hu, subah 5 baje uth ke padhunga ",non-persuassive,None,0,0,0,0,0,0,0,0,0
data104.png,When guests/relatives visit your house:- Abhi maza ayega na bhidu ,non-persuassive,None,0,0,0,0,0,0,0,0,0
salman298.png,2016 in memes do you use condom in India No we use censor board fevicol ka jod hai... tootega nahi!!!... ,persuassive,Neutral,0,0,0,0,Irony,0,0,0,0
eng433.png,"Two people fighting others - please dont fight Me - khopdi tod, khopdi tod sale ka. ",non-persuassive,None,0,0,0,0,0,0,0,0,0
gay63.png,Maaf karna.. gusse me idhar udhar nikal jaata hu ,non-persuassive,None,0,0,0,0,0,0,0,0,0
romann243.png,"Arshad warsi wins best actor awards for Asur web-Weries! Congraluations Arshad , A well deserved Award. ",persuassive,Slightly Positively persuasive,0,0,0,0,0,0,0,0,0
rhea124.png,Main pagal hu.. mai pagal hu...!! ,persuassive,Slightly Negatively persuasive,0,0,0,0,Irony,0,0,Satire,0
meme_179.png,Taimur ali khan lost his control and started crying after watching salman khan in race3 instead of papa saif ,persuassive,Neutral,0,0,0,0,0,0,0,Satire,0
san18.png,Aj koi maal najar q nhi aa rha... ,persuassive,Slightly Negatively persuasive,0,0,0,0,0,0,0,Satire,0
data65.png,Lays company making chips* chips be like:- Abe mereko to andar lo ,non-persuassive,None,0,0,0,0,0,0,0,0,0
meme_295.png,GF vo hai jo aap ki saari aadaton ko badal degi phir 2 saal baad kahegi babu tum pehle jaise nahi rahe' ,persuassive,Slightly Negatively persuasive,0,0,0,0,Irony,0,0,0,0
fiiile100.png,Saddest picture on internet today ,non-persuassive,None,0,0,0,0,0,0,0,0,0
gay87.png,"*Middle school gym class* ""Hey pass the ball back"" Me: gay fear ",persuassive,Slightly Negatively persuasive,0,0,0,0,0,0,Puns_and_wordplay,0,0
data86.png,"Aladin When it comes to jugaad, no one can touch Indian Moms. #Respect",non-persuassive,None,0,0,0,0,0,0,0,0,0
meme_444.png,Ladki ko ladka aisa chahiye jo kabir singh jaisa pyaar kare Lekin Cigaratte or Daru Na piye Aise Kaise Chalegaa Didi ,persuassive,Slightly Negatively persuasive,0,0,0,0,Irony,0,0,0,0
ramdev24.png,"Patanjali developes Coronil drug against Covid-19. Meanwhile Ayurveda to modern medicine: pichli baar kya bola tha, Aukaat ",persuassive,Neutral,0,0,0,0,0,0,0,Satire,0
ramdev128.png,"Baba Ramdev introduced #CORONIL Meanwhile scientist asking the formula: Bhai Bhai Batana, Bhai Batana Please. ",persuassive,Neutral,0,0,0,Alliteration,Irony,0,0,Satire,0
romann98.png,Bdhai ho chacha @narendramodi GST is here. ,persuassive,Neutral,0,0,Personification,0,0,0,0,0,0
gay16.png,"""Samantha alway told herself that she 'd never make it to 21. she was right... but he did"" ",non-persuassive,None,0,0,0,0,0,0,0,0,0
img161.png,Nauthy America Haramkhor America. ,persuassive,Negatively persuasive,0,0,0,0,0,0,0,Satire,Invective
gay73.png,"When yo boy forgets to wear socks whenever you gotta sleep together I dunoo man, seems kinda gay to me. ",non-persuassive,None,0,0,0,0,0,0,0,0,0
eng437.png,Holi pe itne purane kapde bhi mat pehen lena ki koi haathon me roti pakda k nikal jaaye bc.,non-persuassive,None,0,0,0,0,0,0,0,0,0
img78.png,Idhar Jio ka network achha hai. ,non-persuassive,None,0,0,0,0,0,0,0,0,0
romann135.png,"Oh , I disagree with your politics? tell me how evil I am. ",non-persuassive,None,0,0,0,0,0,0,0,0,0
fiiile95.png,man: why are there broken condoms on our couch? woman: would you please call our children by their real names? ,persuassive,Negatively persuasive,0,0,0,0,0,0,0,0,Invective
fille22.png,"Sushant Singh Rajput died of asphyxiation due to hanging, finds postmortem report *FANS Inida pressure aohan sefautaru no solhanga but real pressure india aohar avanu sethutard It's not a suicide, Its a murder !  ",non-persuassive,None,0,0,0,0,0,0,0,0,0
gay21.png,Did you know that 1 out of 3 people are gay? I'm not gay I'm not gay either. ,non-persuassive,None,0,0,0,0,0,0,0,0,0
fille81.png,Last night's match winning selfie of Sushant Singh Rajput and MS Dhoni ,non-persuassive,None,0,0,0,0,0,0,0,0,0
img88.png,"Spoke to my ex after 10 years. "" Chaiwala or Paan shop owner ?"" She asks Prime minister of India, I said",persuassive,Neutral,0,0,0,0,Irony,0,0,0,0
romann14.png,"Aur Batao ! kya tum bhi gst ka matlab G:- Good Night , S:- Sweet Dreams, T :- Take Care samjhe ho ? ",non-persuassive,None,0,0,0,0,0,0,0,0,0
eng191.png,When the girl your friend prosposed said no naak kaat dee tu ne humare grupp ki ,persuassive,Slightly Negatively persuasive,0,Hyperboles,0,0,0,0,Puns_and_wordplay,0,0
rhea52.png,Me enjoying my friends wedding till people ask me Tumhari kab? ,non-persuassive,None,0,0,0,0,0,0,0,0,0
fiiile130.png,#HighOnMX Gf: Baby phone ka password batao. Bf: Nahi bataunga ,non-persuassive,None,0,0,0,0,0,0,0,0,0
img123.png,"NCP-Shivsena, Amith Shah ",non-persuassive,None,0,0,0,0,0,0,0,0,0
romann46.png,For us GST is our Ganguly Sehwaf and Master blaster sachin tendulkar GST .,non-persuassive,None,0,0,0,0,0,0,0,0,0
eng466.png,"Ab bhi time hai, sudhar ja... ",non-persuassive,None,0,0,0,0,0,0,0,0,0
eng238.png,Me nowdays: nha lu kya nahane se kya hoga aadmi ke dil ka mail saaf hona chahiye.,non-persuassive,None,0,0,0,0,0,0,0,0,0
romann194.png,Waha baahubali ki neend devseena ne chin li thi.. Aur yaha GST ne logo ki neend haram kardi.. ,persuassive,Neutral,0,0,0,0,Irony,Analogies,0,0,0
salman288.png,# Real Cabinet Ministry of Road transport ,non-persuassive,None,0,0,0,0,0,0,0,0,0
eng562.png,Aur maine chipka diya ,non-persuassive,None,0,0,0,0,0,0,0,0,0
fille6.png,Sushant Singh Rajput dog fudge is no more !! he stopped eating too. couldn't bear the pain of the loss of his owner. ,non-persuassive,None,0,0,0,0,0,0,0,0,0
salman210.png,After your at a Restaurant gets their meal served first. ,non-persuassive,None,0,0,0,0,0,0,0,0,0
fiiile49.png,oye 'wheat' ko Hindi mein kya kehte hain ??? Gayhoon Tu gay hai? ,non-persuassive,None,0,0,0,0,0,0,0,0,0
eeeng35.png,14 years old nibbi She how much do you love me he:82% She : Why not 100% He : 18% GST tax on luxrious items 14 years old nibbi. ,persuassive,Slightly Negatively persuasive,0,0,0,0,Irony,0,0,0,0
rhea68.png,Teh darr hona chahiye tera yeh darr mujhe acha laga Akshay Kumar. ,persuassive,Slightly Negatively persuasive,0,Hyperboles,0,0,0,0,0,0,0
meme_524.png,Voting Modi by watching ads of gujrat development is like buying axe & expecting such blonde gals will get attracted to u! ,persuassive,Neutral,0,0,0,0,0,Analogies,0,Satire,0
ramdev21.png,Patanjali announces medicine for COVID 19 Baba Ramdev: paisa hi paisa hoga ,persuassive,Neutral,0,0,0,0,0,0,0,Satire,0
ramdev196.png,"# Patanjali Coronil has been recognized by WHO as first evidence based medicine for corona. Meanwhile baba ramdev: dhanda karo toh bada karo purushottam bhai, warna mat karo. ",persuassive,Neutral,0,0,0,0,0,0,0,Satire,0
data85.png,what's the best part about dead baby jokes? They never get old ,persuassive,Slightly Negatively persuasive,0,0,Personification,0,0,0,0,0,0
exa175.png,Before when kashmiri pandits use to ask politicians that they want to go their home kashmir politicians: *Kashmiri Pandits* kya matlab maa chuda lo? ,persuassive,Negatively persuasive,0,0,0,0,0,0,0,Satire,Invective
imggg82.png,*After studying for 30 mins* My brain to me: Thoda rest kar lijiye warna rest in peace ho jayenge. ,non-persuassive,None,0,0,0,0,0,0,0,0,0
eng522.png,Kam se kam 30 saal ka to time dy ry baba ,non-persuassive,None,0,0,0,0,0,0,0,0,0
romann5.png,"What in GST..? Good night , sweet dreams and...? Take care...! ",non-persuassive,None,0,0,0,0,0,0,0,0,0
data108.png,When my best friend purposes his crush. Me: Shabash kachra shabash ,non-persuassive,None,0,0,0,0,0,0,0,0,0
meme_916.png,Life mein jab kabhi Aapko financial problem aati hai tab achanak he aapko pata chalta hai ki aapke saare rishtedar sudama hain. ,non-persuassive,None,0,0,0,0,0,0,0,0,0
eng558.png,"Dil toh sabke paas hota hai, lekin sab dilwale nahi hote Books bhi sab ke paas hoti hai. lekin sab padhne wale nahi hote. ",non-persuassive,None,0,0,0,0,0,0,0,0,0
salman285.png,Pet aur petrol agar ek baar badh jaaye toh phir ghat tey nahin hain... ,persuassive,Neutral,0,0,0,0,0,Analogies,Puns_and_wordplay,0,0
eng43.png,"Dekh bhai happy new year ho gya hai do whtever u want to do, man ! ",non-persuassive,None,0,0,0,0,0,0,0,0,0
eng355.png,"When your crush who friend-zoned you asks you answers in examination hall. dosti ki hai, nibhani to padegi ",non-persuassive,None,0,0,0,0,0,0,0,0,0
imggg136.png,Boss :- What's your plan for the next month ? Le project manager:- Matlab Aisa bilkul immediate nahi soche hain but.. sochenge. ,non-persuassive,None,0,0,0,0,0,0,0,0,0
romann209.png,Friend - bro sometime you say you want to become engineer sometime you say you want to become you tuber why?? *le me I have a multiple passion disorder. ,persuassive,Neutral,0,0,0,0,0,0,Puns_and_wordplay,0,0
exa75.png,"Kashmir Pandits trying to tell the world about their genocide' 'Kashmiri Muslims. Communists Liberals, pseudo humam rights activists' ",persuassive,Neutral,0,0,0,0,0,Analogies,0,Satire,0
img39.png,"Aapka sawal hai India's capital is : 1 Delhi, 2 Kolkata, 3 Chinai, 4 Mumbai. Hai? per kaise... maaf kar dijiye sir. ",persuassive,Negatively persuasive,0,0,0,0,0,0,0,Satire,Invective
ramdev132.png,Ptanjali indroduce #CORONIL People: does it work? Ramdev baba: Iski guarantee me nahi de sakta,persuassive,Neutral,0,0,0,0,0,0,0,Satire,0
eng_file102.png,When Katrina do it When I do it ,non-persuassive,None,0,0,0,0,0,0,0,0,0
data15.png,Used The Selfie Stick Before it was cool ,non-persuassive,None,0,0,0,0,0,0,0,0,0
eng_file228.png,At tum mujhse ye bol rhi ho ki Bihar me doctor k pass online number nahi lagta hai ,persuassive,Slightly Negatively persuasive,0,0,0,0,0,0,0,Satire,0
ramdev86.png,Patanjali announces medicine for Covid 19 Baba Ramdev: paisa hi paisa hoga ,persuassive,Neutral,0,Hyperboles,0,0,0,0,0,Satire,0
salman12.png,"He is on Bicycle! Foothpahts are safe...! Reapeat, footpaths are sage! ",persuassive,Neutral,0,0,0,0,0,0,0,Satire,0
romann236.png,How much do you love me??? 78.00% Why not 100% 28% GST on Luxurious Items.! ,persuassive,Slightly Negatively persuasive,0,0,0,0,Irony,0,0,0,0
salman222.png,Hum yahan ke Robinhood hai... Robinhood Pandey! ,non-persuassive,None,0,0,0,0,0,0,0,0,0
ramdev145.png,Paisa hi paisa hoga ,non-persuassive,None,0,0,0,0,0,0,0,0,0
salman239.png,When a website asks you to read terms and Conditions Itne bhaari gyaan ki zarurat nahi hai. ,non-persuassive,None,0,0,0,0,0,0,0,0,0
romann158.png,Being broke because of demoneasation is so last year Being broke through GST is the new swag. ,persuassive,Slightly Negatively persuasive,0,0,0,0,Irony,0,0,Satire,0
meme_955.png,Kaha hai bhai ? Raste mein... Barbadi ke.. ,non-persuassive,None,0,0,0,0,0,0,0,0,0
romann180.png,When you mix water with sanitizer so that sanitizer becomes more *Corona Virus: kaise kaise log rhte hain yahan ,persuassive,Neutral,0,0,Personification,0,Irony,0,0,0,0
ramdev144.png,"To avoid the corona virus, Baba Ramdev was hospitalized after taking an overdose of cow urine seee translation please check and conform.",persuassive,Neutral,0,0,0,0,0,0,0,Satire,0
exa99.png,What kashmiri Pandit families told a muslim woman she visited Them They should feel ashamed and shoul jema from them whose name the take while saying things. ,persuassive,Negatively persuasive,0,0,0,0,Irony,0,0,0,0
san239.png,Waqt aur Sanjay Dutt kaise nikal jaate hai pata hi nahi chalta. ,persuassive,positively persuasive,0,0,0,0,0,0,Puns_and_wordplay,Satire,0
imggg126.png,Pandit Ji- Tumhari Kundali mein bahut paisa hai !! Me- Kundali ka paisa bank ac mein kaise transfer hoga ? ,non-persuassive,None,0,0,0,0,0,0,0,0,0
san16.png,ye haat me paper pe likhke photo khichwake status pe dalna zaroori hai kya??,non-persuassive,None,0,0,0,0,0,0,0,0,0
salman68.png,Misty solved Salman and his driver found ,non-persuassive,None,0,0,0,0,0,0,0,0,0
salman133.png,See my driving skills 'S' is silent in skills ,persuassive,Neutral,0,0,0,0,Irony,0,Puns_and_wordplay,0,0
eng334.png,Ek aunty thi deewani si.. Rasode mein kon tha... bas yahi pucha karti thi... ,persuassive,Neutral,0,0,0,0,Irony,0,0,0,0
ramdev170.png,Coronil ( A Product of Patanjali) it cures Covid-19 Babu ji (Who is announce as fake news) WHO : Purinchuko da komuti thalays neyae ooru cora karangu vithai kaati polapa atti kitu iruka ithula aduthavanga valkai la vitayadatha de ,persuassive,Slightly Negatively persuasive,0,Hyperboles,0,0,0,0,0,Satire,0
img94.png,NCP to Shivsena Kaisa laga mera mazak ,non-persuassive,None,0,0,0,0,0,0,0,0,0
salman230.png,#Iharatka tenorr when ladki waley ask . Lakda krta kya hai His parents ,persuassive,Slightly Negatively persuasive,0,Hyperboles,0,0,0,0,0,0,0
fille65.png,*Backbencher *Exams it beats faster everytime you come closer ,non-persuassive,None,0,0,0,0,0,0,0,0,0
eng_file225.png,Mohabbat hai isiliye pehli fursat me nikal ne dia. Zidd hoti toh tapa tap tapa tap hota. ,persuassive,Negatively persuasive,0,0,0,Alliteration,0,Analogies,0,0,0
eng_file137.png,"Oh pata nhi ji konsa nasha karta h *NCB Hum karte he pata , Aap chinta mat kijiye ",non-persuassive,None,0,0,0,0,0,0,0,0,0
romann18.png,Indulge in batts. even If It means catching coronavirus. ,persuassive,Slightly Negatively persuasive,0,0,0,0,Irony,0,0,Satire,0
rhea17.png,Me after seeing Rhea on #Aajtak TV interview ayee sati savitri jada hosiyari matt dikha haan.... ,persuassive,Slightly Negatively persuasive,0,0,0,0,0,0,Puns_and_wordplay,Satire,0
img78.png,Idhar Jio ka network achha hai. ,non-persuassive,None,0,0,0,0,0,0,0,0,0
rhea109.png,monay after a long weekend... ,persuassive,Neutral,0,0,Personification,0,0,0,0,0,0
romann179.png,Kaha hai bhai ? raste mein. kis raste mein? barbadi ke..,non-persuassive,None,0,0,0,0,0,0,0,0,0
eng_file92.png,Normal people pregnant for 9 months Le in hindi serial - Pregnat for more than 2 years ,persuassive,Slightly Negatively persuasive,0,0,0,0,Irony,0,0,0,0
eng414.png,Me - I love you. She - Muhe thoda time chaye Me- ,non-persuassive,None,0,0,0,0,0,0,0,0,0
fiiile37.png,"2 mins of silence for those 13-17 year girls who think their boyfriends will marry them Don't laugh, at least they're in a relationship not like you and me ",persuassive,Slightly Negatively persuasive,0,0,0,0,Irony,0,0,0,0
eng307.png,ABD Finishes of in style.... And RCB lifts the IPL trophy 2019 Bhencho...itna bhayanak sapna ,persuassive,Slightly Negatively persuasive,0,Hyperboles,0,0,Irony,0,0,0,Invective
img155.png,Mr. Sanjay Raut Wrote Such nonsense just to support acharya atre's words London Should be in India ,persuassive,Slightly Negatively persuasive,0,0,0,0,Irony,0,0,Satire,0
salman10.png,Proof that Salman was behind the wheel ,non-persuassive,None,0,0,0,0,0,0,0,0,0
gay108.png,"Tumhe agar food nahi dena toh mat dalo atleast yehh ch*tiyagiri mat karo yarr, you can't feel their pain ",persuassive,Negatively persuasive,0,0,0,0,0,0,0,0,Invective
salman289.png,"Etna bada ho gayi ho, biyah nahi hua hai tumhara? ",persuassive,Slightly Negatively persuasive,0,0,0,0,Irony,0,0,Satire,0
romann22.png,How much do you love me ??? 78.00% why not 100%...? 28% GST on Lusurious Items..! ,persuassive,Slightly Negatively persuasive,0,0,0,0,Irony,0,0,0,0
eng339.png,hiring idiots to teach math hiring bigots to teach history hiring fatases to teach pe hiring an english teacher who can barely speak english ,persuassive,Slightly Negatively persuasive,0,Hyperboles,0,0,Irony,0,0,0,0
eng319.png,"Jadoo teri nazar , khushboo tera badan haainn...what? ",persuassive,Neutral,0,0,0,0,0,0,Puns_and_wordplay,0,0
exa156.png,Sharam nahi aai tumhe ese ese kaam karte hue kyun marte ho innocent logon ko ,persuassive,Slightly Negatively persuasive,0,0,0,0,0,0,0,Satire,0
eng423.png,Drater ke liye gharwalon se 2000 liye yeh mere beimani ki hadd thi Drafter phir nahi kharida yeh mere besharmi ki hadd thi Roll and draw se exam deke ED clear kiya... yeh mere talent ki hadd thi. ,non-persuassive,None,0,0,0,0,0,0,0,0,0
san29.png,Yeh gift lene k lye shaadi karna jaruri hai kya? ,non-persuassive,None,0,0,0,0,0,0,0,0,0
romann137.png,"""Kya soch kar aaye the? ke saheb 15 lakh degaa? sabaasi dega ? kyon? ab tu de... GST de!!"" ",non-persuassive,None,0,0,0,0,0,0,0,0,0
fiiile36.png,When a relative visits you and gives you money without telling your parents ,persuassive,Slightly Negatively persuasive,0,0,0,0,Irony,0,0,0,0
exa50.png,The BJP in Power: Indian Democracy and Religious Nationalism ,non-persuassive,None,0,0,0,0,0,0,0,0,0
san108.png,Kuchh toh gadbad hain ,non-persuassive,None,0,0,0,0,0,0,0,0,0
fille46.png,"Not sure about other actors but after watching him im MSD biopice, A lot of peoples became a fan of Sushant Singh Rajput. ",non-persuassive,None,0,0,0,0,0,0,0,0,0
img30.png,Stop giving your daughters to beggars. ,persuassive,Positively persuasive,0,0,0,0,0,0,0,Satire,0
img5.png,Kids Invite their girl at home men invite their girl at cafe legends invite their girl at haweli. ,persuassive,Neutral,0,0,0,0,Irony,0,0,0,0
meme_1156.png,Aisi madam mili hoti to aaj hum bhi IAS YAS ban gaye hote. ,non-persuassive,None,0,0,0,0,0,0,0,0,0
fille2.png,Support them Not Them Troll munters ,non-persuassive,None,0,0,0,0,0,0,0,0,0
eng171.png,"Aaj toh haaroge jijaji , jethaji cum on , jeet gya babita is the secret of my energy. ",non-persuassive,None,0,0,0,0,0,0,0,0,0
romann123.png,"Breaking News Chines man killed an deaten by dog in hong kong this morning well , well,well  how this turntabless pulled a switcheroo ",persuassive,Slightly Negatively persuasive,0,0,0,0,0,0,0,Satire,0
eng180.png,3rd umpire before match Rohit Sharma LBW= OUT *le umpire ,persuassive,Negatively persuasive,0,0,0,0,Irony,0,0,0,0
romann95.png,Bdhai ho chacha @narendramodi GST is here. ,persuassive,Neutral,0,0,Personification,0,0,0,0,0,0
rhea116.png,Sushant Mere sapno me aaye the aur kaha joo tell the truth- Rhea 50 rupya had overacting ka ,persuassive,Slightly Negatively persuasive,0,0,0,0,0,0,0,Satire,0
rhea142.png,The girlfriend you want The girlfriend you get ,persuassive,Neutral,0,0,0,0,0,Analogies,0,0,0
eng_file201.png,Bihari Spotted ,persuassive,Slightly Negatively persuasive,0,0,0,0,0,0,0,0,0
ramdev20.png,Patanjali to launch first and foremost evidence based Ayurvedic medicine *Coronil' to treat coronavirus infection today Meanwhile baba to people: pichhli baar kya bola tha? boycott? ,persuassive,Neutral,0,0,0,0,0,0,0,Satire,0
meme_174.png,"Aisi koi, Jagah Nahi jahan me gaya nahi  Bhai kabhi sasural gaye ho ? ",persuassive,Neutral,0,0,0,0,0,0,0,Satire,0
eng263.png,New years with family New years with friends ,persuassive,Slightly Negatively persuasive,0,0,0,0,0,Analogies,0,0,0
romann88.png,Girls after disturbing her boyfriedn boys after disturbing whole world. ,persuassive,Neutral,0,0,0,0,Irony,0,0,Satire,0
data47.png,what's the best part about dead baby jokes? They never get old ,persuassive,Slightly Negatively persuasive,0,0,Personification,0,0,0,0,0,0
eng_file76.png,"Boys... Imagine there's naked chicks outside going all ""come do us !!!"" Now go break that gate! Lol dipshits have fun explaining that to the principal ",persuassive,Slightly Negatively persuasive,0,0,0,0,0,0,0,0,Invective
imggg108.png,Modi Govt keeps radio silence on Indian Diplomat's Israel. Kashmiri Pandits. ,persuassive,Neutral,0,0,0,0,Irony,0,0,0,0
san117.png,*Yeh bhen k bhai * Ek rapta padega na mutt dega ,persuassive,Slightly Negatively persuasive,0,0,0,0,0,0,0,0,Invective
romann193.png,"""Arre o jaitley , kitna tax rakha hai sarkar ne sab par?"" ",persuassive,Neutral,0,0,0,0,0,0,0,Satire,0
eeeng27.png,Bollywood award shows be like: you get an award. you get an asard everyone gets an' award ,persuassive,Slightly Negatively persuasive,0,Hyperboles,0,0,Irony,0,0,0,0
data96.png,Nobody: not a single officer in CID: ACP pradyuman: Abhijeet pata lagao ye BTS India kyu nhi aa rahi hai? ,persuassive,Neutral,0,0,0,0,0,0,0,0,0
eng_file165.png,HOw bihar boys dress every function ,persuassive,Slightly Negatively persuasive,0,0,0,0,0,0,0,Satire,0
san134.png,Proven Guilty and Sentenced by A court of law but still nice guy because he'sa nice guy ,persuassive,Slightly Negatively persuasive,0,0,0,0,Irony,0,0,Satire,0
data89.png,*The common man hindu muslim ka kya ha.economy unemployment ka baal kar *the nationalist anchor' nahi mujha sri hindu muslim hi sahta. hindu muslim Hindi message hindu muslim. ,persuassive,Slightly Negatively persuasive,0,0,0,0,0,0,0,Satire,0
exa174.png,Hindu Right Now ,persuassive,Slightly Negatively persuasive,0,0,0,0,0,0,0,Satire,0
eng_file123.png,Just a normal UP Bihari guy celebrating holi ,persuassive,Slightly Negatively persuasive,0,0,0,0,Irony,0,0,0,0
fiiile72.png,"Ex : kya main tumhe abhi bhi yaad aati hu? Me: ha Ex : pure din ya bas raat ko? Me : nahi nahi, bas hagte time *EX ",persuassive,Slightly Negatively persuasive,0,0,0,0,0,0,0,0,Invective
eng_file241.png,Vikas pahucha hai aapke gaon mein??? His reply will remind you of Babu Bhaiya ,persuassive,Neutral,0,0,0,0,Irony,0,0,0,0
eeeng11.png,"Tobrez Ansari was lynched on suspician of biko thaft whole loft, media whole community used his clooth for thair propaganda, for victim card, made in international media Yesterday , 3 including 2 sadhus were lynched for rumours of theft , not a single person is concerned, because secularism! ",persuassive,Negatively persuasive,0,0,0,0,0,0,0,0,0
rhea50.png,"Rhea Chakraborty confesses Sara Ali Khan, Rakul Preet Singh, Simone Khambatta did drugs with her & Sushant Arey mujhe chakkar aane laga hai ",persuassive,Neutral,0,0,0,0,Irony,0,0,0,0
eng51.png,Sun rahi hai na tu abe usk kaan se haath to hata ,persuassive,Slightly Negatively persuasive,0,0,0,0,Irony,0,0,0,0
meme_1202.png,"They call him eid made star highest grosser of eid -bb , Highest gorsser of diwali - PRDP, 2nd highest grosser of christmas- T2H Admit it for die bollywood have 3 biggest superstar - Salman Khan , Contend, edx. ",persuassive,Positively persuasive,0,0,0,0,0,0,0,0,0
eng276.png,bidi hai bidi kisi ke pass? ,persuassive,Slightly Negatively persuasive,0,0,0,0,0,0,0,Satire,0
fiiile117.png,"Do din ke bad uski shaadi ho gayi , usko to apun do baje tak piya phir...phir keya hua? phir..phir keya agle din apne mohalle mein JCB aayi.. ",persuassive,Slightly Negatively persuasive,0,0,0,0,0,0,0,0,Invective
img15.png,"A year's rent, a egypt ticket 10 overgarments and 15 niqabs what you want for your dowry??! ",persuassive,Slightly Negatively persuasive,0,0,0,0,Irony,0,0,0,0
ramdev96.png,"On patanjali coronil press conference when media started asking questions *Media * Baba Ramdev Mere ko maine yahan bolne ko nhi, sunne ko bulaya hai ! ",persuassive,Slightly Negatively persuasive,0,Hyperboles,0,0,0,0,0,Satire,0
romann186.png,Chiniese jokes are just wong 20 chinese memes that are just plain funny ! sayingimages.com ,persuassive,Slightly Negatively persuasive,0,0,0,0,0,0,Puns_and_wordplay,Satire,0
romann50.png,site crashed Le Income tax and GST site: Ye toh kuchh bhi nahi hai ,persuassive,Neutral,0,0,Personification,0,0,0,0,0,0
salman265.png,Dhokhaa swabhaav hai mera ,persuassive,Slightly Negatively persuasive,0,0,Personification,0,Irony,0,0,0,0
meme_403.png,"Wanted Job Opening For Lead Actor- - Race-3, Kick-2, Dabang-3, Bharat, Wanted -2 , Partner-2 , Sher Khan Qualifications - Unmarried , 50 - Yrs. Fair, Minimum 10 Firs Against You, Shirt Removing Habit,Look Alike of Salman Khan Preferred.. ",persuassive,Neutral,0,0,0,0,0,0,0,Satire,0
fiiile57.png,If her legs aren't shaking when you are done you're not done best freaky sex memes for a freaky mood. ,persuassive,Slightly Negatively persuasive,0,0,0,0,0,0,0,0,Invective
eeeng11.png,"Tobrez Ansari was lynched on suspician of biko thaft whole loft, media whole community used his clooth for thair propaganda, for victim card, made in international media Yesterday , 3 including 2 sadhus were lynched for rumours of theft , not a single person is concerned, because secularism! ",persuassive,Negatively persuasive,0,0,0,0,0,0,0,0,0
romann195.png,Pewdiepie banned in china first time? huh? ,persuassive,Neutral,0,0,Personification,0,Irony,0,0,0,0
gay53.png,When COVID-19 didn't kill anyone on your list. Why do I always have to do every thing my self.,persuassive,Negatively persuasive,0,Hyperboles,0,0,Irony,0,0,0,0
eng_file75.png,Agar duniya mein electricity na hoti toh TV kaise dekhte ? Simble hai candle. jala ke ,persuassive,Slightly Negatively persuasive,0,0,0,0,Irony,0,0,0,0
imggg40.png,"When kashur dudes look at girls 30 seconds later , 6 housrs later Tag the lurkinass dudes kashmirimemes kashmiriyat srinagar kashmir",persuassive,Negatively persuasive,0,0,0,0,0,0,0,0,Invective
ramdev64.png,Main nahi bachega mar jayega main. ,persuassive,Neutral,0,Hyperboles,0,0,0,0,0,Satire,0
rhea103.png,CBI investigating SSR case mereko toh aisa dhak-dhak horela hai! ,persuassive,Slightly Negatively persuasive,0,0,0,Alliteration,0,0,0,Satire,0
img81.png,"Shivsena Then Vaha pe kokan ka baat , Shivsena Now Balasaheb on Ahmed Patel Ahmed Patel ki raah pe chalne wale Sanjay Raut. ",persuassive,Slightly Negatively persuasive,0,0,0,0,0,0,0,Satire,0
salman56.png,Truly a Human being no matter whatever he has done in the past but his good deeds and helping nature can never be ignored. ,persuassive,Positively persuasive,0,0,0,0,0,Analogies,0,0,0
gay96.png,"Dad , I get in too easily next time you'll fine the right one, not every bottom is a hoe. ",persuassive,Negatively persuasive,0,0,0,0,0,0,0,0,Invective
eng210.png,Roses are red violets are blue khaa meri kasam ? mar jaayenga tu ,non-persuassive,None,0,0,0,0,0,0,0,0,0
romann164.png,"Arshad warsi wins best actor awards for asur web - Series ! Congratulations Arshad , a well deserved Award.",persuassive,Positively persuasive,0,0,0,0,0,0,0,0,0
data43.png,When you kill more enemey than your friend who is expert in PUBG.. Jali na? Teri jali na? ,non-persuassive,None,0,0,0,0,0,0,0,0,0
romann59.png,Yahi power mujhe bhi chahiye ,non-persuassive,None,0,0,0,0,0,0,0,0,0
ramdev106.png,Baba Ramdev After Launching Coronil kabhi kabhi lagta hai apun hi bhagwaan hai. Arre. ,persuassive,Slightly Negatively persuasive,0,Hyperboles,0,0,0,Analogies,0,Satire,0
eng52.png,"I will use ""phone a friend"" , kya karte hai aapke dost ? Gaand mein chatri dalek khol dete hai Computer ji. Bunty ko phone lagaya jaaye. ",persuassive,Slightly Negatively persuasive,0,0,0,0,0,0,0,0,Invective
img7.png,"After dating my daughter for 6 years.. and civing me your spleem as dowry...! Gues you can call me ""Dad"" now. ",persuassive,Slightly Negatively persuasive,0,Hyperboles,0,0,Irony,0,0,0,0
salman148.png,Salman Khan Shah ruh Khan ,non-persuassive,None,0,0,0,0,Irony,0,0,0,0
eeeng14.png,Heavy rain inderdev also want's to clear his stock before 30th june GST effect. ,persuassive,Positively persuasive,Metaphors,0,0,0,0,0,Puns_and_wordplay,0,0
fiiile128.png,When relatives see you in public with an opposite gender ,non-persuassive,None,0,Hyperboles,0,0,Irony,0,0,0,0
san35.png,Band karo ye video ,non-persuassive,None,0,0,0,0,0,0,0,0,0
fiiile28.png,"#Binod keeps trending on twitter. and his name on rest social media meanwhile #binod: dhanda karo toh baba karo purushottam bhai, warna mat karo. ",non-persuassive,None,0,Hyperboles,0,0,0,0,0,0,0
fiiile32.png,"mangta hoon to deti nahi, jawab meri baat ka. deti ho to khara ho jata hai, rom rom jazbaat ka. kyun kehte ho bar bar daloo mein phool ghulab ka. ",non-persuassive,None,0,0,0,0,0,0,0,0,0
eng615.png,When your best friend throws a water balloon at you Kabhi kabhi aisa kyun hota hai... ki apne paraye ho jaate hain... ,non-persuassive,None,0,Hyperboles,0,0,0,0,0,0,0
eng594.png,"Duniya pe hoga mera Raaj , Ye toh apna raju hai re baba... bola tha na babu bhaiya ye rahu, paiso ke liye kuch bhi kar sakta hai... ",non-persuassive,None,0,0,0,0,0,0,0,0,0
meme_299.png,Salman Khna Facing Jail Penalty  Ronaldo Decides to Take it ,persuassive,Neutral,0,0,0,0,Irony,0,0,Satire,0
salman233.png,"Agar ab koi age bara ,to uski bladder ki jagah fefda aur liver ki jagah kidney ",persuassive,Slightly Negatively persuasive,0,0,Personification,0,0,0,0,Satire,0
data33.png,When you hit the speed bump but it's starts screanning. ,persuassive,Slightly Negatively persuasive,0,0,Personification,0,0,0,0,0,0
salman40.png,I don't know who you are but I'll find you & remake your film ,persuassive,Neutral,0,0,0,0,Irony,0,0,0,0
img18.png,Love marriage is soooo mainstream. ,persuassive,Negatively persuasive,0,0,0,0,0,Analogies,0,Satire,0
salman260.png,Sher to ek hi tha hamara sani deol !!! pakistan me pakistaniyon ko sirf mara hi nahi balki unka hand pump bhi ukhad laya!! ,persuassive,Positively persuasive,0,0,0,0,0,0,0,0,0
romann85.png,Chinese precident has finally spoken on corona virus. He said that tao shin tawo corona toshin pang chao tao tin. Tao chun 5G pong tou amu suan sun sian e tu muoa. So what's your opinion??? ,persuassive,Negatively persuasive,0,0,0,0,0,0,0,0,0
romann105.png,when the Chinese president starts coughing in the middle of the world summit. Xi jinping be like: what ?? Can't take a joke?? ,persuassive,Neutral,0,0,0,0,Irony,0,0,Satire,0
rhea7.png,me after watching NEWS thers days ,non-persuassive,None,0,0,0,0,0,0,0,0,0
emo54.png,Zoom meeting on monday morning powercut on monday mornings. ,non-persuassive,None,0,0,0,0,0,0,0,0,0
romann94.png,GST ka matlab kya hota hai Good night sweet dreams take care Bahar nikal b#%sdike!! ,persuassive,Neutral,0,0,0,0,0,0,0,Satire,Invective
salman34.png,"Happy 54th Birthda to Salman Khan Started his career as a background dancer in which he earned rs 75, One of the most stylish handsome & highest paid actors in the world, Donates 70% money to poor for their education, food and treetment , 31 years in Bollywood. 100+ films, 85+ awards, many box office records. ",persuassive,Positively persuasive,0,0,0,0,0,0,0,0,0
img38.png,"To be honest, I don't even feel bad for my husband when I act crazy anymore I mean he chose this life. ",non-persuassive,None,0,0,0,0,0,0,0,0,0
gay4.png,"Ab waqt aa gya hai bollywood ko yeh batane ka Raja ka beta Raja nahi banega, Raja wahi banega jo hakdaar hoga. ",persuassive,Positively persuasive,Metaphors,Hyperboles,0,0,0,0,0,0,0
eng489.png,Techers early morning! Teachers by end of the day ,persuassive,Slightly Negatively persuasive,0,Hyperboles,0,0,Irony,0,0,0,0
data31.png,Papa kya ho jayega agar mai photographer ban bhi gaya toh phir tu internet lagwyega aur facebook par photography page banayega. ,persuassive,Slightly Negatively persuasive,0,0,0,0,Irony,0,0,0,0
fiiile27.png,Didi ye log pyaar kyu karte hain batao na plz leh didi ,persuassive,Slightly Negatively persuasive,0,0,0,0,Irony,0,0,0,0
eeeng12.png,"What is GST? Earlier you had many "" Girl friends, friends, Half Friends"" Now Only One- ""wife"" Remember all day report everything you do report every details in time *best explanation of GST* ",persuassive,Positively persuasive,0,0,0,0,0,Analogies,0,0,0
fiiile60.png,Salman 'Tu toh aise der darr darr ke mila rahe hai jisme mere girlfriend ko apni bata raha hai' :P kabhi socha nhi tha ki ek din ye scene sach ho jayega. ,non-persuassive,None,0,0,0,0,Irony,0,0,0,0
fille37.png,Actor Sushant Singh Rajput Commits Suicide Today Bollywood Lost A Gem today rest in peace.,non-persuassive,None,0,0,0,0,0,0,0,0,0
salman18.png,Corporate needs you to find the differences between this picture and this picture They're the same picture. ,persuassive,Neutral,0,0,0,0,0,Analogies,0,0,0
rhea47.png,me after watching NEWS thers days ,non-persuassive,None,0,0,0,0,0,0,0,0,0
san232.png,"After watching Ranbir's acting in Sanju Trailer Sanju Baba Be like- Mamu , tu toh apun se bhi aage nikal gaya! ",non-persuassive,None,0,0,0,0,0,0,0,0,0
emo48.png,People who took part in political betting and lost last night mujhe mera pasia chaiye ,persuassive,Slightly Negatively persuasive,0,Hyperboles,0,0,0,0,0,Satire,0
romann187.png,"When you ask Nirmala"" Hun middle class wale ke liya kya hai!. Ek doongi na kheech ke.. ",persuassive,Slightly Negatively persuasive,0,0,0,0,0,0,0,Satire,0
imggg4.png,Mumbai graam arrested from wedding procession for standing phone Isko barat main he udaa dena chahiye tha. ,persuassive,Slightly Negatively persuasive,0,Hyperboles,0,0,0,0,0,0,0
romann118.png,The best humanity service we all Indians Do.. Bhaiya ... side stand upar karo.. ,persuassive,Neutral,0,0,0,0,Irony,0,0,Satire,0
data12.png,"Ya allah ab ye bow kahan se lau? har koi bol rha hai ""take a bow Shami "" ",non-persuassive,None,0,0,0,0,0,0,0,0,0
fille54.png,The way he acted in this scene Made everyone emotional in the theatre words aren't laugh to express the feelings of this scene... ,non-persuassive,None,0,0,0,0,0,0,0,0,0
eng618.png,Vijay Shankar made 14 runs off 19 at no. 4 Aur  kya Chahiye ,non-persuassive,None,0,0,0,0,0,0,0,0,0
salman255.png,"Mere baare mein itna mat sochna court mein aata hoon, jail mein nahin... ",non-persuassive,None,0,0,0,0,0,0,0,0,0
romann161.png,"Xi Jinping in chinese newspapers , Xi Jinping in Hong Kong newspapers , Xi Jinping in American Newspapers. ",persuassive,Slightly Negatively persuasive,0,0,Personification,0,0,0,0,Satire,0
meme_942.png,"Somasa Khayega ? Nahi, Aaj Upvas Hai Mera Bhai mere taraf se hai Meethi chatni Dal ke laana. ",non-persuassive,None,0,0,0,0,0,0,0,0,0
gay22.png,"Tue,  1 June Every single compaly for the next 30 days: I said we rainbow now. ",persuassive,Neutral,0,Hyperboles,0,0,Irony,0,0,0,0
eng413.png,"Nibba - mat ro baby , 3 may ko to milna hi hai hamko.. *Modi ji - ",non-persuassive,None,0,0,0,0,0,0,0,0,0
imgg6.png,"Bollywood Celebrities after attack on JNU students... Desh sankat main hai Bollywood Celebrities on Genocides of Kashmiri Pandit, attack on minorities in Pakistan, Stone petting on soldiers.. ",persuassive,Negatively persuasive,0,Hyperboles,0,0,Irony,0,0,Satire,0
romann169.png,"When we laugh after seeing memes in mobile *mom taen da phone api paathu shikura, yaara yaacrum love panriyaa daa?! *me love aah??! maan aah??!! ",non-persuassive,None,0,0,0,0,Irony,0,0,0,0
san72.png,"Aur Circuit, Sabko bol de.. aaj se koi apun ko ""Sanju Baba"" nahi bolega ",non-persuassive,None,0,0,0,0,0,0,0,0,0
rhea140.png,*In leaked chat messages Rhea Chakraborty says to her friend that Bhubaneswar has the best weed ever* Bhubaneswarites: jor jor se bolke sabko scheme bata de ,persuassive,Slightly Negatively persuasive,0,0,Personification,0,0,0,0,0,0
imggg115.png,Om Birla Hon'ble Speaker Dent's Address. ,non-persuassive,None,0,0,0,0,0,0,0,0,0
ramdev52.png,Coronavirus after seeing patanjali launch coronil tablet its treatment ye dhoti wali item bahoth nachreli hai ,persuassive,Neutral,0,0,0,0,0,0,0,Satire,0
exa143.png,Girls using whitner let me erase this boys using whitner umm... kadak hai ,persuassive,Neutral,0,0,0,0,Irony,Analogies,0,0,0
eng250.png,Amitabh bachchan : ye raha sawaal aapki screen par 1 crore ke liye ** me takes lifeline phone a friend** me on call: bhai jaldi ye question google kr amitabh: ,non-persuassive,None,0,0,0,0,0,0,0,0,0
eng64.png,ye to apna shayaam hai kya mast body banaya hai re baba aurat ka chakkar babu bhaiya aurat ka chakkar. ,persuassive,Negatively persuasive,0,0,0,0,0,0,0,Satire,0
ramdev199.png,Baba Ramdev Scientist ban ne ka shauk hai? Hian? Scientist ban ne ka shauk hai? Inidan Twitter. ,persuassive,Neutral,0,0,0,0,0,0,0,Satire,0
fiiile31.png,Aaj thand bohot jyada hai sonu ko jaldi sula dena ,persuassive,Slightly Negatively persuasive,0,0,0,0,Irony,0,0,0,0
rhea38.png,"Kajol, DDLJ, Rani Mukerjee - Mardaani , Rhea Chakraborty - Mardaani I am sorry babu ",persuassive,Slightly Negatively persuasive,0,0,0,0,0,0,0,Satire,0
san212.png,Bhai aisi waisi nahi poora ek number wala pataaka thhi ! ,persuassive,Negatively persuasive,0,0,Personification,0,0,0,0,0,Invective
romann107.png,"The rise of tyranny: Trump jokes about abolishing presidential term limits while talking about chinese president Xi jinping ""He's now president for life no, He's Great and look he was able to do that I think It's great maybe we'll have to give that a shot some day."" ",persuassive,Slightly Negatively persuasive,0,0,0,0,0,0,0,Satire,0
exa169.png,"30 years ago, on this day, Kashmiri Hindus were given 2 choice: 1. Leave, 2. Convert or die Radicals demanded we want Kashmiri Hindu woman without thier men -talk. Now after 30 years. Kashmiri pandits are still refugees in thier own nation India but Rohingyas are settled in J&K. Pandits# Pseudo Seculars Un Budthi Ah kamichutala ? ",persuassive,Neutral,0,0,0,0,Irony,0,0,0,0
imggg99.png,When you propose her infront of everyone but she wants to take you aside. She after Refunding you infront of Everyone Isliye keh rahe the ki akele mei baat karni ha. ,persuassive,Slightly Negatively persuasive,0,0,0,0,Irony,0,0,0,0
rhea141.png,NCB to Rhea: Who all known to you and Sushant were taking drugs? Rhea: mai jeb me leke thodi ghoomti hun ,persuassive,Slightly Negatively persuasive,0,Hyperboles,0,0,0,0,0,0,0
data32.png,Ji mere dono hath aur pair nahi hai kya aap mujse shadi karengi ha kar lungi par aapke wo to hai na? ha ji bilkul hai na usi se to number dial kiya hai ,persuassive,Negatively persuasive,0,0,0,0,Irony,0,0,0,0
pic388.png,When life gives you lemons empower women. ,non-persuassive,None,0,0,0,0,0,0,0,0,0
eng_file90.png,"That Moment When Others Did paid marketing to win elections but you made yourself a meme: RJD's Anant Singh retains seat by margin of 35,757 vote in Mokama, Bihar. ",persuassive,Slightly Negatively persuasive,0,0,0,0,Irony,0,0,Satire,0
eng27.png,"Pehle shadi mein dulhan ki tarah sirf dulhan taiyar hoti thi ab photo upload ke chakkar mein sari girls ""dulhan"" ki tarah taiyar hoti hai ",persuassive,Slightly Negatively persuasive,0,Hyperboles,0,0,0,0,0,0,0
romann211.png,Memes kya hote hai ? what is meaning of memes? hindi men puri jankari ,non-persuassive,None,0,0,0,0,0,0,0,0,0
salman90.png,Tum toh meri jaan lekar hi rahoge... Footpath pe soti ho kya ,persuassive,Neutral,0,0,0,0,Irony,0,0,0,0
eng_file17.png,Mom : Jaa dukan se dahi le aa Me: lekin bahar bahut paani bhara hai Mom : bache hue sare paise tu rakh lena Me: ,non-persuassive,None,0,0,0,0,0,0,0,0,0
eng_file112.png,That moment when you throw your chocolate instead of Throwing the wrapper ,non-persuassive,None,0,0,0,0,0,0,0,0,0
salman267.png,Mujhe ghar jaana hai ,non-persuassive,None,0,0,0,0,0,0,0,0,0
fiiile70.png,Samuel crossley How did you know you were gay? wiki How. ,non-persuassive,None,0,0,0,0,0,0,0,0,0
fiiile3.png,Women deserve equal rights and lefts ,persuassive,Positively persuasive,0,0,0,0,0,0,Puns_and_wordplay,0,0
emo34.png,"Interviewer: what is a skeletion? Sardar: Sir, sekeleton is a person who started deiting , but forgot to stop it !! ",non-persuassive,None,0,0,0,0,0,0,0,0,0
rhea2.png,he post: after getting 15cr: after seeing public cristicusme meanwhile mahesh bhatt: her parent: her future welcome x rhea chakraborty ,persuassive,Neutral,0,0,0,0,0,Analogies,0,Satire,0
eng522.png,Kam se kam 30 saal ka to time dy ry baba ,non-persuassive,None,0,0,0,0,0,0,0,0,0
eng253.png,"When your teacher says ""the question paper is very simple and you must be knowing all the answers"" ",non-persuassive,None,0,0,0,0,0,0,0,0,0
data45.png,"I LL ask you again Sr! did you, or did you not look at my clent and, in a crowded shopping mall , in front of her children, call her, not onece, but three twes...A ""HO""! ",non-persuassive,None,0,0,0,0,0,0,0,0,0
eng268.png,I'm the king of magic saale jab itna jaadu aata hai to ek naak uga leta ,persuassive,Slightly Negatively persuasive,0,0,0,0,0,0,0,0,Invective
salman226.png,"Hum tum mein itne ched karenge ki tum confuse ho jaoge ki saans kahan se le, aur padein kahan se! ",persuassive,Slightly Negatively persuasive,0,Hyperboles,0,0,0,0,0,0,0
san149.png,Baba Ramdev launched patanjali sim card in Alliance with BSNL bas ab yahi dekhna baaki reh gaa tha,persuassive,Neutral,0,0,0,0,0,0,0,Satire,0
eng_file7.png,Other actors as collie vs Varun Dhawan as coolie 50 rupya kaat le acting ka ,persuassive,Neutral,0,Hyperboles,0,0,0,0,0,0,0
salman36.png,Shishir Kunwar happy football player favorite player Salman Khan Favorite actor Ronaldo ,persuassive,Neutral,0,0,0,0,Irony,0,0,Satire,0
salman54.png,Bhai suna tujhe jail ho gayi?? aur main yaha tere liye maggi bana raha tha.. maggi banne se pehle aa jaunga pakka promise...,persuassive,Neutral,0,Hyperboles,0,0,Irony,0,0,Satire,0
salman182.png,Deer hunter classic Install ,persuassive,Slightly Negatively persuasive,0,0,0,0,0,0,0,Satire,0
emo55.png,After scolding mom : chal ab naraz mat ho khana khale 10 y.o.me: Nahi ,non-persuassive,None,0,0,0,0,0,0,0,0,0
fiiile127.png,Me: we're gonna have to perform a cavity search he: but the detector didn't even- Me: maim it's just protocol ,non-persuassive,None,0,0,0,0,0,0,0,0,0
emo36.png,"Mujhse baat krogi to hi m roti khaaunga... Sachhi.....?? Ha, verna 6 pranthe, paneer ki sabzi, Kashmiri pulav, Ice cream or 1 glass doodh peekar bhookha hi so jaunga...!!! ",non-persuassive,None,0,0,0,0,0,0,0,0,0
san200.png,Salman Khan and Asaram Bapu will be in Same Jail Bhai Khatre Meing..!! Bhai Khatre Mein..!! ,persuassive,Slightly Negatively persuasive,0,0,0,0,0,0,0,Satire,0
salman24.png,When a wetare asks you to read tema and cosdions Intne bhaari gyaan ki zarurat nahi hai. ,non-persuassive,None,0,0,0,0,0,0,0,0,0
meme_750.png,"Dil to sabke pass hota hai, lekin sab dilwale nahi hote books bhi sab ke pass hote hai, lekin sab padhne wale nahi hote ",non-persuassive,None,0,0,0,0,0,0,0,0,0
eng496.png,When relatives comes at your home me to my siblings paisa ho paisa hoga ,non-persuassive,None,0,0,0,0,0,0,0,0,0
ramdev178.png,"Ministry fo AYUSH and ICMR stops patanjali from advertising #CORONIL trils it's claims are verified and approved Ramdev and Balkrishan right now Dukaan jama raha tha, aap log aake berojgaar kar die. ",persuassive,Neutral,0,0,0,0,0,0,0,Satire,0
data27.png,Girls after cooking something at home during quarantine days to sabko dikhana padega na ,persuassive,Slightly Negatively persuasive,0,Hyperboles,0,0,0,0,0,0,0
eng340.png,"Me : 10th 90% Aaye hen science le leta hu fir 12th me bhi 95% launga of fir b tech karunga. bahut paisa hoga, ladkyon ko to line lag jayegi. thanku god. ",persuassive,Slightly Negatively persuasive,0,Hyperboles,0,0,Irony,0,0,0,0
img105.png,Tume sena ho paayega,persuassive,Negatively persuasive,0,0,0,0,0,0,Puns_and_wordplay,Satire,0
romann117.png,Kindly requesting all friends & knowns not to post any #GST Jokes. the phone battery drains up by 28% automatically. ,persuassive,Neutral,0,0,0,0,Irony,0,0,0,0
eng479.png,"Relligion wala jo column hota hai, usme hum bold aur CAPITAL me INDIAN likhte hai haan tu aag mai ghee dal le BC.",persuassive,Negatively persuasive,0,Hyperboles,0,0,0,0,0,0,Invective
eng_file203.png,RIP Our Honourable former prime minister of India Atal Bihari Vajpaaye passed away we will miss your Atal Ji ,non-persuassive,None,0,0,0,0,0,0,0,0,0
eeeng31.png,When he heard GST means #Good AndSimple Tax #gstrollcut #GST Tefied. ,persuassive,Neutral,0,0,0,0,Irony,0,0,Satire,0
romann86.png,Alia do you know the full form of GST ? Goodnight sweetdreams takecare. ,non-persuassive,None,0,0,0,0,0,0,0,Satire,0
fiiile18.png,I love morning sickness! nausea is my favorite ! ,persuassive,Slightly Negatively persuasive,0,0,0,0,Irony,0,0,0,0
rhea75.png,Stepmom of Alia Bhatt ,persuassive,Slightly Negatively persuasive,0,0,0,0,Irony,0,0,0,0
exa224.png,"Isi jagah mera plot hoga Idhar bhi mera plot hoga , Ye meri property, Udhar bhi mera plot, Udhar bhi meri property. ",non-persuassive,None,0,0,0,0,0,0,0,0,0
fille30.png,Support them Not Them Troll munters ,non-persuassive,None,0,0,0,0,0,0,0,0,0
eng407.png,Tej dhup men vot dalne ja rhe 2 matdata.,persuassive,Slightly Negatively persuasive,0,0,0,0,0,0,0,Satire,0
rhea61.png,*Rhea Chakraborty and Mahesh Bhatt whatsapp chat leaked* Rhea: Mahesh pakka na bohot time hainea hamare pass.,persuassive,Slightly Negatively persuasive,0,0,0,0,0,0,0,Satire,0
img20.png,BD gets married does not ask for dowry,persuassive,Neutral,0,0,0,0,0,0,0,0,0
eng_file178.png,"Birth Anniversary of former prime Minister of India, Atal Bihari Vajpayee ""Victory & Defeat are a part of life which are to be viewed with equanimity"" -Atal Bihari Vajpayee ",non-persuassive,None,0,0,0,0,0,0,0,0,0
salman161.png,Best of 2015 Laughs! ,non-persuassive,None,0,0,0,0,0,0,0,0,0
ramdev146.png,kyu hilaa daala na ,persuassive,Neutral,0,0,0,0,0,0,0,Satire,0
eng510.png,*When your teacher helps you in your Viva* Mai toh tere ko harami samjhta tha re.. par tu toh dev manus nikla. ,persuassive,Slightly Negatively persuasive,0,0,0,0,0,0,0,Satire,Invective
meme_948.png,Bitche Pelease Mamo ,persuassive,Slightly Negatively persuasive,0,0,0,0,0,0,Puns_and_wordplay,0,Invective
eng442.png,"Jab we met ""Aap convince hogaye ya main aur bolu? ",non-persuassive,None,0,0,0,0,0,0,0,0,0
rhea66.png,Rhea's carrer is now over ,non-persuassive,None,0,0,0,0,0,0,0,0,0
imggg6.png,Chutiya hai yeh Important nahi humara lada hai yeh important hai ,persuassive,Slightly Negatively persuasive,0,0,0,0,Irony,0,0,0,Invective
data45.png,"I LL ask you again Sr! did you, or did you not look at my clent and, in a crowded shopping mall , in front of her children, call her, not onece, but three twes...A ""HO""! ",non-persuassive,None,0,0,0,0,0,0,0,0,0
romann30.png,"Excuse me bhai sahab, Aap bataooge ki Gujarati Khana kaha milega ",non-persuassive,None,0,0,0,0,0,0,0,0,0
romann241.png,"Salman Khan after destroying his enemy career kabhi kabhi lagta hai, apun hi bhagwan hai...! ",persuassive,Neutral,0,Hyperboles,0,0,Irony,0,0,0,0
eng598.png,Bhai dhokha ho gya dhoka...!! kaise bhai kya hua??? Ghar se books ke liye paise mangwaye the. ghar walon ne books hi bhej di...!! ,non-persuassive,None,0,0,0,0,0,0,0,0,0
eng563.png,"Thank, you, for , Trying, Not you , to , save , the , universe ",non-persuassive,None,0,0,0,0,0,0,0,0,0
eng277.png,Ranveer+Deepika = Ra**ee Priyanka = Nick = Piknik Kapil=Ginal= Nappil. ,persuassive,Slightly Negatively persuasive,0,0,0,0,0,0,Puns_and_wordplay,0,Invective
data80.png,OMG Teach me Indian False There are 14 official Innguages in India and 1652 aloge her none of which are named Indian. ,persuassive,Slightly Negatively persuasive,0,0,0,0,Irony,0,0,Satire,0
eeeng10.png,"The Authority for advance rullings (Karnataka bench): ""Paratha is not roti , must be taxed at 18% GST"". *Roti Aisa kya hai usme jo mujhme nahi hai? ",persuassive,Neutral,0,0,Personification,0,0,0,Puns_and_wordplay,Satire,0
data38.png,Teachr : Tumlog aage kyu nai baith te? Backbenchres: Ya Allah isse bhi aage hota hai kya ,persuassive,Slightly Negatively persuasive,0,Hyperboles,0,0,0,0,0,0,0
imggg125.png,"Ab humko badla bhi lena hai,or Trophy bhi ",non-persuassive,None,0,0,0,0,0,0,0,0,0
eng6.png,Yaar tune to emotional kar diya ,non-persuassive,None,0,0,0,0,0,0,0,0,0
meme_381.png,Life mein jab kabhi aapko finalcnial problem aati hai tab achanak he aapko pata chalta hai ki aapke saare rishtedar sudama hain ,non-persuassive,None,0,0,0,0,0,0,0,0,0
fiiile30.png,When your out with your mom and your friend of the opposite sex says hi to you. ,non-persuassive,None,0,Hyperboles,0,0,0,0,0,0,0
img7.png,"After dating my daughter for 6 years.. and civing me your spleem as dowry...! Gues you can call me ""Dad"" now. ",persuassive,Slightly Negatively persuasive,0,Hyperboles,0,0,Irony,0,0,0,0
emo34.png,"Interviewer: what is a skeletion? Sardar: Sir, sekeleton is a person who started deiting , but forgot to stop it !! ",non-persuassive,None,0,0,0,0,0,0,0,0,0
salman174.png,Me after lockdown. when I meet people who avoided work from home giving all possible reasons meri aankhon me to dekh ,non-persuassive,None,0,0,0,0,0,0,0,0,0
salman232.png,"I wish trafining eirtens in US wa as easy as winning court caies in India Driver,gaddi nikal aur america le chal. ",persuassive,Slightly Negatively persuasive,0,0,0,0,Irony,Analogies,0,Satire,0
data97.png,exactly 10 am aaj... han malum hai.. tera breakup hogaya apne baap ko mat sikha chal ganna gaa aur nikal yaha se ,persuassive,Slightly Negatively persuasive,0,0,0,0,0,0,Puns_and_wordplay,0,0
emo49.png,"1. Aadmi train mein badi der se Rahul ke gun ga raha tha. saamane baithe yaatri ne kah diya. ""Bhagvaan kare aapke Rahul jaisa beta mile.' bas tab se vo chup chaap baitha hai. ",persuassive,Slightly Negatively persuasive,0,0,0,0,0,0,0,Satire,0
salman194.png,Dank Indian Memes ,persuassive,Slightly Negatively persuasive,0,0,0,0,0,0,0,0,Invective
eng533.png,Kisiko baatana mai eduon mai padhke neet crack karunga ,non-persuassive,None,0,0,0,0,0,0,0,0,0
eng45.png,Kal wo condom tum kitne ke laye the 10 rupaye ka had ho gayi yaar mehngai ki jab main school time me thi to 3 rupaye ka aata tha. ,persuassive,Slightly Negatively persuasive,0,0,0,0,Irony,0,0,0,0
eng33.png,"2018 meme calendar January, February, March, April, May, June, July, August, September, October, November , December. ",non-persuassive,None,0,0,0,0,0,0,0,0,0
data35.png,Snakshi Ramayan Dekha ? Haa Hiran ko kisne mara tha? Salman Khan ne ,non-persuassive,None,0,0,0,0,0,0,0,0,0
fiiile65.png,What it's like living with my husband.... ,non-persuassive,None,0,0,0,0,0,0,0,0,0
eng377.png,Dad after watching kabir singh: beta main toh mazak kar raha tha mai bharega bijli ka bill ,non-persuassive,None,0,0,0,0,0,0,0,0,0
fille45.png,The time when Shah Rukh Khan invited Sushant Singh Rajput on his show. ,non-persuassive,None,0,0,0,0,0,0,0,0,0
eng_file2.png,#CSK v MI #iplmemes *Fans from all over the world waiting for mahi to bat* Le mahi:- Main nahi aaunga ,persuassive,Slightly Negatively persuasive,0,0,0,0,0,0,0,Satire,0
salman58.png,"Salman Khan is the best actor in Bollywood Tumhari mansik stithi aaj thik nahi lag rahi , hun kal phir ayenge Haha #TrollBollywood #Raj* ",persuassive,Slightly Negatively persuasive,0,0,0,0,0,0,0,Satire,0
eng588.png,Me on 13th February ab underground hone ka smay aa gya h ,persuassive,Slightly Negatively persuasive,0,0,0,0,Irony,0,0,0,0
rhea107.png,Me requesting myself to take shower in winter's: ,non-persuassive,None,0,0,0,0,0,0,0,0,0
exa219.png,#Pandit to #Shweta #Shwetayourmicison saala saanp ko paal raha tha ,persuassive,Slightly Negatively persuasive,0,Hyperboles,0,0,0,0,0,Satire,0
meme_378.png,"They Call Him Eid Made Star Highest Grosser of Eid -BB , Highest Grosser Of Diwali - PRDP 2nd Highest Grosser Of Christmas - T2H, Admit it or die bollywood have 3 biggest superstar - Salman Khan , Content. EDX",persuassive,Positively persuasive,0,0,0,0,0,0,0,0,0
romann80.png,"Well, I'm asking you, condie. who is leading china ? ",non-persuassive,None,0,0,0,0,0,0,0,0,0
ramdev0.png,Ramdev's patanjali launches 'coronil' anti - covid tablets; '3-15 days cure; no mortality' peshab karte karte achanak dimag men aa gaya. ,persuassive,Negatively persuasive,0,Hyperboles,0,0,Irony,0,0,Satire,0
exa125.png,Extreme Intolerance in India Wait-Is he a National Icon? ,non-persuassive,None,0,0,0,0,0,0,0,0,0
salman230.png,#Iharatka tenorr when ladki waley ask . Lakda krta kya hai His parents ,persuassive,Slightly Negatively persuasive,0,Hyperboles,0,0,0,0,0,0,0
eeeng18.png,ye bhed bhav kyu? ,persuassive,Neutral,0,Hyperboles,0,0,Irony,0,0,0,0
romann52.png,More than 100 Chinnese Soldieers killed in Galwan Valley : Chinese.... Kreately.in ,persuassive,Slightly Negatively persuasive,0,0,0,0,0,0,0,0,0
meme_892.png,Main Paida hi hot hui thi Gand Nahi Jala Tumhari Maa Ka. ,persuassive,Negatively persuasive,0,0,0,0,Irony,0,0,0,Invective
imgg19.png,"Desptie srinagar being under curfew, a group of Muslims stepped out of their homes to help in the last rites of a kashmiri pandit no matter how many burhan wanis come to spread hatred, Indians will stand united always. ",persuassive,Positively persuasive,0,0,0,0,0,0,0,0,0
imgg7.png,"'Deeply Saddended and angry"" ",persuassive,Negatively persuasive,0,0,0,0,0,0,0,0,Invective
fiiile26.png,Leke kyu aaye he? wo zra medical store per ruk gya tha. that smile,non-persuassive,None,0,0,0,0,Irony,0,0,0,0
romann227.png,"Middle class after every finacial bodget 11AM, 11:30AM 12:30 PM 1:00 PM. ",persuassive,Neutral,0,Hyperboles,0,0,0,0,0,0,0
romann226.png,GST vs Common Man,non-persuassive,None,0,0,0,0,0,0,0,0,0
meme_1207.png,Aisi koi jagah nahi jahan me gaya nahi bhai kabhi sasural gaye ho ? ,persuassive,Neutral,0,0,0,0,Irony,0,0,0,0
salman220.png,Mujhe ghar jaana hai ,non-persuassive,None,0,0,0,0,0,0,0,0,0
salman167.png,Rare picture of Salman Khan With his driver ,persuassive,Neutral,0,0,0,0,Irony,0,0,Satire,0
san76.png,"Aaj mere pass gaadi hai, bangla hai, tumhare pass kya hai? Mere pass Radhe Maa hai ",non-persuassive,None,0,0,0,0,0,0,0,0,0
romann83.png,great wall of china comes in the seven wonders of the world. Coz It is the first and only chinese product which lasted that long.... ,persuassive,Slightly Negatively persuasive,0,0,0,0,0,0,0,Satire,0
imggg143.png,My parents Eaplairing about my exam results to my relatives jab bhi kuch karne jaate hain 2 minute mei dheh jaate hain. ,non-persuassive,None,0,0,0,0,0,0,0,0,0
salman147.png,Chal jhootha ,non-persuassive,None,0,0,0,0,Irony,0,0,0,0
romann116.png,"""6 Item or tax 3?? bahut naainsaafi hai ye"" ",non-persuassive,None,0,0,0,0,0,0,0,0,0
eng128.png,Suhagraat hai ghunghat utha rha hun main.... bhai update dete rehna hum online hai. ,persuassive,Slightly Negatively persuasive,0,0,0,0,0,0,0,Satire,0
san44.png,Sachinasticc Muje log sirf pyaar se baba bulate hai .. mera koi Aashram nahi hai Meanwhile sanju baba.... ,persuassive,Slightly Negatively persuasive,0,0,0,0,0,0,Puns_and_wordplay,Satire,0
salman44.png,"Mre baare mein itna mat sochna court mein aata hoon, jail mein nahi. ",non-persuassive,None,0,0,0,0,0,0,0,0,0
eeeng8.png,"How many letters are there in english alphabets? 23 Without GST, 16 with GST! ",non-persuassive,Neutral,0,0,0,0,Irony,0,0,0,0
fiiile82.png,When relatives see you in public with an opposite gender ,non-persuassive,None,0,0,0,0,0,0,0,0,0
eeeng21.png,"GST kya Hai ? Good night sweet dreams, take care ",non-persuassive,None,0,0,0,0,0,0,0,0,0
fiiile13.png,Suhagaraat hai ghunghat utha rha hun main... bhai update dete rehna hum online hai. ,persuassive,Slightly Negatively persuasive,0,0,0,0,0,0,0,Satire,0
emo14.png,I bet he is thinking about govt. formation Subah ke tweet ke liye koi sher nahi aa raha dimag mein ,persuassive,Slightly Negatively persuasive,0,0,0,0,Irony,0,0,Satire,0
gay59.png,Don't like gay men ? Maybe you just haven't met the right one yet,non-persuassive,None,0,0,0,0,0,0,0,0,0
exa193.png,Palash jain #Shweta After listening story of Shweta people on zoom call to pandit: ,persuassive,Neutral,0,Hyperboles,0,0,0,0,0,Satire,0
data95.png,Pakistan right now: mujhe zimbabwe ke sath khelna hai ,persuassive,Slightly Negatively persuasive,0,Hyperboles,0,0,0,0,0,Satire,0
salman60.png,#There was no concept of physics before Salman Khan.,persuassive,Neutral,0,0,0,0,Irony,0,0,0,0
salman151.png,They made us cry in 2015 now they will make us cry in 2017 Salman Khan rvcjnsta. ,non-persuassive,None,0,0,0,0,0,0,0,0,0
romann244.png,How much do you love me??? 78.00% Why not 100% 28% GST on Luxurious Items.! ,persuassive,Slightly Negatively persuasive,0,0,0,0,Irony,0,0,0,0
romann204.png,What is GST Aija Replied It's a Abbreviation of Good- night sweet dream take care .,non-persuassive,None,0,0,0,0,0,0,0,0,0
exa86.png,"This is the worst batch i have ever seen *Andhra, * Kerala * Tamilnadu. ",persuassive,Neutral,0,0,Personification,0,0,0,0,0,0
eng523.png,Madam kya mai is umar me baap ban sakta hu? nahi to ye baki is pinky ko.. faltu me dara rhe hai.. Class se bahar nikal...  ,persuassive,Slightly Negatively persuasive,0,0,0,0,Irony,0,0,Satire,0
eng343.png,Someone : pyar se badi koi chiz nhi hoti me: paise ka naam suna hai? ,persuassive,Slightly Negatively persuasive,0,0,0,0,0,Analogies,0,0,0
fiiile58.png,Everytime a gay person thinks I'm straight so I have to show them that I'm steering the same direction does this feel straight to you? ,persuassive,Neutral,0,0,0,0,Irony,0,0,Satire,0
rhea125.png,I'm sorry babu ,persuassive,Slightly Negatively persuasive,0,0,0,0,Irony,0,0,Satire,0
san209.png,Woh Friendship day par poori gallery upload karna zaruri hai kya ,non-persuassive,None,0,0,0,0,0,0,0,0,0
exa46.png,Babuji exam se dar nahi lagta slow internet se lagta hai funny Indian Meme. Pncaptin. ,non-persuassive,Neutral,0,0,0,0,0,0,0,0,0
exa27.png,I will comment a joke cos reddit users can take jokes Indian redditors starts downvoting as they are intolerant. they start bashing you so you have to delete your comment ,persuassive,Slightly Negatively persuasive,0,Hyperboles,0,0,Irony,0,0,0,0
eng_file49.png,Mai jo jee raha hu wajah tum ho. Oxygen ki toh koi value hi nahi hai... ,non-persuassive,None,0,0,0,0,0,0,0,0,0
imggg150.png,Gonna tell my kids: Abey . padai - likhayi mai dhyaan lagao. IAS YAS bano ,non-persuassive,None,0,0,0,0,0,0,0,0,0
salman273.png,Salman Khan fans reaction from getting arrested to getting bail in 2 days Salman Khan is the Iphone of Bollywood. same acting in every movie. High market value. no improvements and blind fan following. ,persuassive,Slightly Negatively persuasive,0,0,0,0,0,Analogies,0,0,0
romann122.png,"Tera kia ho ga kaaliaa... ""Saheb maine aapka namak khaaya hai!"" ""ab gabbar tax khilaa"" ",persuassive,Neutral,0,0,0,0,Irony,0,0,0,0
romann24.png,"Main nahi bachega idhar, mar jayega main. complete lockdown for 21 days ",non-persuassive,None,0,0,0,0,0,0,0,0,0
salman211.png,When you're making cold coffee but don't close the dhadkan properly. ,non-persuassive,None,0,0,0,0,0,0,0,0,0
img100.png,Zinda Pakadna hai Bhosdiwalo ko! ,persuassive,Neutral,0,0,0,0,0,0,0,0,Invective
img151.png,Dowry from women's parents during marriage is unlawful so why is it ok to demand money from men's family during divorce? ,non-persuassive,None,0,0,0,0,0,0,0,0,0
eng441.png,Woh friendship day pe whatsapp story me puri gallery upload karna zaruri hai kya ? ,non-persuassive,None,0,0,0,0,0,0,0,0,0
romann19.png,Suhagraat hai ghunghat utha raha hun main.... Bhai update dete rehna hum online hai. ,persuassive,Slightly Negatively persuasive,0,0,0,0,0,0,0,Satire,0
eeeng33.png,"Samosa khayega? Nahi , Aaj Upvas hai mera Bhai mere taraf se hai Meethi chatni dal ke laana ",non-persuassive,None,0,0,0,0,0,0,0,0,0
imggg85.png,"Every PUBG player be like- Shuru Majburi main kiye the, ab maja aa rha hai... ",non-persuassive,None,0,0,0,0,0,0,0,0,0
romann173.png,When I open my books before the day of exam my books:- you still remember me?? ,non-persuassive,None,0,0,0,0,0,0,0,0,0
fiiile113.png,Women should know their role in reforming the society is as important as men ,persuassive,Positively persuasive,0,0,0,0,0,0,0,0,0
imgg19.png,"Desptie srinagar being under curfew, a group of Muslims stepped out of their homes to help in the last rites of a kashmiri pandit no matter how many burhan wanis come to spread hatred, Indians will stand united always. ",persuassive,Positively persuasive,0,0,0,0,0,0,0,0,0
ramdev179.png,"Givt says ut can't vouch for patanjali's claime of having covid 19 medicine mat maan, maa chuda ",persuassive,Neutral,0,0,0,0,0,0,0,Satire,0
exa113.png,Amit Shah appointing Smriti Irani as a Knight of Amethi. #Election Results 2019 #Verdic! 2019.,persuassive,Neutral,0,Hyperboles,0,0,0,0,0,0,0
img71.png,Goest to a night club remobes chappal outside. ,persuassive,Neutral,0,0,0,0,Irony,0,0,0,0
salman147.png,Chal jhootha ,non-persuassive,None,0,0,0,0,Irony,0,0,0,0
salman120.png,"When you feel down and out in life. Went to meet sanjay dutt in jail many times during his worst time, Only Salman helped me in when I was in low phase: bobby deol, Salman would call me very week to check if I'm fine:- Sanjay L bhansali, After my divorce Salman was the one who helped me recovered soon"" - Amir Khan. ",persuassive,Slightly Negatively persuasive,0,0,0,0,0,0,0,Satire,0
eng_file29.png,How your parents see you How your boyfriend see you How your brother see you ,persuassive,Neutral,0,0,0,0,Irony,Analogies,0,0,0
ramdev172.png,"Patanjali Ayurved launched 'coronil', the first-ever clinically tested, veidence-based ayurvdic medicine for curing deadly covid-19 Anti-Covid Tablet Yoga guru Ramdev Baba claimed that 69 per cent of patients recovered within 3 days and 100 per cent in a week or 7 days. ",non-persuassive,None,0,0,0,0,0,0,0,0,0
rhea6.png,"Breaking News Mahesh Bhatt is like my father figure, contrary to what people made out of our relationship ways Rhea Chakraborty chamgadar ko ulta latkaane se morr nhi banta. ",persuassive,Negatively persuasive,0,0,0,0,0,Analogies,0,Satire,0
img144.png,Hum koi mandir ka ghanta hai ki koi bhi aake baja jaata hai ,non-persuassive,None,0,0,0,0,0,0,0,0,0
ramdev8.png,Coronavirus treatment: Ramdev /s Patanjali launches Coronil kit for rs 545 WHO and scientists bhai aap kamal ho bhai kamal ho ,persuassive,Neutral,0,Hyperboles,0,0,0,0,0,Satire,0
san112.png,"Cast of Sanjay Dutt's biopic Ranbir as Sanjay Dutt, Anushka as lawyer satisih Maneshinde , Presh Rawal as Sunil Dutt, Sonam as Tina mun in , who else is excited? ",persuassive,Neutral,0,0,0,0,Irony,0,0,0,0
imggg102.png,"Kashmiri Pandits struggle for existence continuous Yakis, I am Kashmiri Pandits I love my Indentity Yaiks. ",persuassive,Neutral,0,0,0,0,0,0,0,0,0
eng_file193.png,Bihari_ki_memes @Bihar Memes -20s Me : R.D Sharma se sums karne ke baad N Asan Lagegi...... After solving two questions.... Le R.D Sharma-: ka huaa fat gayi gand. ,persuassive,Slightly Negatively persuasive,0,0,0,0,0,0,Puns_and_wordplay,0,Invective
data102.png,Yo Kejriwal so honest He got this memory card arrested Bacause it got corrupt. ,persuassive,Positively persuasive,0,0,0,0,0,Analogies,0,0,0
meme_528.png,Bhad Me jaaye Rally.. Jaldi Bhago Chota Bheem Shuru Hone Wala Hai ,persuassive,Slightly Negatively persuasive,0,0,0,0,0,0,0,Satire,0
rhea120.png,Help me obi-elon your my only hope,non-persuassive,None,0,0,0,0,0,0,0,0,0
img91.png,"Sanjay Raut Udhav Thackrey Cabinet Minister, Ministry of Memes in... ",persuassive,Neutral,0,0,0,0,0,0,0,Satire,0
emo43.png,All the youth boys / girls of Kashmir on the way to get VPN apps Kshmir Jio Airtel X VPN. ,persuassive,Slightly Negatively persuasive,0,0,0,0,0,0,0,Satire,0
eng530.png,"Gf vo hai jo aap ki saari aadaton ko badal degi phir 2 saal baad kahegi babu tum pehle jaise nahi rahe"" ",persuassive,Slightly Negatively persuasive,0,0,0,0,Irony,0,0,0,0
salman165.png,Salman Khan Shah Rukh Khan Amir Khan Irfan Khan,non-persuassive,None,0,0,0,0,0,0,0,0,0
imggg150.png,Gonna tell my kids: Abey . padai - likhayi mai dhyaan lagao. IAS YAS bano ,non-persuassive,None,0,0,0,0,0,0,0,0,0
imggg78.png,Jab katne ki aukaat na ho to bhaunkna bhi nahi chahiye ,persuassive,Negatively persuasive,Metaphors,Hyperboles,0,0,0,0,0,0,0
data11.png,When someone replies to me in english me to google translator: padh toh be kaa likha hai ,non-persuassive,None,0,0,0,0,0,0,0,0,0
eng36.png,Hindi is our national language aahaan ,persuassive,Slightly Negatively persuasive,0,0,0,0,Irony,0,0,0,0
ramdev88.png,Ramdev's Patnajali launches 'Coronil' anti- Covid tabtets; 3-15 days cure; no mortality' peshab karte karte achanak dimag me aa gya ,persuassive,Negatively persuasive,0,Hyperboles,0,0,Irony,0,0,Satire,0
eng_file250.png,"Meet Vashishtha Narayan Singh From Basantpu, Bihar The man who challenged works of Albert einstein great mathematician alive!! ",persuassive,Slightly Positively persuasive,0,0,0,0,0,Analogies,0,0,0
data85.png,what's the best part about dead baby jokes? They never get old ,persuassive,Slightly Negatively persuasive,0,0,Personification,0,0,0,0,0,0
romann27.png,*In exam of 3 hrs* Examiner be like:- jab tak ye khel khatam nahi hoga. appun idhar ich hai. ,non-persuassive,None,0,0,0,0,0,0,0,0,0
fiiile72.png,"Ex : kya main tumhe abhi bhi yaad aati hu? Me: ha Ex : pure din ya bas raat ko? Me : nahi nahi, bas hagte time *EX ",persuassive,Slightly Negatively persuasive,0,0,0,0,0,0,0,0,Invective
eng438.png,When you see Aunties and girls wearing backless for a shadi function during winters. Mma hai kya bhosdike mama hai... tereko daar nahi lagta. ,persuassive,Slightly Negatively persuasive,0,0,0,0,Irony,0,0,Satire,Invective
romann46.png,For us GST is our Ganguly Sehwaf and Master blaster sachin tendulkar GST .,non-persuassive,None,0,0,0,0,0,0,0,0,0
gay81.png,""" I fuck on first dates"" -Susan Boyle",non-persuassive,None,0,0,0,0,0,0,0,0,0
ramdev72.png,*Ministry of Ayush * Baba Ramdev Permission lena chahiye naa ,persuassive,Neutral,0,0,0,0,Irony,0,0,Satire,0
romann181.png,"Tax GST, CGST ",persuassive,Slightly Negatively persuasive,0,0,0,0,0,0,0,Satire,0
imggg70.png,"Bitta Karate -a Kashmiri Militant, admits slaughtering Kashmiri Pandits on TV. ",persuassive,Negatively persuasive,0,0,0,0,0,0,0,0,Invective
eeeng17.png,"The deviousness with which an 8-year-old boy was framed for 'blasphemy' in pakistan, facing death sentence now Hindu Needs Human Rights Stop raps killing. ",persuassive,Positively persuasive,0,0,0,0,Irony,0,0,0,0
data89.png,*The common man hindu muslim ka kya ha.economy unemployment ka baal kar *the nationalist anchor' nahi mujha sri hindu muslim hi sahta. hindu muslim Hindi message hindu muslim. ,persuassive,Slightly Negatively persuasive,0,0,0,0,0,0,0,Satire,0
salman255.png,"Mere baare mein itna mat sochna court mein aata hoon, jail mein nahin... ",non-persuassive,None,0,0,0,0,0,0,0,0,0
ramdev54.png,Corona after #patanjali releases #Coronil Medicine Thik hai bhai ab main chalta hoon ,persuassive,Neutral,0,0,0,0,0,0,0,Satire,0
salman196.png,aap devil ke piche devil aapke piche too much fun ,non-persuassive,None,0,0,0,0,0,0,0,0,0
salman167.png,Rare picture of Salman Khan With his driver ,persuassive,Neutral,0,0,0,0,Irony,0,0,Satire,0
img167.png,Udhav Thackeray when he saw the news in the morning. ,persuassive,Neutral,0,Hyperboles,0,0,0,0,0,Satire,0
img14.png,When you didn't ask for dowry coz u lov her but her mother ask for heavy jawellery for marriage you: ,persuassive,Neutral,0,0,0,0,Irony,0,0,0,0
fiiile11.png,"Nibba - mat ro baby , 3 may ko to milna hi hai hamko.. *Modi ji- ",non-persuassive,None,0,0,0,0,0,0,0,0,0
exa26.png,No parking not 5 minutes not 30 seconds not at All ! Height of Intolerance ,persuassive,Neutral,0,0,0,0,Irony,0,0,Satire,0
eng556.png,When your friend proposes the girl you both like har dosti main ek hadh hoti hai... Aaj tune woh hadh paar kar di..,non-persuassive,None,0,0,0,0,0,0,0,0,0
romann195.png,Pewdiepie banned in china first time? huh? ,persuassive,Neutral,0,0,Personification,0,Irony,0,0,0,0
salman0.png,#Black buck poaching case # Salman Khan #Salman Khan Judge - Where is dead body of that blackbuck? Salman Khan. ,persuassive,Slightly Negatively persuasive,0,0,0,0,Irony,0,0,0,0
img101.png,Aola Haramkhor Shivsena se hoga Haramkhor Means Naughty,persuassive,Negatively persuasive,0,0,0,0,0,0,0,0,Invective
romann181.png,"Tax GST, CGST ",persuassive,Slightly Negatively persuasive,0,0,0,0,0,0,0,Satire,0
salman74.png,"Salman Khan 's night mares Hit Andrun, Hit Andrun, Hitanrun, HI...A...RUN , HI....R....UN HIRUN, HIRUN.Being human being human bei.... Uman bei...man Beiman. ",persuassive,Neutral,0,0,0,0,0,Analogies,Puns_and_wordplay,Satire,0
san146.png,Matlab Aisa bilkul immediate nahi soche hain but.. sochenge. ,non-persuassive,None,0,0,0,0,0,0,0,0,0
gay39.png,Sorry Uncle!! galti se dahi gir gaya aapke upar BKL dahi hi jai na? tu johnny sings jaisa dikh raha hai.,persuassive,Negatively persuasive,0,0,0,0,0,0,0,0,Invective
eng419.png,Uses tamilish - hindi while speaking but sings in proper hindi ,persuassive,Negatively persuasive,0,0,0,0,Irony,0,0,0,0
data21.png,When your son's name is Allah Akbar And you lose him at the mall ,non-persuassive,None,0,0,0,0,0,0,0,0,0
exa117.png,Mullas to Kashmiri Pandits sakte tum Yahan nahi reh sakta main ,persuassive,Slightly Negatively persuasive,0,0,0,0,Irony,0,0,0,0
meme_287.png,Me Encouraging Police For Beating Everyon On Road Khopdi Tod Saale ka ,persuassive,Slightly Negatively persuasive,0,0,0,0,Irony,0,0,0,Invective
imggg71.png,*When You're giving viva and every one the Answer except you* Viva Examiner: ,non-persuassive,None,0,0,0,0,0,0,0,0,0
salman1.png,Mistery solved Salman and his driver found ,non-persuassive,None,0,0,0,0,0,0,0,0,0
eng350.png,"When you just got knocket out And your friend asks ""waha 8x scope lene chale?"" ",non-persuassive,None,0,0,0,0,0,0,0,0,0
ramdev189.png,# Coronil Other Pharmaceutcal companies asking tommorrow for conronil # Baba Ramdev Mein nahi bataunga ,persuassive,Neutral,0,0,0,0,0,0,0,Satire,0
san96.png,Haan Haan ab bolo isko bhi maine help kiya hai ,non-persuassive,None,0,0,0,0,0,0,0,0,0
eng347.png,Dad i swear that was shampoo on the toilet seat lolindian.com ,persuassive,Negatively persuasive,0,0,0,0,Irony,0,0,0,0
gay138.png,When your gay boyfriend dies of aids why is he oppening?... ,persuassive,Slightly Negatively persuasive,0,0,0,0,Irony,0,0,0,0
eng_file187.png,"Even America Could not save Pakistan During 1999 kargil , war , America phoned Mr. Vajpayee at night and Advised him to give kashmir to pakistan or lese pakistan would laungh nuclaer Bomb on India, Vajpayee Said, "" I already have considered that 501 India has been wiped off but I can Assure your, there would be no sign of Pakistan on world map by Tommorrow morning "" and he hanged up this was the personality of our former PM Atal Bihari Vajpayee. ",persuassive,Slightly Positively persuasive,0,0,0,0,0,Analogies,0,0,0
meme_239.png,"Diye do haath , kya galat kiya ? ",non-persuassive,None,0,0,0,0,0,0,0,0,0
emo31.png,Me one day before the exams ,non-persuassive,None,0,0,0,0,0,0,0,0,0
meme_280.png,Your reaction when the teacher tells your parrents dimaag toh accha hai iska. bas padhta nahin hai ,non-persuassive,None,0,0,0,0,0,0,0,0,0
romann70.png,Heavy rain inderdev also wants to clear his stock before 30th june GST effect. ,persuassive,Neutral,Metaphors,0,0,0,0,0,Puns_and_wordplay,0,0
salman203.png,When you are working with Salman Khan but still hvae to pramote your brand. ,persuassive,Slightly Negatively persuasive,0,0,0,0,Irony,0,0,0,0
imggg116.png,One month after you get your first internship in a digital marketting firm Saala NPA ban gaye hain hum non perfroming asset. ,non-persuassive,None,0,0,0,0,0,0,0,0,0
eng360.png,Hey upar wale 2021 toh dkha doga na uppar wala iski guarantee me nahi de sakta ,non-persuassive,None,0,0,0,0,0,0,0,0,0
data101.png,"Mujhe divorce chahiye, mere pati active nahi hai.. Lekin tumhare pati to kabaddi champion hai Yahi to problem hai, sirf touch karke bhag jaate hai ",persuassive,Slightly Negatively persuasive,0,0,0,0,Irony,Analogies,0,0,0
meme_1014.png,"Dil toh sabke pass hota hai, lekin sab dilwale nahi hote books bhi sab ke pass hoti hai, lekin sab padhne wale nahi hote ",non-persuassive,None,0,0,0,0,0,0,0,0,0
salman86.png,Abey tuphir aagya... ,persuassive,Slightly Negatively persuasive,0,Hyperboles,0,0,0,0,0,Satire,0
imggg24.png,After seeing Mirzapur 2 trailer *Amazon prime *Disney *hotstar Kaanp kahe rahi ho ? ,persuassive,Neutral,0,0,Personification,0,0,0,0,0,0
romann15.png,Ten please keep your long hair don't cut it ,non-persuassive,None,0,0,0,0,0,0,0,0,0
img11.png,hara*khor ladki naughty,persuassive,Negatively persuasive,0,0,0,0,0,0,0,Satire,Invective
romann89.png,Alia : yar I want to understand this GST to phir aao kabhi haveli pe. ,non-persuassive,None,0,0,0,0,0,0,0,0,0
data41.png,When your son's name is Allah Akbar And you lose him at the mall ,non-persuassive,None,0,0,0,0,0,0,0,0,0
eng154.png,There is no place for corupt people in our party but why mumma ? because its houseful. ,persuassive,Negatively persuasive,0,0,0,0,Irony,0,0,Satire,0
eng_file247.png,Tum wahi na jo dhanteras par mummy ke saath bartan khareedne nahi maal dekhne jaata hai ,persuassive,Slightly Negatively persuasive,0,0,0,0,Irony,0,0,0,0
meme_389.png,Salman Khan Be Like Follow us on Instagram,persuassive,Neutral,0,0,0,0,Irony,0,0,Satire,0
romann229.png,Modi ji Right now. #gstrollout ,persuassive,Neutral,0,0,0,0,0,0,0,Satire,0
salman78.png,My boss when I reach office on time. Aisa pehli baar hua hai 17-18 saalon mein. ,non-persuassive,None,0,0,0,0,0,0,0,0,0
img27.png,If your in -laws ask for dowry should they be called outlaws? ,persuassive,Neutral,0,0,0,0,0,0,Puns_and_wordplay,0,0
ramdev131.png,any disease exists.. le baba ramdev: Mai...merko sab ata hai.... Mai expert hu ,persuassive,Neutral,0,0,0,0,0,0,0,Satire,0
eng422.png,Hoy many black dots ? life mein dusri baar dimaag ka bhosda hua. ,non-persuassive,None,0,0,0,0,0,0,0,0,0
ramdev26.png,"Vivo Indian premier league , Patanjali bharat premier league ",persuassive,Neutral,0,0,0,0,0,0,0,Satire,0
eng613.png,Apna time ayega time be like: main likh ke deta hoon koi ni ayega ,non-persuassive,None,0,0,0,0,0,0,0,0,0
romann75.png,"GST tax footwear less than Rs. 500 to be taxed 5% and above Rs. 500 to be taxed 18% cen: govt , Footwear tax people IRU ya.. iru ya.. irukura tax eh katta mudila... ",persuassive,Slightly Negatively persuasive,0,Hyperboles,0,0,0,0,0,0,0
ramdev51.png,Baba Ramdev Glenmark han apun ne cheating kiya jo ukhadna hai ukhad le ,persuassive,Negatively persuasive,0,Hyperboles,Personification,0,0,0,0,Satire,0
eng_file1.png,Bihari spotted ,persuassive,Negatively persuasive,0,0,0,0,0,0,0,0,Invective
data2.png,*When quests/relatives visit your house:- Abhi ayega na bhidu ,non-persuassive,None,0,0,0,0,0,0,0,0,0
eng52.png,"I will use ""phone a friend"" , kya karte hai aapke dost ? Gaand mein chatri dalek khol dete hai Computer ji. Bunty ko phone lagaya jaaye. ",persuassive,Slightly Negatively persuasive,0,0,0,0,0,0,0,0,Invective
san115.png,Vaastav sanju baba like/share/subscribe ,non-persuassive,None,0,0,0,0,0,0,0,0,0
imggg46.png,Me to after watching # Mirzapur2 Aapse better umeed kiye the hum. ,non-persuassive,None,0,0,0,0,0,0,0,0,0
romann242.png,What is GST...? good night sweet dream and..? Take care...! ,non-persuassive,None,0,0,0,0,0,0,0,0,0
romann39.png,"The Authority for Advance Rulings (Karnataka bench); ""Paratha is not roti, must be taxed at 18% GST'. *Roti Aisa kya hai usme, jo mujhme nahi hai ? ",persuassive,Neutral,0,0,Personification,0,0,0,Puns_and_wordplay,Satire,0
eng_file134.png,Chor... Shatir Chor... Fir aate hain 3D movies dekhne ke baad chasma chura lene waale log. ,non-persuassive,None,0,0,0,0,0,0,0,0,0
san209.png,Woh Friendship day par poori gallery upload karna zaruri hai kya ,non-persuassive,None,0,0,0,0,0,0,0,0,0
gay126.png,Leave no man behind leave no man's behind ,persuassive,Negatively persuasive,0,0,0,0,Irony,0,Puns_and_wordplay,Satire,0
img12.png,"We want dowry in dollars, not rupees",persuassive,Slightly Negatively persuasive,0,0,0,0,0,0,0,Satire,0
eng31.png,Ma kasam maar dalunga ! ,persuassive,Negatively persuasive,0,0,0,0,0,0,0,0,Invective
eeeng32.png,When Someone tries explaining GST to you Arrey kehna kya chahte ho? GST Roll Out ScoopWhoophumor ,non-persuassive,None,0,0,0,0,0,0,0,0,0
exa170.png,Ya toh zimmedaari uthao desh ko badalne ki ya nikal lo desh ko intolerant bol kar,persuassive,Slightly Negatively persuasive,0,0,0,0,Irony,0,0,Satire,0
data50.png,Principal : Students here's ur new teacher ! great her girls: Gud morning ma'm Boys:- Biyah ho gya tmhra? ,persuassive,Negatively persuasive,0,Hyperboles,0,0,Irony,0,0,0,0
fiiile92.png,Reply nahi karna toh message bhi seen mat kiya karo Zyada bezzati feel hoti hai ,non-persuassive,None,0,0,0,0,0,0,0,0,0
san192.png,When everyone is being accused of sexual harrasment But you're safe even after having sex with 308+girls. ,persuassive,Negatively persuasive,0,0,0,0,Irony,0,0,Satire,0
img33.png,Saala ye mere facebook pe ek banda itni sad shayri krta hai ab tou mai bhi uski girlfriend ko miss krne laga hoon. ,persuassive,Neutral,0,Hyperboles,0,0,0,0,0,0,0
exa217.png,"Camobodian genocide 2 million killed in 1975-1979 Triols began in 2007, Kashmiri Pandit Killings 700 KPs killed in 1989-90 Toa lota? ",persuassive,Neutral,0,0,0,0,0,Analogies,0,0,0
data41.png,When your son's name is Allah Akbar And you lose him at the mall ,non-persuassive,None,0,0,0,0,0,0,0,0,0
imggg28.png,Chull mach rhi hai hamko bahut jayda,non-persuassive,None,0,0,0,0,0,0,0,0,0
salman201.png,Single hamare bhai engineer se kam he ke ? ,persuassive,Neutral,0,0,0,0,0,0,Puns_and_wordplay,0,0
rhea112.png,"Rhea aated Aditya roy kapoor? Ek aurat kitni giri hui ho sakti hai, isne toh... ",persuassive,Negatively persuasive,0,0,0,0,0,0,0,0,Invective
san194.png,"3 Saal me Modi ji ne Baba Ramdev ko Businessman bana diya, Ab agle 2 saalo me Businessman ko Baba banane ki yojna hai... Fool Proof Plan..:P ",persuassive,Neutral,0,0,0,0,0,0,0,Satire,0
eeeng22.png,GST vs Common Man,non-persuassive,None,0,0,0,0,0,0,0,0,0
eng_file156.png,Bihari to spanish people after knowing even they call police as policia Are bhaisahab gothra kya hai aapka? ,persuassive,Negatively persuasive,0,0,0,0,0,0,Puns_and_wordplay,Satire,0
salman211.png,When you're making cold coffee but don't close the dhadkan properly. ,non-persuassive,None,0,0,0,0,0,0,0,0,0
gay24.png,Are emojis turning kids gay? fox news alert *Reddit Yes. ,persuassive,Neutral,0,0,0,0,Irony,0,0,0,0
eng446.png,Sun rahi hai na tu abe usk kaan se haath to hata ,persuassive,Slightly Negatively persuasive,0,0,0,0,Irony,0,0,0,0
fille84.png,In search of gold we lost diamond ,persuassive,Neutral,0,Hyperboles,0,0,Irony,0,0,0,0
fiiile89.png,"January 2019, January 2020",non-persuassive,None,0,0,0,0,0,0,0,0,0
eng272.png,Kal se life and office second kha meri kasam ? mar jayega tu.. ,persuassive,Slightly Negatively persuasive,0,Hyperboles,0,0,0,0,0,0,0
img22.png,"""Letting gays marry would destroy traditional marriage"" Doesn't know what a dowry is ",persuassive,Slightly Negatively persuasive,0,0,0,0,0,0,0,Satire,0
img153.png,Lands in Soup ,persuassive,Neutral,0,0,0,0,0,0,0,Satire,0
data62.png,"When you see photos of yourself from 5 years ago oh honey, no, what were you thinkin. ",non-persuassive,None,0,0,0,0,0,0,0,0,0
rhea101.png,Rhea Chakraborty tells Sara Ali Khan name to NCB ,persuassive,Slightly Negatively persuasive,0,0,0,0,Irony,0,0,0,0
salman138.png,Do gaj doori ... vacine bhi zaruri ,persuassive,Neutral,0,0,0,0,0,0,Puns_and_wordplay,0,0
fiiile56.png,When u stalkin a guys Insta account and u tryna find any hints if he gay or not ,persuassive,Slightly Negatively persuasive,0,0,0,0,Irony,0,0,0,0
romann195.png,Pewdiepie banned in china first time? huh? ,persuassive,Neutral,0,0,Personification,0,Irony,0,0,0,0
img37.png,Girls sacrifice their true love only for their parents' happiness ,persuassive,Positively persuasive,0,0,0,0,Irony,0,0,0,0
meme_216.png,"Mere Bare mein itna mat sochna court mein aata hoon, jail mein nahin.... ",non-persuassive,None,0,0,0,0,0,0,0,0,0
imggg19.png,"Every PUBG player be like- Shuru Majburi main kiye the, ab maja aa rha hai... ",non-persuassive,None,0,0,0,0,0,0,0,0,0
ramdev108.png,Baba Ramdev to China Kyu... Hila diya na ,persuassive,Slightly Negatively persuasive,0,Hyperboles,0,0,0,0,0,Satire,0
fille81.png,Last night's match winning selfie of Sushant Singh Rajput and MS Dhoni ,non-persuassive,None,0,0,0,0,0,0,0,0,0
san178.png,Come... fall in love Dilwale Dulhania Le Jayenge. ,persuassive,Negatively persuasive,0,0,0,0,Irony,0,0,Satire,0
imggg42.png,When you breake up for 255th time with your girlfriend. your friend: Aap Ch*tiya hain. ,non-persuassive,None,0,0,0,0,0,0,0,0,0
fiiile6.png,Are you sure yah aapki hi income tax file hai? haan meri hi hai...Aap aise kyon pooch rahe hain. kyonki ismein 69 lakhs ka laundry bill hai.. aru aap kapde pehenti ni... ,persuassive,Slightly Negatively persuasive,0,0,0,0,Irony,0,0,Satire,0
eng472.png,Yearly exams ke results ane wale h... ab underground hone ka samay aa gya h ,non-persuassive,None,0,0,0,0,0,0,0,0,0
gay9.png,Son I have no problem with you being gay but couldn't you have found a nice indian boy? ,persuassive,Negatively persuasive,0,0,0,0,Irony,0,0,0,0
eng_file227.png,Kapish I watch series like a movie and movies like a series ,persuassive,Neutral,0,0,0,0,Irony,0,0,0,0
imggg129.png,Matlab Aisa bilkul immeditae nahi soche hain but.. sochenge. ,non-persuassive,None,0,0,0,0,0,0,0,0,0
ramdev181.png,Patnajali trust denies ima's allegations. ,persuassive,Neutral,0,0,0,0,0,0,0,Satire,0
salman52.png,#NAME?,non-persuassive,None,0,0,0,0,0,0,0,0,0
romann126.png,"""Paratha is not roti, must be taxed at 18% GST"". *Roti Aisa kya hai usme, jo mujhme nahi hai? ",persuassive,Neutral,0,0,Personification,0,0,0,Puns_and_wordplay,Satire,0
eng469.png,When you are with your boyfriend and your relatives see you... ,non-persuassive,None,0,0,0,0,0,0,0,0,0
eng62.png,Condition of every RCB fan! har baar garam karke thanda hi chhod dete hai humko! ,non-persuassive,None,0,0,0,0,0,0,0,0,0
img134.png,Din me 7 se adhik baar muth marna still a dream of many middle class boys.,persuassive,Negatively persuasive,0,0,0,0,0,0,0,0,Invective
fille6.png,Sushant Singh Rajput dog fudge is no more !! he stopped eating too. couldn't bear the pain of the loss of his owner. ,non-persuassive,None,0,0,0,0,0,0,0,0,0
rhea145.png,Sorry babu Sorry Babu main tumhe aur ni loot sakti sorry babu ,persuassive,Slightly Negatively persuasive,0,0,0,0,Irony,0,0,0,0
san43.png,"After watching Ranbir's Acting in Sanju Trailer Sanju Baba be like- Mamu, tu toh apun se bhi aage nikal gaya! ",non-persuassive,None,0,0,0,0,0,0,0,0,0
data17.png,Allah is Watching When you protend to break your fast wtt the family but you and Allah know you already broke it earlier. ,persuassive,Slightly Negatively persuasive,0,0,0,0,Irony,0,0,0,0
eng166.png,You like this drink Iike this drink we're not same bro,persuassive,Slightly Negatively persuasive,0,0,0,0,0,Analogies,0,0,0
salman35.png,Tum toh meri jaan lekar hi rahoge... Footpath pe soti ho kya ,persuassive,Neutral,0,0,0,0,Irony,0,0,0,0
data0.png,Shivam Dube Lays company making chips* chips be like:- Abe mereko to andar lo. ,persuassive,Neutral,0,0,Personification,0,0,0,0,0,0
salman204.png,Jal me rahkar magar se bair thik nahin aur bollywood mai rahkar Salman Khan se Nahi. ,persuassive,Slightly Negatively persuasive,0,Hyperboles,0,0,0,Analogies,Puns_and_wordplay,0,0
salman297.png,Jail dikhata hai Madarjaat! ,persuassive,Slightly Negatively persuasive,0,0,0,0,0,0,0,0,Invective
eng_file135.png,I'm online 24x7 Doesn't mean I'm ,non-persuassive,None,0,0,0,0,0,0,0,0,0
eng506.png,"Yeh banda ab tak zinda kaise hai yaar? Ashwothama hai apun, kabhi nahi marega ",non-persuassive,None,0,0,0,0,0,0,0,0,0
eng_file140.png,"band karo band karo , khule mein hagna band karo ",persuassive,Positively persuasive,0,0,0,0,0,0,Puns_and_wordplay,0,0
fille32.png,Career kharab kr deta hoon fir 50 crore ki film se 1 crore ki charity kr ke sbka mu band kar dunga ,persuassive,Negatively persuasive,0,0,0,0,0,0,0,0,0
meme_860.png,Bhai dhokha ho gya dhoka...!! Kaise bhai kya hua??? Ghar se hooks ke liye paise mangwaye the ghar walon ne books hi bhej di..!! ,non-persuassive,None,0,0,0,0,0,0,0,0,0
eng_file117.png,Some - mai tumhe samajh sakta hu ! ? :me Toh jujhe b smjha do ,non-persuassive,None,0,0,0,0,0,0,0,0,0
eng377.png,Dad after watching kabir singh: beta main toh mazak kar raha tha mai bharega bijli ka bill ,non-persuassive,None,0,0,0,0,0,0,0,0,0
salman70.png,"Salman Khan is true crusader against Nepotism to fight against this evil system, he decided not to have kids. ",persuassive,Neutral,0,0,0,0,0,0,0,Satire,0
img113.png,"Yogi Adityanath aur Uddhav Thackeray men film city ko lekar vivad jaari, press conference ka CM Youg ne diye Uddhav aur Sanjay Raut ke har saval ka diya karara javab. hum industry ko kahin nahin jaane denge. ",non-persuassive,None,0,0,0,0,0,0,0,0,0
img91.png,"Sanjay Raut Udhav Thackrey Cabinet Minister, Ministry of Memes in... ",persuassive,Neutral,0,0,0,0,0,0,0,Satire,0
san139.png,"Sanjay Dutt admitted to hospital for breathlessness, tests negative for Covid-19. pray for his quick recovery ",non-persuassive,None,0,0,0,0,0,0,0,0,0
meme_120.png,Ladki ko ladka aisa chahiye jo kabir singh jaisa pyaar kare Lekin Cigrattte aur Daru na piye Aise Kaise Chalegaa Didi ,persuassive,Slightly Negatively persuasive,0,0,0,0,Irony,0,0,0,0
ramdev81.png,Abhi ke abhi ye kachara bori me dalo aur yaha se chalte bano. ,persuassive,Slightly Negatively persuasive,0,0,0,0,Irony,0,0,Satire,0
fiiile71.png,#HighOnMX Gf: Baby phone ka password batao. Bf: Nahi bataunga ,non-persuassive,None,0,0,0,0,0,0,0,0,0
rhea86.png,Use headphones Rhea Chakraborty Viral Video Meme ,non-persuassive,None,0,0,0,0,0,0,0,0,0
rhea65.png,Apna time Aayega? ,non-persuassive,None,0,0,0,0,0,0,0,0,0
eng245.png,Yeh kachra kahan se aata hai ,persuassive,Slightly Negatively persuasive,0,0,0,0,0,Analogies,0,0,0
gay16.png,"""Samantha alway told herself that she 'd never make it to 21. she was right... but he did"" ",non-persuassive,None,0,0,0,0,0,0,0,0,0
eng611.png,When your friend proposes the girl you both like har dosti main ek hadh hoti hai... Aaj tune woh hadh paar kar di..,non-persuassive,None,0,0,0,0,0,0,0,0,0
img100.png,Zinda Pakadna hai Bhosdiwalo ko! ,persuassive,Neutral,0,0,0,0,0,0,0,0,Invective
romann46.png,For us GST is our Ganguly Sehwaf and Master blaster sachin tendulkar GST .,non-persuassive,None,0,0,0,0,0,0,0,0,0
meme_852.png,Car m baith kar chutiyo ki trh live ana zaruri h kya ? ,non-persuassive,None,0,0,0,0,0,0,0,0,0
fille24.png,After gettng internship & all stuffs about xpert: le me* bada mazedar app h be. ,non-persuassive,None,0,0,0,0,0,0,0,0,0
eng_file179.png,"Padosi kehte  hai ki ek haath se taali nahi bajti, humne kaha ki chutki to baj sakti hai! (Referring to terrorist camps in Pakistan) ",persuassive,Slightly Negatively persuasive,0,0,0,0,0,0,Puns_and_wordplay,Satire,0
eng320.png,"Crush enters the class my friends looking at me , my friendly yeacher who knows everything my reaction. ",non-persuassive,None,0,0,0,0,0,0,0,0,0
eng412.png,"Bjijli kahan se aati hai ! mama ke yahan se. kaise ?? jab bhi bijli jaati hai tab papa bolte hai.. kaat di ""saalon ne ! ",non-persuassive,None,0,0,0,0,0,0,0,0,0
gay74.png,*Suddenly electricity goes off in school* Everyone in classroom: AVAVAVAVAVAVAVAV ,non-persuassive,None,0,0,0,0,0,0,0,0,0
salman74.png,"Salman Khan 's night mares Hit Andrun, Hit Andrun, Hitanrun, HI...A...RUN , HI....R....UN HIRUN, HIRUN.Being human being human bei.... Uman bei...man Beiman. ",persuassive,Neutral,0,0,0,0,0,Analogies,Puns_and_wordplay,Satire,0
img12.png,"We want dowry in dollars, not rupees",persuassive,Slightly Negatively persuasive,0,0,0,0,0,0,0,Satire,0
romann35.png,Galat fehmi bahut badi galat fehmi Abhi kuch der aur so jaata hu. subah 5 baje uth ke padhunga. ,non-persuassive,None,0,0,0,0,0,0,0,0,0
salman118.png,Between two legs itna danda maarenge ki na bajne layak rahoge na bajane layak! ,persuassive,Slightly Negatively persuasive,0,0,0,0,0,0,Puns_and_wordplay,0,0
eng258.png,"7 din mein paisa triple, Show me the best scheme, 100 rs mein unlimited panipuri , I said the best, perfection. ",non-persuassive,None,0,0,0,0,0,0,0,0,0
img177.png,Sena distances from Raut's Remark. ,non-persuassive,None,0,0,0,0,0,0,0,0,0
san216.png,Mom - beta ek kaam karoge ? Me- Nahi  ,non-persuassive,None,0,0,0,0,0,0,0,0,0
exa200.png,This woman gives chilling details about persecution of kashmiri pandits ,persuassive,Slightly Positively persuasive,0,0,0,0,0,0,0,Satire,0
rhea139.png,Mashoor meri drug connection ki kahani hogi ,persuassive,Slightly Negatively persuasive,0,0,0,0,0,0,Puns_and_wordplay,Satire,0
img111.png,Kyu...Hila dala na,non-persuassive,None,0,0,0,0,0,0,0,0,0
san92.png,"Bappu, Sanjay Baba phir bahar aa gaye toh main kya nachun. BC ? ",persuassive,Slightly Negatively persuasive,0,0,0,0,0,0,0,Satire,Invective
salman52.png,#NAME?,non-persuassive,None,0,0,0,0,0,0,0,0,0
romann6.png,"Anyone has questions ?? Sir, Income tax salary ka kitna % hota hai?? Beta , Income tax tho badi cheej hai, teri salary pe tho GST bhi maaf hogi !!! ",non-persuassive,None,0,0,0,0,Irony,0,0,0,0
eng_file208.png,toughest choice for Bihari i love you UPSC Chaini Chaini Tag a bihari nooffense justforlaughs upscinsulthaikya? ,persuassive,Slightly Negatively persuasive,0,0,0,0,Irony,0,0,Satire,0
san96.png,Haan Haan ab bolo isko bhi maine help kiya hai ,non-persuassive,None,0,0,0,0,0,0,0,0,0
imggg61.png,"bohot bohot dhanyawad , Ab tum jaa sakte ho ",non-persuassive,None,0,0,0,0,0,0,0,0,0
meme_175.png,' I Will Watch Dangal First Day First Show For my Langot yaar Aamir Khan Amar- Prem Forever # Deadpool # Troil Boliywood ,persuassive,Slightly Positively persuasive,0,0,0,0,0,0,Puns_and_wordplay,0,0
meme_255.png,Kids Love This Faisal Real Girls Love This Faisal ,non-persuassive,None,0,0,0,0,0,0,0,0,0
san127.png,When life gives you 'Baba' Make it Ramdev Baba not Swami om Baba. ,persuassive,Neutral,0,0,0,0,0,0,Puns_and_wordplay,Satire,0
img143.png,Kangana Ranaut puts up a post saying she has explained her point of view to maharashtra Governer Bhagat Singh Koshyari in thier meeting,non-persuassive,None,0,0,0,0,0,0,0,0,0
romann118.png,The best humanity service we all Indians Do.. Bhaiya ... side stand upar karo.. ,persuassive,Neutral,0,0,0,0,Irony,0,0,Satire,0
eng231.png,"What if digvijay singh, manish tiwari and manishankar ayyar are actually rss members and they're making congress look like idiots on purpose. ",persuassive,Slightly Negatively persuasive,0,0,0,0,0,0,0,Satire,0
imggg72.png,Nasseruddin Shah Actor It will be very dificult to capture this dijinn. ,non-persuassive,None,0,0,0,0,0,0,0,0,0
exa121.png,"Main kabhi batlaata nahin Intolerance se darta hoon main, maa Intolerance ka matlab bhi pata hai? kabhi bade daanton waale bachhon se pooch. ",persuassive,Slightly Negatively persuasive,0,0,0,0,0,Analogies,0,Satire,0
eng210.png,Roses are red violets are blue khaa meri kasam ? mar jaayenga tu ,non-persuassive,None,0,0,0,0,0,0,0,0,0
exa83.png,When jigri uses internet for he first time kus Taavan ,non-persuassive,None,0,0,0,0,0,0,0,0,0
eng536.png,Madam kya mai is umar me baap ban sakta hu? nahi to ye baki is pinky ko.. faltu me dara rhe hai.. Class se bahar nikal...  ,persuassive,Slightly Negatively persuasive,0,0,0,0,Irony,0,0,Satire,0
meme_393.png,Shah Rukh Khan Hod A Affair After Marriage Amir Khan Announce His Second Divorce Best Is Salman Khan Forever Single ,non-persuassive,None,0,0,0,0,0,0,0,0,0
san224.png,"Aaj mere pass gaadi hai, bangla hai, tumhare pass kya hai? Mere pass Radhe Maa hai ! ",persuassive,Neutral,0,0,0,0,Irony,0,0,Satire,0
exa184.png,Tum dono toh ek hi unit ho na? paiso ke sirf 3 hisse khonge iss hisaab se mere kitne huye?,non-persuassive,None,0,0,0,0,0,0,0,0,0
ramdev44.png,* Maharashtra home minister bains the sale of patanjali's coronil medicine* Dhoka hua hai bhench*d ,persuassive,Slightly Negatively persuasive,0,Hyperboles,0,0,0,0,0,Satire,0
eng41.png,Kal PUBG kehelne kyu nhi aya net nahi chal raha tha bhai toh fir Riya ki photo pe ,non-persuassive,None,0,0,0,0,0,0,0,0,0
salman164.png,Dear haters who are questioning his acting.. first try to give this look in front of camera & 30-40 crew members Then we will have a debate on acting. ,persuassive,Slightly Positively persuasive,0,Hyperboles,0,0,0,0,0,0,0
romann44.png,Girls after disturbing her boyfriedn boys after disturbing whole world. ,persuassive,Neutral,0,0,0,0,Irony,0,0,Satire,0
romann38.png,# Awardwapsi Night ,persuassive,Neutral,0,0,0,0,0,0,0,Satire,0
imggg25.png,After Breakup:- Her male best friend: Humko join kar lo ,non-persuassive,None,0,0,0,0,0,0,0,0,0
emo68.png,Sanjay Raut is a parody account of Ramdas Athawale I bet he is thinking about govt. formation Subah ke tweet ke liye koi sher nahi aa raha dimag mein ,persuassive,Slightly Negatively persuasive,0,0,0,0,Irony,0,0,Satire,0
rhea86.png,Use headphones Rhea Chakraborty Viral Video Meme ,non-persuassive,None,0,0,0,0,0,0,0,0,0
romann68.png,Kindly requesting all friends knowns not to post any #GST Jokes. The phone battery dranins UP by 28% automaticaly. ,persuassive,Neutral,0,0,0,0,Irony,0,0,0,0
exa190.png,Bhaad me jaaye rally... jaldi bhagao chhota bheem shuru hone wala hai ,persuassive,Slightly Negatively persuasive,0,0,0,0,0,0,0,Satire,0
eng_file48.png,desi families say their goodbyes and then stand around talking for 30-45 more minutes ,persuassive,Neutral,0,0,0,0,Irony,0,0,0,0
romann234.png,"Journalist: why has govt increased GST on alcohol bassed sanitiser? Le Nirmala Tai: Can't comment, i dont drink alcohol. ",persuassive,Neutral,0,0,0,0,Irony,0,0,Satire,0
eng_file155.png,Memes Aadda if iron man was from bihar pandey ji ka beta hoon chumma chipak ke leta hoon. ,persuassive,Negatively persuasive,0,0,0,0,0,Analogies,0,0,0
fiiile69.png,When she asks if your have a condom so you flash a chiken flavored top ramen season packet & slide in rao af ,persuassive,Negatively persuasive,0,0,0,0,0,0,0,0,Invective
san246.png,Jab katne ki aukaat na ho to bhaunkna bhi nahi chahiye ,persuassive,Negatively persuasive,Metaphors,Hyperboles,0,0,0,0,0,0,0
salman218.png,"Sister : Physics says, things expand when heated Me : so? Sis : that means, I'm not fat... I 'm Hot calm down calm down",non-persuassive,None,0,0,0,0,0,0,0,0,0
san215.png,Jab katne ki aukaat na ho to bhaukna bhi nahi chahiye ,persuassive,Negatively persuasive,Metaphors,Hyperboles,0,0,0,0,0,0,0
salman291.png,When you're making cold coffee but don't close the dhakkan properly. ,non-persuassive,None,0,0,0,0,0,0,0,0,0
fiiile103.png,Pakistan right now: Mujhe zimbabwe ke sath khelna hai when you're using your phone at night ,persuassive,Slightly Negatively persuasive,0,Hyperboles,0,0,0,0,0,Satire,0
exa88.png,Have a slice of Pizza they said your lactose intolerance isn't that bad they said. ,non-persuassive,None,0,0,0,0,0,0,0,0,0
data13.png,After trying the dangerous skull breaker chailenge.... ,persuassive,Negatively persuasive,0,0,0,0,Irony,0,0,0,0
eng448.png,"Mom* Beta PUBG bahar vi ek duniya hai kahan mom "" location mark karo wahi kuddte hain *slepped* flying chappal. belan received. ",persuassive,Slightly Negatively persuasive,0,Hyperboles,0,0,0,0,0,0,0
exa224.png,"Isi jagah mera plot hoga Idhar bhi mera plot hoga , Ye meri property, Udhar bhi mera plot, Udhar bhi meri property. ",non-persuassive,None,0,0,0,0,0,0,0,0,0
eng_file108.png,nalaiq.com Ohh Sh !tt..!! Bina Status Daale hi pizza khaa liya.. ,non-persuassive,None,0,0,0,0,0,0,0,0,0
romann24.png,"Main nahi bachega idhar, mar jayega main. complete lockdown for 21 days ",non-persuassive,None,0,0,0,0,0,0,0,0,0
meme_487.png,"Pehle Shadi Mein Dulhan Ki Taraf Sirf Dulhan Taiyar Hoti Thi Ab Photo Upload Ke Chakkar Mein Sari Girls "" Dulhan"" Ki Tarah Taiyar hoti Hai ",persuassive,Slightly Negatively persuasive,0,Hyperboles,0,0,0,0,0,0,0
img8.png,Mr. Sanjay Raut wrote such nonsense just to support acharya atre's words London Should be in India,persuassive,Slightly Negatively persuasive,0,0,0,0,Irony,0,0,Satire,0
exa124.png,#shwetayourmicison Shweta #Pandit ki Ijjat ,persuassive,Slightly Negatively persuasive,0,Hyperboles,0,0,Irony,0,0,Satire,0
eng234.png,"Bhai , patang udane ka pose dete huye..... ",persuassive,Slightly Negatively persuasive,0,0,0,0,0,0,0,Satire,0
gay29.png,Dadaji aa gaye bottle chhupa bc ,non-persuassive,None,0,0,0,0,0,0,0,0,0
ramdev191.png,# Patanjali launches Ayurvedic drug coronil to cure COVID-19 Meanwhile Baba Ramdev to other scientists kyu hila daala na ,persuassive,Neutral,0,0,0,0,0,0,0,Satire,0
san213.png,Radhe Maa Paadhe Maa ,persuassive,Negatively persuasive,0,0,0,0,0,0,Puns_and_wordplay,Satire,0
san144.png,"""Meri 308 Girlfriends Thi"" Yahan mere dost se ek nahi patt rahi aur Sanju Baba ne 308 Pata li thi. ",persuassive,Slightly Negatively persuasive,0,Hyperboles,0,0,Irony,0,0,Satire,0
imgg5.png,When did you become an expert in Kashmir's history last night ,non-persuassive,None,0,0,0,0,0,0,0,0,0
fille26.png,*Plays the role of a muslim guy in movie kedarnath* Boycott him he promoting love jihad Femoves Rajput from as twitter name to show support.,persuassive,Neutral,0,0,0,0,Irony,0,0,0,0
eng455.png,How csk starts every IPL how csk ends every IPL 8) ,non-persuassive,None,0,0,0,0,0,0,0,0,0
data28.png,*In 2040* Teacher:- Date of birth btao... Student:- 2020 Teacher:- Tauba Tauba Tauba... Sara mood kharab kar diya ,non-persuassive,None,0,0,0,0,0,0,0,0,0
ramdev170.png,Coronil ( A Product of Patanjali) it cures Covid-19 Babu ji (Who is announce as fake news) WHO : Purinchuko da komuti thalays neyae ooru cora karangu vithai kaati polapa atti kitu iruka ithula aduthavanga valkai la vitayadatha de ,persuassive,Slightly Negatively persuasive,0,Hyperboles,0,0,0,0,0,Satire,0
romann93.png,"Excuse me bhai sahab, Aap bataooge ki Gujarati Khana kaha milega ",non-persuassive,None,0,0,0,0,0,0,0,0,0
eng389.png,Some best introduction scenes I am groot I am steve rogers ,non-persuassive,None,0,0,0,0,0,0,0,0,0
romann165.png,"How many letters are there in english alphabets ? 23 without GST, 26 with GST ! ",non-persuassive,None,0,0,0,0,0,0,0,0,0
imggg110.png,Emotional Speech about Kashmiri Pandits ,non-persuassive,None,0,0,0,0,0,0,0,0,0
ramdev6.png,Ayush Ministry asks Patanjali to stop advertising until their Coronil clam is examined Sala jalta hai mujhse ,persuassive,Neutral,0,0,0,0,0,0,0,Satire,0
rhea88.png,*Rhea Chakrabory Sher ki umar jyada hai lekin budha nahi hua hai abhi. ,persuassive,Slightly Negatively persuasive,Metaphors,Hyperboles,0,0,0,0,0,Satire,0
eng_file20.png,Amazon gets permisoin to deliver beer. wines. Ankohol & Spirts in India Meanwhile Bihari's to CM Nitish Kumar Chacha nahin manenge! ,persuassive,Slightly Negatively persuasive,0,0,0,0,0,0,0,Satire,0
gay31.png,U r reality cute i love u Aana mere ghar y hai bsdk chutiya ,non-persuassive,None,0,0,0,0,0,0,0,0,0
exa60.png,"Isi jagah mera plot hoga , Idhar bhi mera plot hoga Ye meri property , Udhar bhi mera plot, Udhar bhi meri property. ",non-persuassive,None,0,0,0,0,0,0,0,0,0
eng_file176.png,"Marathi and Gujarati fighting over IFSC Meanwhile Bihari wait,you guys have internationl centre Bihar Reawakens. ",persuassive,Slightly Negatively persuasive,0,0,0,0,Irony,0,0,0,0
salman255.png,"Mere baare mein itna mat sochna court mein aata hoon, jail mein nahin... ",non-persuassive,None,0,0,0,0,0,0,0,0,0
salman124.png,Itne saal ki saza kitne di me bahar? ,persuassive,Neutral,0,0,0,0,Irony,0,0,0,0
data61.png,Pati ke dil tak jane ka raasta..!! GB ki memes ,non-persuassive,None,0,0,0,0,0,0,0,0,0
fiiile110.png,Didi ye log pyaar kyu karte hain batao na plz leh didi ,persuassive,Slightly Negatively persuasive,0,0,0,0,Irony,0,0,0,0
imggg42.png,When you breake up for 255th time with your girlfriend. your friend: Aap Ch*tiya hain. ,non-persuassive,None,0,0,0,0,0,0,0,0,0
salman7.png,* After watching Saaho* Haath jod kar gujarish hai aapse dur rahiye mere bete se ,persuassive,Neutral,0,0,0,0,0,0,0,Satire,0
romann132.png,"Hindustan hai, chal jata hai ",persuassive,Neutral,0,0,0,0,Irony,0,0,0,0
eeeng12.png,"What is GST? Earlier you had many "" Girl friends, friends, Half Friends"" Now Only One- ""wife"" Remember all day report everything you do report every details in time *best explanation of GST* ",persuassive,Positively persuasive,0,0,0,0,0,Analogies,0,0,0
rhea126.png,Sushant Mere sapno me aaye the aur kaha joo tell the truth kaay be bolte kaay bi fekte  ,persuassive,Slightly Negatively persuasive,0,0,0,0,0,0,0,Satire,0
imggg41.png,Pankaj Tripathi's nock aise deserves an award for best acting,non-persuassive,None,0,0,0,0,0,0,0,0,0
rhea109.png,monay after a long weekend... ,persuassive,Neutral,0,0,Personification,0,0,0,0,0,0
img3.png,Innerwear sales are down because jockey or nothing and millennals chose nothing ,persuassive,Slightly Negatively persuasive,0,0,0,0,Irony,0,0,0,0
emo3.png,Mani ni lag raha mera thoda naach ke dikhao na ,non-persuassive,None,0,0,0,0,0,0,0,0,0
img115.png,Kangana tweeting against Maharashtra govt. from her home town Ye mera gaon hai aur main yahaan ka jaykant shikre,persuassive,Neutral,0,0,0,0,0,0,0,Satire,0
eng181.png,RCB finally won the first match today after lossing 6 matches in this season *RCB fans- miracle miracle miracle... *other teams fasn- haan haan miracle !! ,persuassive,Slightly Negatively persuasive,0,0,0,Alliteration,Irony,0,0,0,0
fiiile83.png,I love morning sickness! nausea is my favorite ! ,persuassive,Slightly Negatively persuasive,0,0,0,0,Irony,0,0,0,0
romann39.png,"The Authority for Advance Rulings (Karnataka bench); ""Paratha is not roti, must be taxed at 18% GST'. *Roti Aisa kya hai usme, jo mujhme nahi hai ? ",persuassive,Neutral,0,0,Personification,0,0,0,Puns_and_wordplay,Satire,0
exa52.png,Who needs good grades when you have  Is wan lash in yo head wid a broom you want! ,persuassive,Slightly Negatively persuasive,0,0,0,0,Irony,0,0,0,0
ramdev23.png,"To avoid the corona virus, Baba Ramdev was hosptalized after taking an overdose of cow urine. ",persuassive,Neutral,0,0,0,0,0,0,0,Satire,0
eng558.png,"Dil toh sabke paas hota hai, lekin sab dilwale nahi hote Books bhi sab ke paas hoti hai. lekin sab padhne wale nahi hote. ",non-persuassive,None,0,0,0,0,0,0,0,0,0
romann166.png,"When teacher catches me eating lunch during class and says "" class ke bahar murga ban jao"" Then me indicating towards my classmate: Areye bhi to tha wahan. ",non-persuassive,None,0,0,0,0,0,0,0,0,0
san228.png,"One thing is for sure after watching this movie, you will be either Sanjay Dutt's fan or Ranbir's fan. ",persuassive,Neutral,0,0,0,0,Irony,0,0,0,0
salman245.png,Don't know whether I was more heartbroken on the day my gf left Dr. Today....Being Inside hall and watching #Race3.,persuassive,Neutral,0,Hyperboles,0,0,0,0,0,0,0
imgg10.png,Remember 19.01.1990 Kashmiri Hindus' forced exodus. ,persuassive,Neutral,0,0,0,0,0,0,0,Satire,0
pic362.png,Beta tum se na ho payega. Humen tumhare lacchan bilkul theek nahin lag rahe hain. ,persuassive,Slightly Negatively persuasive,0,0,0,0,0,0,0,Satire,0
eng_file233.png,"When its been 20 mins you haven't beaten UP, Bihar niggas 550 good citizen bonus! ",persuassive,Negatively persuasive,0,0,0,0,0,0,0,Satire,0
ramdev129.png,After launching patanjali CORONIL Scientists to Baba Ramdev: Tu cheating karta hai.! ,persuassive,Slightly Negatively persuasive,0,Hyperboles,0,0,0,0,0,Satire,0
emo42.png,NCP to Shivsena Kaisa laga mera mazak ,non-persuassive,None,0,0,0,0,0,0,0,0,0
ramdev71.png,"Mharashtra bans sale of patanjali's Corona medicine for COVID-19, Warns Baba Ramdev Baba Ramdev be like: Dhandha Band karvaega kya ? ",persuassive,Slightly Negatively persuasive,0,Hyperboles,0,0,0,0,0,Satire,0
eng_file129.png,"Me after getting 6,6,5 in Ludo ",non-persuassive,None,0,0,0,0,0,0,0,0,0
data39.png,* In 2040 * Teacher :- Date of Birth btao... Student :- 2020 Teacher :- Tauba Tauba Tauba... Sara mood kharab kar diya ,non-persuassive,None,0,0,0,0,0,0,0,0,0
san14.png,Sadak 2 Official Trailer Main jitna bana raha hoon aap utna bigaad rahe hain. ,persuassive,Slightly Negatively persuasive,0,0,0,0,Irony,0,0,Satire,0
eng291.png,group me ladkiyan so sahi hain... ,persuassive,Slightly Negatively persuasive,0,0,0,0,0,0,0,Satire,0
eng_file162.png,Gym for one day* ,persuassive,Slightly Negatively persuasive,0,0,0,0,Irony,0,0,0,0
emo16.png,Uddhav Thackeray Devendra Fadnavis Maharashtra CM. ,persuassive,Slightly Negatively persuasive,0,0,0,0,Irony,0,0,Satire,0
romann44.png,Girls after disturbing her boyfriedn boys after disturbing whole world. ,persuassive,Neutral,0,0,0,0,Irony,0,0,Satire,0
fiiile20.png,"Your crush , her brother, her father, her ex, her crush , you ",persuassive,Neutral,0,Hyperboles,0,0,0,Analogies,0,0,0
ramdev57.png,Patanjali invented coronil Ram Dev baba be like: Medicine banane me mera bhut experience hai ,persuassive,Neutral,0,0,0,0,0,0,0,Satire,0
romann140.png,Looking at your syllabus a day before exam be like Tf ye kab add hua  ,non-persuassive,None,0,0,0,0,0,0,0,0,0
meme_1033.png,Bhaiya Captain dikhana thode saste me ,persuassive,Negatively persuasive,0,0,0,0,0,0,0,Satire,0
eng_file107.png,When a boy gives a rose to his classmate girl * Other jealous girls of the class : Mujhe bhi chaiye... ,non-persuassive,None,0,0,0,0,0,0,0,0,0
eng285.png,** friend giving birthday party** Me: aray bhaishab marche ho rahe hai ,non-persuassive,None,0,0,0,0,0,0,0,0,0
data23.png,"Picture Pakistan Showing , Picture Pakistan not showing ",persuassive,Negatively persuasive,0,0,0,0,Irony,0,0,0,0
img46.png,Ky aneta banega re tu ,non-persuassive,None,0,0,0,0,0,0,0,0,0
eeeng7.png,"GST Tax footwear less than Rs. 500 to be taxed 5% and above Rs. 500 to be taxed 18% Cent Govt, Footwear Tax. People Iruva.. Irukura tax en katta modila... ",persuassive,Slightly Negatively persuasive,0,Hyperboles,0,0,0,0,0,0,0
rhea31.png,Mashoor meri drug connection ki kahani hogi. ,persuassive,Slightly Negatively persuasive,0,0,0,0,0,0,Puns_and_wordplay,Satire,0
img47.png,Haramkhor Naughty humne apne me mat milayiye hum alag hai ,persuassive,Slightly Negatively persuasive,0,0,Personification,0,0,0,0,0,Invective
salman210.png,After your at a Restaurant gets their meal served first. ,non-persuassive,None,0,0,0,0,0,0,0,0,0
eng_file159.png,When she says egyarah instead of gyarah Oo ladki bihar di aa ,persuassive,Slightly Negatively persuasive,0,0,0,0,0,0,0,Satire,0
salman79.png,Bhai ko ye gift kardu to chalega? ,non-persuassive,None,0,0,0,0,0,0,0,0,0
salman185.png,Comment Who is She? ,non-persuassive,None,0,0,0,0,0,0,0,0,0
eng_file80.png,When someone becomes oversmart.. pina queen shomy ,non-persuassive,None,0,0,0,0,0,0,0,0,0
meme_333.png,"Aaj Itne Dino Baad Tumhari Friend Ghar Aayi , Bahot Accha Laga Jeans Pehen Lo, Payjaame Mein Tumhari Khushi Saaf Nazar Aa Rahi Hai ",persuassive,Slightly Negatively persuasive,0,Hyperboles,0,0,0,0,0,0,0
fiiile66.png,"Your crush , her brother, her father, her ex, her crush , you ",persuassive,Neutral,0,Hyperboles,0,0,0,Analogies,0,0,0
romann245.png,"Madhu an Engineering student brutally raped, burnt,killed and hanged, Happend in raichur district of karnataka on april 13th, but still no media covered this ISSUE, 'Then Asifa, now madhu"" No media support as a social media, why can't we provide justice to madhu? share it spread this news to everyone !! ",persuassive,Slightly Negatively persuasive,0,0,0,0,0,0,0,0,0
fiiile126.png,When she asks if your have a condom so you flash a chiken flavored top ramen season packet & slide in rao af ,persuassive,Negatively persuasive,0,0,0,0,0,0,0,0,Invective
eng225.png,Aisa pehli baar hua hai 17-18 saalon mein ,persuassive,Neutral,0,0,0,0,Irony,0,0,Satire,0
eng371.png,"... Pakistani Girls... 11 Months of year , Ramadan Kareem ",persuassive,Slightly Negatively persuasive,0,0,0,0,Irony,0,0,Satire,0
imggg32.png,When Munna gets beaten by Guddu Poori kundali nikaalao uski ,non-persuassive,None,0,0,0,0,0,0,0,0,0
meme_635.png,"Nibba - Mat ro baby , 3 may ko to milna hi hai hamko.. *Modi Ji- ",non-persuassive,None,0,0,0,0,0,0,0,0,0
rhea136.png,CBI investigating SSR case mereko toh aisa dhak-dhak horela hai! ,persuassive,Slightly Negatively persuasive,0,0,0,Alliteration,0,0,0,Satire,0
salman153.png,Mai aa jaun apnipar ,non-persuassive,None,0,0,0,0,0,0,0,0,0
salman176.png,Naja ni life gaya oye teri.. meri maut aa gai Bhagggooooooooo!!! ,non-persuassive,None,0,0,0,0,0,0,0,0,0
eng_file18.png,When customer says: Bhaiya Humesha Yahi se kapde kharidte hai. But you just oppend your shop 2 days ago ,non-persuassive,None,0,0,0,0,0,0,0,0,0
san113.png,Daily Vocab Besharam Unconscionable ,persuassive,Negatively persuasive,0,0,0,0,0,0,0,Satire,Invective
salman254.png,Your reaction when bae dosen't reply even after seen. ,non-persuassive,None,0,0,0,0,0,0,0,0,0
exa173.png,Whats App/Instagram.FB: We were down for few hours Le Infosys: Ye to kuch bhi nahi hai ,persuassive,Neutral,0,0,Personification,0,0,0,0,0,0
eng431.png,Bhaiyo 31 st ko kaha baithna hai... Happy new year 2019 funny memes - hindi shayari studio ,non-persuassive,None,0,0,0,0,0,0,0,0,0
salman145.png,Mera hi jalwa,non-persuassive,None,0,0,0,0,0,0,0,0,0
fiiile61.png,Like a good neighbor stay over threre ,non-persuassive,None,0,0,0,0,0,0,0,0,0
meme_918.png,"""Working"" These Days ",non-persuassive,None,0,0,0,0,0,0,0,0,0
imggg65.png,Kids love saloni bhabhi Means love madhuri bhabhi legend love beena bhabhi ,non-persuassive,None,0,0,0,0,0,0,0,0,0
romann188.png,Kids love sales tax mens love service tax only legends love GST ,non-persuassive,None,0,0,0,0,0,0,0,0,0
rhea98.png,*Deleted scene from badshah mobie between two lovers* Tyagraj to Gayetri Bachchan: Sorry Babu ,non-persuassive,None,0,0,0,0,0,0,0,0,0
img140.png,Seh lenge thoda ,non-persuassive,None,0,0,0,0,0,0,0,0,0
fiiile109.png,"Can dogs be gay? sorry hun, I'm not interested. ",non-persuassive,None,0,0,0,0,0,0,0,0,0
eeeng13.png,Aliya do you know the full form of GST ? Goodnight sweetdreams takecare,persuassive,Neutral,0,0,0,0,0,0,0,Satire,0
san111.png,When your friend gives you notes one day before exam Tum bahot mast kam karta hai bhai humko tumko thank you bolne ka hai. ,non-persuassive,None,0,0,0,0,0,0,0,0,0
romann190.png,Demonetisation - 8PM GST law - Midnight Quata bill - 10PM Modi ji and Midnight still a better love story than twillight ,persuassive,Neutral,0,0,0,0,0,Analogies,0,Satire,0
exa199.png,Pandit boy : my ex- girlfriend was s'x addict do not share this secret Shweta to 111 geeple in zoom meeting. ,persuassive,Slightly Negatively persuasive,0,Hyperboles,0,0,0,0,0,Satire,Invective
romann147.png,* In exam of 3 hras* Examiner be like:- jab tak ye khel khatam nahi hoga. appun idhar ich hai ,non-persuassive,None,0,0,0,0,0,0,0,0,0
data43.png,When you kill more enemey than your friend who is expert in PUBG.. Jali na? Teri jali na? ,non-persuassive,None,0,0,0,0,0,0,0,0,0
eng196.png,"Best memory of school life notes copy karte samay - ""ye ky alikha h bey.."" jo samaj aa rha hai wo likh baaki aise hi ",non-persuassive,None,0,0,0,0,0,0,0,0,0
eng_file83.png,The_memers_club *mom seeing me study the whole syllabus one night before exam* le mom: Yehi kaam saal bhar apne kiya hota to sabka kitna bhala hota ,persuassive,Neutral,0,0,0,0,0,Analogies,0,0,0
ramdev62.png,Kyu hilaa daala na ,persuassive,Neutral,0,Hyperboles,0,0,0,0,0,Satire,0
data78.png,"Girls after removing their whatsapp dp pucho zara pucho, mujhe kya hua hai.. ",persuassive,Slightly Negatively persuasive,0,0,0,0,Irony,0,0,0,0
rhea119.png,*6th class chintu made app. software engineer: aisa kheech ke lafa dunga *me with a cs degree. ,persuassive,Slightly Negatively persuasive,0,Hyperboles,0,0,Irony,0,0,0,0
romann212.png,"""Gaaon mein jab baccha baccha rota hai to maa kehti hai, bete so jaa, so jaa nahi to tere aasuon pe bhi gabbar singh tax laga jaayega"" ",persuassive,Neutral,0,0,0,0,0,0,0,Satire,0
img14.png,When you didn't ask for dowry coz u lov her but her mother ask for heavy jawellery for marriage you: ,persuassive,Neutral,0,0,0,0,Irony,0,0,0,0
imggg117.png,Ratna is from a liberal household. so she had reveived next to none. ,non-persuassive,None,0,0,0,0,0,0,0,0,0
rhea113.png,*Arnab Goswami Arrested by Mumbai Police* Happiest person right now- ,persuassive,Slightly Negatively persuasive,0,0,0,0,0,0,0,Satire,0
romann88.png,Girls after disturbing her boyfriedn boys after disturbing whole world. ,persuassive,Neutral,0,0,0,0,Irony,0,0,Satire,0
fille39.png,How many of you know Sushant SIngh Rajput got 7th rank in AIEEE and he is a physics olympiad.  ,persuassive,Positively persuasive,0,0,0,0,0,0,0,0,0
ramdev17.png,Baba Ramdev after banned his medicine Coronil by Ayush Mantralaya for not any proof that it's cure ou prevent corona... ab underground hone ka samay aa gaya h ,persuassive,Neutral,0,Hyperboles,0,0,0,0,0,Satire,0
data48.png,Government: Work from home Civil engineer: ye dewaar todke baju wala kamra andar le aatey hai bhai,persuassive,Slightly Negatively persuasive,0,Hyperboles,0,0,0,0,0,0,0
salman197.png,The gap between bhai's hand and her back shows respect sallu offers to female fans ,persuassive,Slightly Positively persuasive,0,0,0,0,0,0,0,0,0
eng507.png,Movies in 2019 : Toy Story 4 Dumbo The lion king Aladdin Me in cinemas in 2019: ,persuassive,Neutral,0,0,0,0,Irony,0,0,0,0
meme_789.png,"Ladki Aur Chasme Mein Kya Samanta Hai ? Madam, Istemaal Waqt Dono Ki Taange Kholni Padti Hai BSDI Bahar Nikat Yaha Se. ",persuassive,Negatively persuasive,0,0,0,0,0,Analogies,0,0,Invective
exa83.png,When jigri uses internet for he first time kus Taavan ,non-persuassive,None,0,0,0,0,0,0,0,0,0
san225.png,Then Now ,persuassive,Slightly Negatively persuasive,0,0,0,0,0,0,0,Satire,0
gay100.png,Son I have no problem with you being gay but couldn't you have found a nice indian boy? ,persuassive,Negatively persuasive,0,0,0,0,Irony,0,0,0,0
meme_448.png,"-Bohot Hard, Bohot Hard* ",persuassive,Neutral,0,0,0,0,0,Analogies,Puns_and_wordplay,0,0
exa48.png,Before Instragram After Instagram ,non-persuassive,None,0,0,0,0,0,0,0,0,0
eng276.png,bidi hai bidi kisi ke pass? ,persuassive,Slightly Negatively persuasive,0,0,0,0,0,0,0,Satire,0
fiiile118.png,Babny mazaa aaya ki nahi tumko aaya bohot mazaa aaya apna record hai aj tak koi bhi banda complaint leke nahi aaya. ,non-persuassive,None,0,0,0,0,0,0,0,0,0
romann105.png,when the Chinese president starts coughing in the middle of the world summit. Xi jinping be like: what ?? Can't take a joke?? ,persuassive,Neutral,0,0,0,0,Irony,0,0,Satire,0
meme_578.png,Salman Khan And Asaram Bapu Will Be In Same Jail Bhai Khatre Mein...!! ,persuassive,Slightly Negatively persuasive,0,0,0,0,0,0,0,Satire,0
salman234.png,Tum yaar ek tha tiger ka sequel banao ek tha driver ,persuassive,Neutral,0,0,0,0,0,0,Puns_and_wordplay,Satire,0
exa1.png,#Shweta Dekha apne best friend ko secrets na bataane ka nateeja. ,persuassive,Slightly Negatively persuasive,0,Hyperboles,0,0,Irony,0,0,Satire,0
eng_file151.png,HOw bihar boys dress every function ,persuassive,Slightly Negatively persuasive,0,0,0,0,0,0,0,Satire,0
eng228.png,Say those 3 magical words and I ll be yours I m rich love you too. ,persuassive,Slightly Negatively persuasive,0,0,0,0,Irony,0,0,0,0
eng_file154.png,Kahan par ho? Pta nhi par yha har ghar se ek UPSE crack krta hai Welcome to Bihar ,persuassive,Slightly Negatively persuasive,0,0,0,0,0,Analogies,0,0,0
romann78.png,Alia do you know the full form of GST ? Goodnight sweetdreams takecare. ,non-persuassive,None,0,0,0,0,0,0,0,0,0
ramdev13.png,"Baba Ramdev lunched Coronil Scientists and Who: Bhai Bhai batana , bhai batana please. ",persuassive,Neutral,0,0,0,Alliteration,Irony,0,0,Satire,0
gay82.png,"I would like to read to you what The Jesus said about homosexuality I'd like to, but he never said anything about it. ",non-persuassive,None,0,0,0,0,0,0,0,0,0
img110.png,Jaldi se main dudh peeta hun phir internet me farzi deshbhakit bhi dikhani hai ,persuassive,Neutral,0,0,0,0,Irony,0,0,0,0
rhea107.png,Me requesting myself to take shower in winter's: ,non-persuassive,None,0,0,0,0,0,0,0,0,0
img90.png,"Police have arrested a woman for allegedly posing as a man and marrying two woman for getting dowry in Nainital The woman created as account on facebook in the name of Krishna Sen in 2013, chatted with several women, and enticed then to marry her. She also beat one of the wives for dowry. ",persuassive,Negatively persuasive,0,0,0,0,Irony,0,0,0,0
salman185.png,Comment Who is She? ,non-persuassive,None,0,0,0,0,0,0,0,0,0
salman89.png,Is your relationship going well now with Salman Khan? *Ic reporter* Yess it's going really well. we're playing on having a baby together.. VIa Confused  Love him or hate him but we can't deny the fact that he has an awesome sense of humour. ,persuassive,Neutral,0,0,0,0,Irony,0,0,Satire,0
rhea88.png,*Rhea Chakrabory Sher ki umar jyada hai lekin budha nahi hua hai abhi. ,persuassive,Slightly Negatively persuasive,Metaphors,Hyperboles,0,0,0,0,0,Satire,0
meme_635.png,"Nibba - Mat ro baby , 3 may ko to milna hi hai hamko.. *Modi Ji- ",non-persuassive,None,0,0,0,0,0,0,0,0,0
fiiile123.png,Ladki ko ladka aisa chahiye jo kabir singh jaisa pyaar kare lekin cigarette or daru na piye aise kaise chalgegaa didi. ,persuassive,Slightly Negatively persuasive,0,0,0,0,Irony,0,0,0,0
san138.png,Snajay Dutt ne abhi-abhi clear kiy ahai ki.. Mujhe log sirf pyaar se BaBa bulate hain ... aur mera koi aashram bhi nahin hai.... ,persuassive,Slightly Negatively persuasive,0,0,0,0,0,0,Puns_and_wordplay,Satire,0
romann116.png,"""6 Item or tax 3?? bahut naainsaafi hai ye"" ",non-persuassive,None,0,0,0,0,0,0,0,0,0
fiiile101.png,Behti hawa sa tha wo udti patang sa tha wo kahan gay ause dhundho. ,non-persuassive,None,0,0,0,0,0,0,0,0,0
salman110.png,"Salman Khan's movie starter pack gunda who's actually a policewala , Super cute actress who is on screen for max 20 mins mudering physics. ",persuassive,Slightly Negatively persuasive,0,0,0,0,Irony,Analogies,0,Satire,0
rhea31.png,Mashoor meri drug connection ki kahani hogi. ,persuassive,Slightly Negatively persuasive,0,0,0,0,0,0,Puns_and_wordplay,Satire,0
exa31.png,Extreme Intolerance in India waitis he a National Icon ? ,non-persuassive,None,0,0,0,0,0,0,0,0,0
eng_file27.png,i argue on useless things coz m a bihari ,persuassive,Negatively persuasive,0,0,0,0,Irony,0,0,0,0
salman295.png,I don't know who you are but I 'll find you and ramake your film. ,persuassive,Neutral,0,0,0,0,Irony,0,0,0,0
salman9.png,Bare picture of Salman Khan With his Driver ,persuassive,Neutral,0,0,0,0,Irony,0,0,Satire,0
img28.png,Asking dowry from bride for marriage is like beggar begging for money ,persuassive,Slightly Positively persuasive,0,0,0,0,0,Analogies,0,0,0
eng_file210.png,"Gujrat , Maharashtra, Delhi , UP ",persuassive,Slightly Negatively persuasive,0,0,0,0,0,0,0,Satire,0
salman263.png,Hum bail le chuke sanam 7 more Salman Khan Memes that will make you ROFL ,persuassive,Neutral,0,0,0,0,0,0,Puns_and_wordplay,0,0
fiiile89.png,"January 2019, January 2020",non-persuassive,None,0,0,0,0,0,0,0,0,0
san76.png,"Aaj mere pass gaadi hai, bangla hai, tumhare pass kya hai? Mere pass Radhe Maa hai ",non-persuassive,None,0,0,0,0,0,0,0,0,0
rhea133.png,"Kajol, DDLJ, Rani Mukherjee, Mardaani, Rhea Chakraborty, I am sorry babu ",persuassive,Slightly Negatively persuasive,0,0,0,0,0,0,0,Satire,0
san129.png,Wo agar bank se loan liya to waps karna jaruri hai kya?? ,persuassive,Neutral,0,0,0,0,0,0,0,Satire,0
salman275.png,Trolled Mussales ke liye kuchh bhi karoge? ,persuassive,Slightly Positively persuasive,0,Hyperboles,0,0,0,0,0,0,0
san150.png,"Me Bevda hu , Tharki hu, Drug addict bhi hu... - Par mein ""Terrorist"" nhi hu ",persuassive,Negatively persuasive,0,0,0,0,Irony,0,0,Satire,Invective
pic401.png,"It is nether modi's varanasi nor smriti's amethi but It is Rahul 's ""wayanad"" Constituency that has been recognised results in tackling covid-19. the district had no new cases for past congralutatons to the most sincere & disciplined leader, "" Rahul Gandhi"". ",persuassive,Neutral,0,Hyperboles,0,0,0,0,0,Satire,0
romann47.png,"Teacher checking back benchers papers ye bhi galat hai, ye bhi galat hai , ye bhi galat hai, ye bhi galat hai ",non-persuassive,None,0,0,0,0,0,0,0,0,0
data100.png,Do it quick Before a non- Muslim comes in ,persuassive,Negatively persuasive,0,0,0,0,Irony,0,0,0,0
exa147.png,*Home* workd in every spiderman movie title be like: *home permanent hoon sir ,persuassive,Neutral,0,0,Personification,0,0,0,0,0,0
data15.png,Used The Selfie Stick Before it was cool ,non-persuassive,None,0,0,0,0,0,0,0,0,0
san228.png,"One thing is for sure after watching this movie, you will be either Sanjay Dutt's fan or Ranbir's fan. ",persuassive,Neutral,0,0,0,0,Irony,0,0,0,0
imgg11.png,""" I requested to Government of India & Also to the J&K Governor to Provide Security for me but nobody cared my appeal"". Ajay pandita , A kashmir pandit & sarpanch who was shot dead by militants in anantnag had said this thing in his interview with local channel in j&k. Modi sarkar has no concern over the lives of Kashmiri Pandits. ",persuassive,Negatively persuasive,0,0,0,0,Irony,0,0,0,0
fiiile119.png,*Condom' ka packet dena... bhabhi pahle toh bhaiya aate the . aaj aap? tab mai gaanv gai thi ab wo gaye hue hai. ,persuassive,Slightly Negatively persuasive,0,0,0,0,Irony,0,0,0,0
eng262.png,Shradha kapoor marrying her photographer rohan shreshtha in 2020 photographer ban jaao bahut scope hai ,persuassive,Slightly Negatively persuasive,0,0,0,0,Irony,0,0,0,0
rhea63.png,Rhea Chakraborty aur Bhaj Souvik ke drugs paddler se rista. ,non-persuassive,None,0,0,0,0,0,0,0,0,0
data84.png,Thana kya hota hai? Tumhari koi GF hai? Nahi.. Police Station ko kehte hain. ,non-persuassive,None,0,0,0,0,0,0,0,0,0
romann144.png,No animals were hurt in the making of the movie only 800 animators were ,persuassive,Neutral,0,0,0,0,Irony,0,0,0,0
fiiile28.png,"#Binod keeps trending on twitter. and his name on rest social media meanwhile #binod: dhanda karo toh baba karo purushottam bhai, warna mat karo. ",non-persuassive,None,0,Hyperboles,0,0,0,0,0,0,0
san223.png,Best Sanjay Dutt Dialogues must know for every fan ,non-persuassive,None,0,0,0,0,0,0,0,0,0
romann120.png,"Idian dat chinese mom, Indian dad chinese mom 'I'm Indian"" Indian dad chinese mom , I ndian dad malay mom ",persuassive,Slightly Negatively persuasive,0,0,0,0,0,0,0,Satire,0
ramdev137.png,Bhai ye dhoti wali item toh bahot nachreli hai ,persuassive,Neutral,0,0,0,0,0,0,0,Satire,0
gay21.png,Did you know that 1 out of 3 people are gay? I'm not gay I'm not gay either. ,non-persuassive,None,0,0,0,0,0,0,0,0,0
fille10.png,Actors like Sushant Singh Rajput Prove Bollywood's future is in safe hands ,non-persuassive,None,0,0,0,0,0,0,0,0,0
gay36.png,She : agar tum 90 dafa gunah karo gay toh sirf 45 daga pekray jaoge. He : Kese? She: Sin 90= cot 45 hahahahaha He : ,non-persuassive,None,0,0,0,0,0,0,0,0,0
salman263.png,Hum bail le chuke sanam 7 more Salman Khan Memes that will make you ROFL ,persuassive,Neutral,0,0,0,0,0,0,Puns_and_wordplay,0,0
romann86.png,Alia do you know the full form of GST ? Goodnight sweetdreams takecare. ,non-persuassive,None,0,0,0,0,0,0,0,0,0
romann24.png,"Main nahi bachega idhar, mar jayega main. complete lockdown for 21 days ",non-persuassive,None,0,0,0,0,0,0,0,0,0
imggg133.png,Bade fan ho beta ,non-persuassive,None,0,0,0,0,0,0,0,0,0
eng_file181.png,So you're telling me that Bihar is anti national? ,persuassive,Slightly Negatively persuasive,0,0,0,0,0,0,0,Satire,0
romann201.png,"Teacher: unless there are any other questions, you're free to leave kid:*Raise hand: Rest of the class: ",non-persuassive,None,0,0,0,0,0,0,0,0,0
gay49.png,"""Thank you, Carl..."" ",non-persuassive,None,0,0,0,0,0,0,0,0,0
salman11.png,"When you watch hindi movie with english subtities this bondage is the bondage of love, its the intercourse of many births. ",persuassive,Neutral,0,0,0,0,Irony,0,Puns_and_wordplay,0,0
imggg155.png,Bhad me jaaye rally...jaldi bhago chota bheem shuru hone wala hai ,persuassive,Slightly Negatively persuasive,0,0,0,0,0,0,0,Satire,0
fiiile66.png,"Your crush , her brother, her father, her ex, her crush , you ",persuassive,Neutral,0,Hyperboles,0,0,0,Analogies,0,0,0
data38.png,Teachr : Tumlog aage kyu nai baith te? Backbenchres: Ya Allah isse bhi aage hota hai kya ,persuassive,Slightly Negatively persuasive,0,Hyperboles,0,0,0,0,0,0,0
san35.png,Band karo ye video ,non-persuassive,None,0,0,0,0,0,0,0,0,0
romann166.png,"When teacher catches me eating lunch during class and says "" class ke bahar murga ban jao"" Then me indicating towards my classmate: Areye bhi to tha wahan. ",non-persuassive,None,0,0,0,0,0,0,0,0,0
salman105.png,Things faster than light *flash* *Salman Bhai's Bail* ,persuassive,Neutral,0,0,0,0,0,Analogies,0,Satire,0
meme_198.png,Jab bhi mai ghar me akela rehta hu... sala har aavaj bhoot ki lagti hai... ,persuassive,Slightly Negatively persuasive,0,Hyperboles,0,0,0,0,0,0,Invective
san77.png,"Bhai, aisi waisi nahi poora ek number wala pataaka thhi ! ",persuassive,Negatively persuasive,0,0,Personification,0,0,0,0,0,Invective
meme_946.png,"Din me neend mere pichhe... Aur Raat me mai, neend ke pichhe... Too much Fun....! ",non-persuassive,None,0,0,0,0,0,0,0,0,0
exa91.png,Current Scenario Modi Indian People ,persuassive,Neutral,0,0,0,0,0,0,0,Satire,0
eng343.png,Someone : pyar se badi koi chiz nhi hoti me: paise ka naam suna hai? ,persuassive,Slightly Negatively persuasive,0,0,0,0,0,Analogies,0,0,0
img174.png,Thappad se daar nahi lagta saab kanyadaan se lagta hai ,persuassive,Slightly Negatively persuasive,0,Hyperboles,0,0,0,0,0,0,0
gay54.png,"Barista: We're out of iced coffee , is regular coffee okay? Me:oh. thanks but  I'm gay.  ",non-persuassive,None,0,0,0,0,0,0,0,0,0
fille71.png,"Hrithik galat hai , Karan aur Mahesh bhi galat hain... Alia bhi galat hai , Tapsee aur swara bhi galat hain... Tu kya padh raha hai tu bhi galat hai ",persuassive,Slightly Negatively persuasive,0,0,0,0,0,0,0,Satire,0
eng_file122.png,Hair and make up when your leave home after 5 minutes in a rickshaw ,non-persuassive,None,0,0,0,0,0,0,0,0,0
san175.png,Sanjay Dutt Wait for End. ,non-persuassive,None,0,0,0,0,0,0,0,0,0
img94.png,NCP to Shivsena Kaisa laga mera mazak ,non-persuassive,None,0,0,0,0,0,0,0,0,0
san123.png,"Did you know ? Anushka Sharma is playing the role of Rajkumar Hirani & Abhijat in the movie Sanju She is playing the role of biographer to whom Sanju revelas his story and asks her to write a book on him, just like in reality Sanjay Dutt narrated his story yo Rajkumar hirani and Abhijat joshi-the screenwriter. ",non-persuassive,None,0,0,0,0,0,0,0,0,0
data54.png,Dear Math I'm sick and tired of finding your X just accept the fact that she is gone. move on dude ,non-persuassive,None,0,0,0,0,0,0,0,0,0
exa48.png,Before Instragram After Instagram ,non-persuassive,None,0,0,0,0,0,0,0,0,0
eeeng23.png,Tax ,persuassive,Slightly Negatively persuasive,0,0,0,0,0,Analogies,0,0,0
imggg42.png,When you breake up for 255th time with your girlfriend. your friend: Aap Ch*tiya hain. ,non-persuassive,None,0,0,0,0,0,0,0,0,0
rhea45.png,How I sleep knowing aur tum ek naya tilam add kar rahe ho ,non-persuassive,None,0,0,0,0,0,0,0,0,0
img53.png,Saala ye mere facebook pe ek banda itni sad shayri krta hai ab tou mai bhi uski girlfriend ko miss krne laga hoon. ,persuassive,Neutral,0,Hyperboles,0,0,0,0,0,0,0
imggg143.png,My parents Eaplairing about my exam results to my relatives jab bhi kuch karne jaate hain 2 minute mei dheh jaate hain. ,non-persuassive,None,0,0,0,0,0,0,0,0,0
salman157.png,Script Intne bhaari gyaan ki zarurat nahi hai ,non-persuassive,None,0,0,0,0,0,0,0,0,0
romann112.png,"The south park episoe *band in china,"" which fatingly caused the series to get baneed in chain, was publicly screened by protesters in the streets of Hong Kong South park ' band in china' episode screened in Hong Kong streets after banned series- IGN. ",persuassive,Slightly Negatively persuasive,0,0,0,0,Irony,0,0,0,0
salman208.png,Dank Indian Memes 1M+Views,persuassive,Slightly Negatively persuasive,0,0,0,0,0,0,0,0,Invective
data104.png,When guests/relatives visit your house:- Abhi maza ayega na bhidu ,non-persuassive,None,0,0,0,0,0,0,0,0,0
emo63.png,*Hurts finger while cutting sabzi* ab tumse kaun shadi karega? ,persuassive,Slightly Negatively persuasive,0,Hyperboles,0,0,0,0,0,0,0
romann237.png,Alia: Yar I want to understand this GST To phir aao kabhi haweli pe. ,non-persuassive,None,0,0,0,0,0,0,0,0,0
eng559.png,*In physics lecture* time taken by the car tocover... Time bhi taken hai! Bas mai hi single hu!! ,persuassive,Neutral,0,0,Personification,0,Irony,0,0,0,0
eng_file24.png,mai kya karega re baba jaan k? ,non-persuassive,None,0,0,0,0,0,0,0,0,0
eng_file203.png,RIP Our Honourable former prime minister of India Atal Bihari Vajpaaye passed away we will miss your Atal Ji ,non-persuassive,None,0,0,0,0,0,0,0,0,0
gay91.png,Sima maa ne aaj fir se lauki ki sabji bana di.. aisa nahin ho sakta..!! tum hamare saath aisa kabhi. ,non-persuassive,None,0,0,0,0,0,0,0,0,0
fiiile57.png,If her legs aren't shaking when you are done you're not done best freaky sex memes for a freaky mood. ,persuassive,Slightly Negatively persuasive,0,0,0,0,0,0,0,0,Invective
img104.png,Kangana fan arrested for Threatening Sanjay Raut. ,non-persuassive,None,0,0,0,0,0,0,0,0,0
ramdev101.png,Patanjali launches ayurvedic drug coronil to care covid-19 Baba Ramdev to other Scientist: Kyu hilaa daala na ,persuassive,Neutral,0,Hyperboles,0,0,0,0,0,Satire,0
ramdev105.png,*Patanjali Launches coronil kit at just rs.545* *Companies who were planning to make billions out of vaccine* Fir apna kaam Khallas ,persuassive,Neutral,0,0,Personification,0,0,0,0,Satire,0
img36.png,Doesn't Drink on Tuesdays Rapes Girls Instead. ,persuassive,Negatively persuasive,0,0,0,0,0,0,0,0,Invective
rhea47.png,me after watching NEWS thers days ,non-persuassive,None,0,0,0,0,0,0,0,0,0
eng459.png,Hum koi mandir ka ghanta hain ki koi bhi aake baja jaata hai -Hungama ,non-persuassive,None,0,0,0,0,0,0,0,0,0
eng58.png,Nibbi : Aaj ghar par hi rehna bahar mat jaana Nibba : corona se dar nahi lagta babnu tumse dur rahne se lagta hai ,non-persuassive,None,0,0,0,0,0,0,0,0,0
salman118.png,Between two legs itna danda maarenge ki na bajne layak rahoge na bajane layak! ,persuassive,Slightly Negatively persuasive,0,0,0,0,0,0,Puns_and_wordplay,0,0
salman233.png,"Agar ab koi age bara ,to uski bladder ki jagah fefda aur liver ki jagah kidney ",persuassive,Slightly Negatively persuasive,0,0,Personification,0,0,0,0,Satire,0
romann165.png,"How many letters are there in english alphabets ? 23 without GST, 26 with GST ! ",non-persuassive,None,0,0,0,0,0,0,0,0,0
eng531.png,"When someone ask you that why you become a bhatk? Shuru majburi mein kiye the, ab majja ah raha hai ",persuassive,Slightly Negatively persuasive,0,Hyperboles,0,0,0,0,0,Satire,0
eng491.png,Advantage of having a best friend *Aapko apne Aaspass jaanwaro ki kami meehsoos nahi hogi* ,non-persuassive,None,0,0,0,0,0,0,0,0,0
romann46.png,For us GST is our Ganguly Sehwaf and Master blaster sachin tendulkar GST .,non-persuassive,None,0,0,0,0,0,0,0,0,0
meme_914.png,Suhagraat hai ghunghat utha rha hun main.... Bhai update dete rehna hum online hai. ,persuassive,Slightly Negatively persuasive,0,0,0,0,0,0,0,Satire,0
imggg117.png,Ratna is from a liberal household. so she had reveived next to none. ,non-persuassive,None,0,0,0,0,0,0,0,0,0
eng297.png,Remember this Chempak this is him now ,persuassive,Slightly Negatively persuasive,0,0,0,0,Irony,Analogies,0,0,0
romann34.png,Hello modi sant kem cho? New phone... who dis? ,persuassive,Neutral,0,0,0,0,0,0,0,Satire,0
fiiile27.png,Didi ye log pyaar kyu karte hain batao na plz leh didi ,persuassive,Slightly Negatively persuasive,0,0,0,0,Irony,0,0,0,0
san241.png,Wo agar bank se loan liya to wapas karna jaruri hai kya?? ,persuassive,Neutral,0,0,0,0,0,0,0,Satire,0
romann174.png,me* dono alag alag hote hain kya ? ,persuassive,Neutral,0,0,0,0,Irony,0,0,0,0
fiiile35.png,What it's like living with my husband.... ,non-persuassive,None,0,0,0,0,0,0,0,0,0
eng180.png,3rd umpire before match Rohit Sharma LBW= OUT *le umpire ,persuassive,Negatively persuasive,0,0,0,0,Irony,0,0,0,0
romann233.png,"Anyone has, question?? Sir, Income tax salary ke kitna hota hai?? beta , income tax tho badi chee hai, teri salary pe tho GST maaf hoga!!! ",non-persuassive,None,0,0,0,0,0,0,0,0,0
san130.png,Snaju Kar har maidan fateh HD Video. ,non-persuassive,None,0,0,0,0,0,0,0,0,0
fille28.png,Experimenting with roles since his debut without fear of box office failure ladies & gentleman Sushant SIngh Rajput! ,non-persuassive,None,0,0,0,0,0,0,0,0,0
meme_1.png,Salman Khan And Asaram Bapu WILL Be in Same Jail Bhai Khatre Mein..!! ,persuassive,Slightly Negatively persuasive,0,0,0,0,0,0,0,Satire,0
rhea143.png,*Rhea Chakraborty and Mahesh Bhatt whatapp chat leaked* Rhea: Mahesh pakka na bohot time haina hamare pass. ,persuassive,Slightly Negatively persuasive,0,0,0,0,0,0,0,Satire,0
data57.png,Koi Aakhiri Iccha bahubali ?? get to the safe zone mama Are betichod... ,persuassive,Negatively persuasive,0,0,0,0,0,0,0,0,0
fiiile125.png,Ho sakta hai unhe humse rishta nahi rakhna hai... koi baat nahi humari taraf se bhi koi jabardasti nahi hai,non-persuassive,None,0,0,0,0,Irony,0,0,0,0
romann188.png,Kids love sales tax mens love service tax only legends love GST ,non-persuassive,None,0,0,0,0,0,0,0,0,0
ramdev120.png,Shabash patanjali shabash ,persuassive,Neutral,0,Hyperboles,0,0,0,0,0,Satire,0
fiiile71.png,#HighOnMX Gf: Baby phone ka password batao. Bf: Nahi bataunga ,non-persuassive,None,0,0,0,0,0,0,0,0,0
salman48.png,My Reaction when teacher makes me the monitor of the class ,non-persuassive,None,0,0,0,0,0,0,0,0,0
salman71.png,Gadhe ,persuassive,Slightly Negatively persuasive,0,0,0,0,0,0,Puns_and_wordplay,Satire,0
romann98.png,Bdhai ho chacha @narendramodi GST is here. ,persuassive,Neutral,0,0,Personification,0,0,0,0,0,0
meme_634.png,"When friend start playing *Ludo"" Whole group: Aurat ban ne ka shauk hai ? Hain ? Aurat ban ne ka shauk hai ? ",persuassive,Slightly Negatively persuasive,0,Hyperboles,0,0,Irony,0,0,0,0
eng_file82.png,A usual day in Maharashtra Bihari* Maharashtrian Guy chal na ae vadapav laga na ,persuassive,Negatively persuasive,0,0,0,0,0,0,0,0,Invective
romann103.png,"GST kya hai ? Good Night Sweet Dreams, Take Care ",non-persuassive,None,0,0,0,0,0,0,0,0,0
ramdev78.png,Patanjali lunches it's medicine 'CORONIL' claims drug can cure corona with in 14 days *Ramdev baba Kabhi Kabhi lagta hai apun hi scientist hai ,persuassive,Neutral,0,Hyperboles,0,0,Irony,0,0,Satire,0
romann20.png,Maine kaha tha hum jab bhi sex krenge gullak me 10 ruppee dalenge To phir isme 100 rupee ke 2 note kaise aaye Har koi tumhari tarah kanjoos nahi hota. ,persuassive,Slightly Negatively persuasive,0,0,0,0,Irony,0,0,0,Invective
eng286.png,Bhagwan jayda kuch nahi chahiye. bus ek 'shiva' jaisa dost de de.,persuassive,Positively persuasive,0,0,0,0,0,Analogies,0,0,0
fille0.png,Your movie is getting lots of love yes what did it cost my life ,persuassive,Neutral,0,0,0,0,Irony,0,0,0,0
rhea60.png,"Bore hore hoge ? chalo thoda hans lo Qurantine day 1, Quarantine day 21.",non-persuassive,None,0,0,0,0,0,0,0,0,0
romann171.png,"Aur batao ! kya tum bhi gst ka matlab G:- Good Night, S- Sweet dreams, T- Take care samajhte ho? ",non-persuassive,None,0,0,0,0,0,0,0,0,0
fiiile39.png,"Spanish police, after being fooled by the professor yet again: mere pass koi alfaaz nahin hain, mujhe maaf kar dein, mujhe chutti de dein. ",persuassive,Slightly Negatively persuasive,0,0,0,0,0,0,0,Satire,0
san97.png,Woh bahar casualty mein koi marne ki haalat mein raha... Toh usko form bharna zaroori hai kya? ,persuassive,Positively persuasive,0,0,0,0,Irony,0,0,Satire,0
salman299.png,Cush : I am a big fan of Salman Khan. *Me trying to impress her: Ae gadi start kar ,persuassive,Neutral,0,0,0,0,0,0,0,Satire,0
eeeng16.png,Aadhi zindagi laga di body banne mein... Aaj pata chala body nahi 'Antibody' banani thi. ,persuassive,Neutral,0,0,0,0,0,0,Puns_and_wordplay,0,0
salman240.png,"Mere bare mein itna mat sochna.. dil mein aata hoon , Samajh mein nahi* -Slaman Khan. Kick ",non-persuassive,None,0,0,0,0,0,0,0,0,0
romann1.png,"When teacher catches me eating lunch during class and says "" Class ke bahar murga ban jao"" Then me indicating towards my classmate: Are ye bhi to tha wahan ",non-persuassive,None,0,0,0,0,0,0,0,0,0
ramdev21.png,Patanjali announces medicine for COVID 19 Baba Ramdev: paisa hi paisa hoga ,persuassive,Neutral,0,0,0,0,0,0,0,Satire,0
fiiile102.png,Are you sure yah aapki hi income tax file hai? haan meri hi hai...Aap aise kyon pooch rahe hain. kyonki ismein 69 lakhs ka laundry bill hai.. aru aap kapde pehenti ni... ,persuassive,Slightly Negatively persuasive,0,0,0,0,Irony,0,0,Satire,0
eng416.png,kal meri shadi hai kyon aae ho meri jindagi men tumhare ariya me jcb ka khudai chal rha hai vhi dekhne aaya hun ,persuassive,Slightly Negatively persuasive,0,0,0,0,Irony,0,0,0,0
data92.png,When some girls wanna first but you already married and fear Allah ,persuassive,Slightly Negatively persuasive,0,0,0,0,Irony,0,0,0,0
eng212.png,What is your qualification? MBBS wow! you're a doctor member of back bencher students.,non-persuassive,None,0,0,0,0,0,0,0,0,0
salman267.png,Mujhe ghar jaana hai ,non-persuassive,None,0,0,0,0,0,0,0,0,0
eng_file10.png,If iron man was from bihar pandey ji ka beeta hoon chumma chipak ke leta hoon. ,persuassive,Negatively persuasive,0,0,0,0,0,Analogies,0,0,0
gay17.png,"Mom , dad ...tu gay ki gay im dad. ",persuassive,Neutral,0,0,0,0,Irony,0,Puns_and_wordplay,0,0
fille77.png,"These smiles are enough to melt millions of hearts dear Sushant, you will always be remembered we all love you very much ",non-persuassive,None,0,0,0,0,0,0,0,0,0
salman10.png,Proof that Salman was behind the wheel ,non-persuassive,None,0,0,0,0,0,0,0,0,0
san69.png,Wo Bollywood me survive karne ke liye karan johar ki movie se debut karna jaruri hai kya? ,persuassive,Neutral,0,0,0,0,Irony,0,0,Satire,0
eng251.png,kaha hai bhai? raste main kis raste main? barbadi ke... ,non-persuassive,None,0,0,0,0,0,0,0,0,0
eng241.png,when your are crossing GB road with dad and someone shout oye chikne aaj kal aa nhi rha hai ,persuassive,Negatively persuasive,0,0,0,0,0,0,0,0,Invective
salman128.png,"Race 3 crosses 100 crore mark just in 3 days even with flop talk Hindustan ki hawa mein Salman Khan has Saheb, Megaactivity toh faila doge lekin inn collections ko kaise rokoge? ",persuassive,Neutral,0,0,0,0,Irony,0,0,0,0
salman143.png,New zealand night now mazak toh mera bn raha hai... sab log mujhpar haste hai ,persuassive,Neutral,0,Hyperboles,Personification,0,0,0,0,0,0
romann248.png,Le Client : We want our project delivery within 3 days. Meanwhile Developer. ,persuassive,Neutral,0,0,0,0,Irony,0,0,0,0
eng21.png,Can't wait for this biopic bhuvan bam As Arvind Kejriwal. ,persuassive,Neutral,0,0,0,0,0,Analogies,0,0,0
eng184.png,"*Bohot hard, bohot hard* ",persuassive,Neutral,0,0,0,0,0,Analogies,Puns_and_wordplay,0,0
san13.png,Who Bollywood me survive karne ke liye karan johar ki movi se debut karna jaruri hai kya? ,persuassive,Neutral,0,0,0,0,0,0,0,Satire,0
salman121.png,Funny meme Aa raha hoon bhe**hod... tu bahar mil.... kabir singh vs Salman Khan,persuassive,Negatively persuasive,0,0,0,0,0,0,0,0,Invective
data107.png,When your son's name is Allah Akbar And you lose him at the mall ,non-persuassive,None,0,0,0,0,0,0,0,0,0
data107.png,When your son's name is Allah Akbar And you lose him at the mall ,non-persuassive,None,0,0,0,0,0,0,0,0,0
eng_file113.png,He :- Itna late reply She:- Are yaar type ki thi send karna bhul gayi He:- Tu banaygi toh ullu banjaunga ,persuassive,Slightly Negatively persuasive,0,0,0,0,0,Analogies,Puns_and_wordplay,0,0
img36.png,Doesn't Drink on Tuesdays Rapes Girls Instead. ,persuassive,Negatively persuasive,0,0,0,0,0,0,0,0,Invective
eng498.png,Police: Hands -up!! Me :- nahi aap gudgudi karoge police:- ,non-persuassive,None,0,0,0,0,0,0,0,0,0
salman240.png,"Mere bare mein itna mat sochna.. dil mein aata hoon , Samajh mein nahi* -Slaman Khan. Kick ",non-persuassive,None,0,0,0,0,0,0,0,0,0
romann60.png,"Tobrez Ansari was lynched on suspician of biko thaft whole loft, media whole community used his clooth for thair propaganda, for victim card, made in international media Yesterday , 3 including 2 sadhus were lynched for rumours of theft , not a single person is concerned, because secularism! ",persuassive,Negatively persuasive,0,0,0,0,0,0,0,0,0
exa30.png,"A Kashmiri Pandit , A Gujarati Parsi, and an Italian Waitress walk into a bar and the bartender excalims, ""what is this, a joke?"" ",persuassive,Neutral,0,0,0,0,0,0,0,Satire,0
romann23.png,When I open my books before the day of exam my books:- You still remember me..?? ,non-persuassive,None,0,0,0,0,0,0,0,0,0
salman252.png,"Someone, killing a bird is less punishable than killing an animal Salman Khan: ",persuassive,Neutral,0,0,0,0,Irony,0,0,Satire,0
data22.png,Chinese Restaurant Indian Restaurant Middle-Eastorn Restaurant ,persuassive,Negatively persuasive,0,0,0,0,0,0,Puns_and_wordplay,0,0
emo17.png,"Baajh ki nazar , cheeteh ki chaal or mota bhai par kabhi sandeh nahi karte ",persuassive,Neutral,0,0,0,0,0,0,Puns_and_wordplay,Satire,0
ramdev164.png,Baba Jiki booti coronil PM-we need a vaccine to eliminate corona virus from our country!! Ramdev Bobx. Hum first Hum first ,persuassive,Neutral,0,0,0,0,0,0,0,Satire,0
fiiile111.png,Late kyu aaye he? we zra medical store pe ruk gya tha That smile ,non-persuassive,None,0,0,0,0,Irony,0,0,0,0
romann163.png,"Varun : Alia what is GST Alia : Good morning , sweet dream, take care.",non-persuassive,None,0,0,0,0,0,0,0,0,0
gay2.png,Sorry Uncle!! galti se dahi gir gaya aapke upar BKL dahi hi jai na? tu johnny sings jaisa dikh raha hai.,persuassive,Negatively persuasive,0,0,0,0,0,0,0,0,Invective
img33.png,Saala ye mere facebook pe ek banda itni sad shayri krta hai ab tou mai bhi uski girlfriend ko miss krne laga hoon. ,persuassive,Neutral,0,Hyperboles,0,0,0,0,0,0,0
salman226.png,"Hum tum mein itne ched karenge ki tum confuse ho jaoge ki saans kahan se le, aur padein kahan se! ",persuassive,Slightly Negatively persuasive,0,Hyperboles,0,0,0,0,0,0,0
eng_file173.png,Hum moon pe gya hun ek baar bada lull gola hai ,non-persuassive,None,0,0,0,0,0,0,0,0,0
salman293.png,My boss when I reach office on time. Aisa pehli baar hua hai 17-18 saalon mein. ,persuassive,Neutral,0,0,0,0,0,0,0,Satire,0
exa57.png,"I Don't Understand people who post pictures with the boyfriend / Girlfriend and Caption It As *Mine!* Humein Chahiye bhi nahi, tum hi rakho ",non-persuassive,None,0,0,0,0,0,0,0,0,0
exa41.png,2014 and 2019 Loksabha election results. Kuchh nahi badla yaar. Aaj bhi sab kuchh waise ka wais hi hai. ,persuassive,Neutral,0,0,0,0,Irony,0,0,Satire,0
eeeng24.png,"Aaj Itne Dino Baad tumhari friend ghar aayi , bohot accha laga jeans pehen lo , payjaame mein tumhari khushi saaf nazar aa rahi hai ",persuassive,Slightly Negatively persuasive,0,Hyperboles,0,0,0,0,0,0,0
san216.png,Mom - beta ek kaam karoge ? Me- Nahi  ,non-persuassive,None,0,0,0,0,0,0,0,0,0
romann101.png,Wife ... How much do u love me? Husband....72% wife...why not 100% ? !! Husband...28% GST on * luxurious items...* #Budget 2017,persuassive,Slightly Negatively persuasive,0,0,0,0,Irony,0,0,0,0
imggg84.png,When i scold my best friend in front of the whole class friend: ,non-persuassive,None,0,0,0,0,0,0,0,0,0
imgg20.png,"Kashmiri Muslims: Give us freedom! kashmiri pandits, jammu , Ladakh all of India. ",persuassive,Slightly Negatively persuasive,0,0,0,0,Irony,0,0,Satire,0
salman41.png,"Divorced, Divorced, Divorced , Divorced Dekha aapne shaadi karne ka natija. ",persuassive,Slightly Negatively persuasive,0,0,0,0,0,Analogies,0,Satire,0
rhea135.png,Le babu bhaiya after # sorry babu: Ghya maayla... babu bhaiya se direct babu ,persuassive,Slightly Negatively persuasive,0,0,0,0,0,0,0,Satire,Invective
salman107.png,"Etna bada ho gayi ho, biyah nahi hua hai tumhara? ",persuassive,Slightly Negatively persuasive,0,0,0,0,Irony,0,0,Satire,0
eeeng4.png,Wife ... How much do u love me? Husband....72% wife...why not 100% ? !! Husband...28% GST on * luxurious items...* #Budget 2017,persuassive,Slightly Negatively persuasive,0,0,0,0,Irony,0,0,0,0
romann87.png,"Afghanistan has Ashal ghani , Pakistan has Rahul Gandhi , Bangladesh has Mamta Banerji What your country have? ",persuassive,Slightly Negatively persuasive,0,0,0,0,0,0,0,Satire,0
eng304.png,If Avengers: Endgame was directed by anurag kashyap ,persuassive,Slightly Negatively persuasive,0,0,0,0,Irony,Analogies,0,0,0
fiiile46.png,Suhagaraat hai ghunghat utha rha hun main... bhai update dete rehna hum online hai. ,persuassive,Slightly Negatively persuasive,0,0,0,0,0,0,0,Satire,0
eng_file221.png,"My Dream University ! Hindustan Bihar university forgets to print question paper, exam postponed. ",persuassive,Slightly Negatively persuasive,0,Hyperboles,0,0,Irony,0,0,0,0
san138.png,Snajay Dutt ne abhi-abhi clear kiy ahai ki.. Mujhe log sirf pyaar se BaBa bulate hain ... aur mera koi aashram bhi nahin hai.... ,persuassive,Slightly Negatively persuasive,0,0,0,0,0,0,Puns_and_wordplay,Satire,0
fille85.png,Dill bechara trailer has crossed 10m likes on you tube it has created a world record that is very hard to break. we have given the best possible tribute to Sushant Singh Rajput,non-persuassive,None,0,0,0,0,0,0,0,0,0
meme_779.png,Science Students Be Like Who is your favourite badminton player ? NRT Sindhu...!! Its PV Sindhu...!! But Sir PV=NRT. ,non-persuassive,None,0,0,0,0,0,0,0,0,0
gay13.png,Ur Mom gay teri maa ka bhosra!! ,persuassive,Negatively persuasive,0,0,0,0,0,0,0,0,Invective
romann144.png,No animals were hurt in the making of the movie only 800 animators were ,persuassive,Neutral,0,0,0,0,Irony,0,0,0,0
meme_387.png,"Bollywood has Salman Khan , Tollywood has Rana Daggubati , Kollywood has Chiyaan Vikram ",non-persuassive,None,0,0,0,0,0,0,0,0,0
img99.png,"If one film makes Kangana Think that she is ""Rani Laxmi Bai"" Then Shahjah ki Padhmavati ",persuassive,Slightly Negatively persuasive,0,0,0,0,0,Analogies,0,Satire,0
data8.png,When your Ex sitting close with his BF'  *Inner Me Allah maaf kare bahot manhus lag rahe ho mat karo rehne do ,persuassive,Slightly Negatively persuasive,0,0,0,0,Irony,0,0,0,Invective
meme_1149.png,"Pehle shadi mein dulhan ki tarah sirf dulhan taiyar hoti thi Ab photo upload ke chakkar mein sari girls ""Dulhan"" Ki tarah taiyar hoti hai ",persuassive,Slightly Negatively persuasive,0,Hyperboles,0,0,0,0,0,0,0
gay87.png,"*Middle school gym class* ""Hey pass the ball back"" Me: gay fear ",persuassive,Slightly Negatively persuasive,0,0,0,0,0,0,Puns_and_wordplay,0,0
data91.png,"Russia Has developed the first coronvirus vaccine, Announces putin le Indians: ""Tera yaar hoon main"" ",persuassive,Slightly Positively persuasive,0,0,0,0,0,0,Puns_and_wordplay,Satire,0
salman176.png,Naja ni life gaya oye teri.. meri maut aa gai Bhagggooooooooo!!! ,non-persuassive,None,0,0,0,0,0,0,0,0,0
salman242.png,#Iharatka tenorr when ladki waley ask . Lakda krta kya hai His parents ,persuassive,Slightly Negatively persuasive,0,Hyperboles,0,0,0,0,0,0,0
data62.png,"When you see photos of yourself from 5 years ago oh honey, no, what were you thinkin. ",non-persuassive,None,0,0,0,0,0,0,0,0,0
data3.png,"Kaun hai binod? Nepali, Meet Binod Chaudhary, the richest man in Nadal with a not worth of $1.14 bilion. ",non-persuassive,None,0,0,0,0,0,0,0,0,0
rhea99.png,"Humko ghanta fark nahi padta Green zone, Red Zone, Orange Zone. ",non-persuassive,None,0,0,0,0,0,0,0,0,0
san63.png,Asharam ke muh me laddu futaaaaaaa on hearing Radhe Maa could be jailed,persuassive,Negatively persuasive,0,Hyperboles,0,0,0,0,0,Satire,0
eng_file138.png,Ladki ka sasur muh manga dahej milne par Ladki ka sasur kuch dino baad sab kuch shaanti purvak toreeke se ho raha hai ,persuassive,Slightly Negatively persuasive,0,0,0,0,0,Analogies,0,Satire,0
gay85.png,#HighonMX Gf: Baby phone ka pasword batao. Bf: Nahi bataunga ,non-persuassive,None,0,0,0,0,0,0,0,0,0
romann206.png,"Odi ranikig to virat kohli bas yahi tak tha , jo tha. ",non-persuassive,None,0,0,0,0,0,0,0,0,0
data55.png,When you overhear your downstairs neighbor talking about astrology ,non-persuassive,None,0,0,0,0,0,0,0,0,0
eng575.png,Kaal kyo nhi aaya tha? JCB ki khodai dekh rha tha sir. waah!!! ,persuassive,Slightly Negatively persuasive,0,0,0,0,Irony,0,0,0,0
eng446.png,Sun rahi hai na tu abe usk kaan se haath to hata ,persuassive,Slightly Negatively persuasive,0,0,0,0,Irony,0,0,0,0
eng607.png,"Tumhara dil sach mein bahot soft hai BSDK, Woh dil nahi hai ",persuassive,Negatively persuasive,0,0,0,0,0,0,0,0,Invective
eng534.png,Bear grylls- Modi ji yaha jungle me hiran itni kaam kyu hai? Modi ji bhai ka naam suna hai. ,persuassive,Slightly Negatively persuasive,0,0,0,0,0,0,0,Satire,0
ramdev122.png,American Doctors and Scientists reading the formula to make #Coronil by Patanjali... Ye konsi lipi hai? ,persuassive,Neutral,0,Hyperboles,0,0,0,0,0,Satire,0
img85.png,Main tumhari girlfriend nahi hoon par...  I can be your half girlfriend Toh... aao kabhi haveli pe. ,non-persuassive,None,0,0,0,0,0,0,0,0,0
fiiile101.png,Behti hawa sa tha wo udti patang sa tha wo kahan gay ause dhundho. ,non-persuassive,None,0,0,0,0,0,0,0,0,0
eng473.png,"Me to gym everyday... main ek din aaunga, main ek din aaunga ",non-persuassive,None,0,0,0,0,0,0,0,0,0
eng178.png,"Do din ke bad uski shaadi ho gayi , us raat apnu do baje tak piya, phir...phir keya hua? phir..phir keya agle din apne mohalle mein jcb aayi...",persuassive,Slightly Negatively persuasive,0,0,0,0,0,0,0,0,Invective
data90.png,AD The Jokester Chehre pe hasi aur aankhon me gum hai. kya Aapko bhi lagta hai 2GB ek din ke liye kam hai? ,non-persuassive,None,0,0,0,0,0,0,0,0,0
ramdev111.png,* Patanjali Launche Coroni* Meanwhile other actual pharma copanies: main kya karu fir? job chhod du? ,persuassive,Slightly Negatively persuasive,0,Hyperboles,0,0,Irony,0,0,Satire,0
ramdev61.png,"Maharashtra bans sale of patanjali's coronil medicine for COVID-19 , warms baba Ramdev Baba Ramdev be licke: Dhandha band karvaaega kay ? ",persuassive,Slightly Negatively persuasive,0,Hyperboles,0,0,0,0,0,Satire,0
fiiile116.png,Atma se pyar kro jism se nhi. - Sacha Ashiq ,persuassive,Slightly Negatively persuasive,0,0,0,0,Irony,0,0,0,0
imggg68.png,Ragendra Agrawal Business: Dill for Consoeration and pass. ,non-persuassive,None,0,0,0,0,0,0,0,0,0
meme_630.png,"Race 3 Crosses 100 Crore Mark Just In 3 Days Even With Flop Talk Hindustan Ki Haw Mein Salman Khan Hai Saheb, Megaatcivity Toh Faila Doge Lekin Inn Collections Ko Kaise Rokoge ? ",persuassive,Neutral,0,0,0,0,Irony,0,0,0,0
eng182.png,Girls using whitener let me erase this boys using whitener umm...kadak hai ,persuassive,Neutral,0,0,0,0,Irony,Analogies,0,0,0
salman263.png,Hum bail le chuke sanam 7 more Salman Khan Memes that will make you ROFL ,persuassive,Neutral,0,0,0,0,0,0,Puns_and_wordplay,0,0
rhea145.png,Sorry babu Sorry Babu main tumhe aur ni loot sakti sorry babu ,persuassive,Slightly Negatively persuasive,0,0,0,0,Irony,0,0,0,0
romann5.png,"What in GST..? Good night , sweet dreams and...? Take care...! ",non-persuassive,None,0,0,0,0,0,0,0,0,0
meme_1157.png,Holi pe itne purane kapde bhi mat pehen lena ki koi haathon me roti pakda k nikal jaaye bc. ,non-persuassive,None,0,0,0,0,0,0,0,0,0
san239.png,Waqt aur Sanjay Dutt kaise nikal jaate hai pata hi nahi chalta. ,persuassive,positively persuasive,0,0,0,0,0,0,Puns_and_wordplay,Satire,0
salman206.png,"Marry some girl on time because, once your marriage are pasees even a handsome guy him was to speed the eteming with Karan Johar. ",persuassive,Slightly Negatively persuasive,0,0,0,0,Irony,0,0,0,0
eng514.png,"Physics viva ekam be like.. how does led hight works? rendu dura cell battery la connect panna work aagun sir.. Uff... tell me SI unit? SI na sub inspector sir, unit aa ...Avar  control in iruka unit nu ninakuran.. ",non-persuassive,None,0,0,0,0,0,0,0,0,0
img96.png,Maha: Sena MP Demands Special Parliament Session ,non-persuassive,None,0,0,0,0,0,0,0,0,0
data1.png,Kbhi bhi niyam badal sakta hai Sher ki umar jyada h lekin budha nhi hua h abhi tak ab hamko badla lena hai ,non-persuassive,None,0,0,0,0,0,0,0,0,0
fille12.png,"R.I.P Self - Made Star His mother passed away 2 weeks before hi s12th barod exam, that same year in 2001, he stood 7tj rank in AICEE, Started his acitng career with pavitra Rishta serial and grand masty forms His perpection in Ms Dhoni rolls was exceptional He was an inspiration to upcoming young actions. ",persuassive,Positively persuasive,0,0,0,0,0,Analogies,0,0,0
exa179.png,after seeing #lockdown2021 ri rooh ka parinda phadphadaye. ,persuassive,Neutral,0,0,0,Alliteration,0,0,0,0,0
eeeng19.png,before GST After GST 28% on cosmetics Indians can relate... Dedicated to GoT fans from India... ,persuassive,Slightly Negatively persuasive,0,Hyperboles,0,0,Irony,Analogies,0,0,0
eng392.png,"Hello suryadev bhai trump bol raha hun, boliye trump ji hum aapki kya seva kar sakte hai.. bhai iss baar 26th jan ko kim jong un ki missile ka fuse conductor nikalne hai hum ankhon se kajal chura leta hai... ye fuse conductor kya chiz hai.... kaam ho jayega. ",persuassive,Neutral,0,0,0,0,0,0,0,Satire,0
img3.png,Innerwear sales are down because jockey or nothing and millennals chose nothing ,persuassive,Slightly Negatively persuasive,0,0,0,0,Irony,0,0,0,0
eng551.png,She: Tum mujhe manaate hi nahi.. Me : Tum kya diwali ho ? ya holi? Blocked!! ,persuassive,Slightly Negatively persuasive,0,0,0,0,Irony,Analogies,0,0,0
imggg118.png,Make Comedy Great Again ,non-persuassive,None,0,0,0,0,0,0,0,0,0
imggg139.png,My books this days be like #Mirzapur 2 jabb v kuch karne jate hain 2 min main dheh jate hain. ,non-persuassive,None,0,0,0,0,0,0,0,0,0
romann167.png,"GST Kya hai? Good night sweet dreams, take care ",non-persuassive,None,0,0,0,0,0,0,0,0,0
data54.png,Dear Math I'm sick and tired of finding your X just accept the fact that she is gone. move on dude ,non-persuassive,None,0,0,0,0,0,0,0,0,0
rhea135.png,Le babu bhaiya after # sorry babu: Ghya maayla... babu bhaiya se direct babu ,persuassive,Slightly Negatively persuasive,0,0,0,0,0,0,0,Satire,Invective
meme_438.png,First With Katrina Kaif And Now With Aishwarya Salman Khan Be Like Driver... Gaadi Nikal ,persuassive,Neutral,0,0,0,0,Irony,0,0,Satire,0
img162.png,"Every Indian Wedding: Sirf ladkiyon ko dekhne waale , Ladki waale aur Baarati , Dulhan ka Ex, Bina Invitation ke khana khane wale , Dulhan ka bhai kaam karte hue, Khana start hone ka wait karne wale. ",persuassive,Slightly Negatively persuasive,0,0,0,0,Irony,0,0,Satire,0
fille1.png,Talk about hundreds of deaths from covid cases discus aboutn one death of doctor Inidan Media.,persuassive,Slightly Negatively persuasive,0,Hyperboles,0,0,Irony,0,0,Satire,0
san179.png,Bollywood Memes fr. Sanju Baba ,non-persuassive,None,0,0,0,0,0,0,0,0,0
imggg103.png,When Munna gets beaten by Guddu Poori kundali nikaalo uski. ,non-persuassive,None,0,0,0,0,0,0,0,0,0
eng421.png,Ultimate insult Girl :- Mcdonald's chale ? Boy :- Spelling bolo tabhi jayenge Girl :- 1 kaam karo KFC chalte hai Boy :- KFC ka full form bolo Girl :- Rehne de kutte samosa he khila de ,non-persuassive,None,0,0,0,0,0,0,0,0,0
imggg63.png,"""Aaj tune mera ghar toda hai, kal tera ghamand tutega"", Kangana roars. ",persuassive,Negatively persuasive,Metaphors,Hyperboles,0,0,0,0,0,Satire,0
salman283.png,Me while watch race 3 yeh to tatti hai... ,persuassive,Slightly Negatively persuasive,0,0,0,0,0,Analogies,0,0,0
imggg97.png,"*When you foget to flush after peeing late night* Dad (in the morning): Munna mute hain, munna hi paani daalenge ! ",persuassive,Neutral,0,0,0,Alliteration,0,0,0,0,0
salman24.png,When a wetare asks you to read tema and cosdions Intne bhaari gyaan ki zarurat nahi hai. ,non-persuassive,None,0,0,0,0,0,0,0,0,0
eng_file126.png,"GF Banauga to srif.. A,R or P naam wali ladki ko ",non-persuassive,None,0,0,0,0,0,0,0,0,0
data106.png,"Hume toh apno ne loota, gairo me kaha dam tha Dost bhi aise mile, Jin chutiyo ke pass dimag kam tha ",non-persuassive,None,0,0,0,0,0,0,0,0,0
san173.png,Woh footpath pe jagah ho to car road pe chalana zaroori hai kyu? ,persuassive,Slightly Negatively persuasive,0,0,0,0,Irony,0,0,Satire,0
salman239.png,When a website asks you to read terms and Conditions Itne bhaari gyaan ki zarurat nahi hai. ,non-persuassive,None,0,0,0,0,0,0,0,0,0
salman111.png,Reason why bhai is still single....! #SalmanKhan #meme #bolywoodmemes # Thursday Thoughs #lol #single. ,persuassive,Neutral,0,0,0,0,Irony,0,0,0,0
san168.png,"When you forget your bae's birthday le mark zuckerberg* Tension nahi leking, Apun hai na ",persuassive,Neutral,0,0,0,0,0,0,0,Satire,0
img25.png,Papa ne bole car denge tumhe nahi mujhe JCB chaiye Mazdoor Salaaa.. ,persuassive,Negatively persuasive,0,Hyperboles,0,0,0,0,0,0,0
img98.png,"Sima Taparia , Vanajarao",non-persuassive,None,0,0,0,0,0,0,0,0,0
eng281.png,"*Daughter Dat, what is IPL ? It is A tournament where 7 teams fights harder to play against CSK in final. ",persuassive,Slightly Negatively persuasive,0,Hyperboles,0,0,Irony,0,0,0,0
fille62.png,34 - Year - Old bollywood star Sushant Singh Rajput Found dead of Apparent suicide in mumbai home ,non-persuassive,None,0,0,0,0,0,0,0,0,0
fiiile4.png,Atma se pyar kro jism se nhi. - Sacha Ashiq ,persuassive,Slightly Negatively persuasive,0,0,0,0,Irony,0,0,0,0
salman33.png,"When you feel down and out in life went to meet sanjay dutt in jail many times during his worst time , only Salman helped me in when I was in low phase Bobby Deol, Salman would call me very week to check if I'm fine:- Sanjay L Bhansali, "" Salman my divorce, Salman was the one who helped me recoverd soon"" - Aamir Khan.",persuassive,Slightly Negatively persuasive,0,0,0,0,0,0,0,Satire,0
fiiile65.png,What it's like living with my husband.... ,non-persuassive,None,0,0,0,0,0,Analogies,0,0,0
data76.png,His beard was like.... ya allah! ,non-persuassive,None,0,0,0,0,0,0,0,0,0
san64.png,When Radhe met Radhe Maa ,persuassive,Neutral,0,0,0,0,0,0,0,Satire,0
eng54.png,Agar life me apse koi galti ho jaye to 2 min bs 2 min apni akhe bandh kar ke socho ki ilzam pe dalu. ,non-persuassive,None,0,0,0,0,0,0,0,0,0
emo71.png,"Others about swine flu prevention prevention from swine flu Don't touch eyes after tntercast with other and open air. Don't interact with pigs and seise , while you go to publice place don't forget to wear gloves and masks , keep the distance from the swine flu patient , while the flu is pandemic stage avoid to go to publice places like colleges, railway station and hospitals. ",non-persuassive,None,0,0,0,0,0,0,0,0,0
data56.png,When some girls wanna first but you already married and fear Allah ,persuassive,Slightly Negatively persuasive,0,0,0,0,Irony,0,0,0,0
eng24.png,Wheen a kissing scene comes in a movie and you have to act like you don't even know what kiss is. ,persuassive,Slightly Negatively persuasive,0,Hyperboles,0,0,Irony,0,0,0,0
rhea64.png,Rhea Chakraborty sleeping peacefully SSR in her dream: Kem palty! ,non-persuassive,None,0,0,0,0,0,0,0,0,0
san8.png,Sukh me peeche rahungi aur dukh me aage ajaungi ,persuassive,Neutral,0,0,0,0,Irony,0,Puns_and_wordplay,0,0
img78.png,Idhar Jio ka network achha hai. ,non-persuassive,None,0,0,0,0,0,0,0,0,0
fiiile5.png,man : why are there broken condoms on our couch? women: would you please call or children by their real names? ,persuassive,Negatively persuasive,0,0,0,0,0,0,0,0,Invective
eeeng0.png,"GST kya hai ? Good night sweet dreams, take care ",non-persuassive,None,0,0,0,0,0,0,0,0,0
rhea49.png,Rhea Chakraborty demanded a CBI Enquiry in Sushant Singh Rajput's Death *CBI register FIR against Rhea Chakraborty. Right now Rhea- Bhaiya Mere muh se nikal gayi. ,persuassive,Slightly Negatively persuasive,0,0,0,0,0,0,0,Satire,0
salman52.png,#NAME?,non-persuassive,None,0,0,0,0,0,0,0,0,0
meme_918.png,"""Working"" These Days ",non-persuassive,None,0,0,0,0,0,0,0,0,0
data50.png,Principal : Students here's ur new teacher ! great her girls: Gud morning ma'm Boys:- Biyah ho gya tmhra? ,persuassive,Negatively persuasive,0,Hyperboles,0,0,Irony,0,0,0,0
san48.png,Akkha public ko Maalum hai kaun Aane wala hai Nani ,non-persuassive,None,0,0,0,0,0,0,0,0,0
data61.png,Pati ke dil tak jane ka raasta..!! GB ki memes ,non-persuassive,None,0,0,0,0,0,0,0,0,0
salman220.png,Mujhe ghar jaana hai ,non-persuassive,None,0,0,0,0,0,0,0,0,0
meme_1212.png,Aisi madam mili hoti to aaj hum bhi IAS YAS ban gaye hote. ,non-persuassive,None,0,0,0,0,0,0,0,0,0
ramdev84.png,"Patanjali Takes U- Tum , Says Never Claimed Coronil Cures Coronavirus Harami manus 2 din main palat gaya. ",persuassive,Slightly Negatively persuasive,0,Hyperboles,0,0,Irony,0,0,Satire,0
san56.png,Paisa hi paisa hoga ab main akela ni aaunga Pakad Mereko ,non-persuassive,None,0,0,0,0,0,0,0,0,0
salman247.png,bezzati ,non-persuassive,None,0,0,0,0,0,0,0,0,0
eng152.png,Ky fayda itni badi technology ka. jab hm online kisi ko mukka nahi mar sakte ,persuassive,Slightly Negatively persuasive,0,Hyperboles,0,0,0,0,0,0,0
romann104.png,How much do you love me ??? 78.00% why not 100%...? 28% GST on Lusurious Items..! ,persuassive,Slightly Negatively persuasive,0,0,0,0,Irony,0,0,0,0
salman244.png,The floor is Indian Law ,persuassive,Neutral,0,0,0,0,Irony,0,0,0,0
eng518.png,"Why did, kattappa kil bahubali ? kyunki... baahubali asked itni chocolatey kyun hai? ",non-persuassive,None,0,0,0,0,0,0,0,0,0
fille87.png,*Backbencher * Exams It beats faster everytime you come closer ,non-persuassive,None,0,0,0,0,0,0,0,0,0
romann68.png,Kindly requesting all friends knowns not to post any #GST Jokes. The phone battery dranins UP by 28% automaticaly. ,persuassive,Neutral,0,0,0,0,Irony,0,0,0,0
exa159.png,Shweta teri recording sab memers ne sunli meme material banana chahte hai tujhe. ,persuassive,Neutral,0,Hyperboles,0,0,Irony,0,0,Satire,0
data101.png,"Mujhe divorce chahiye, mere pati active nahi hai.. Lekin tumhare pati to kabaddi champion hai Yahi to problem hai, sirf touch karke bhag jaate hai ",persuassive,Slightly Negatively persuasive,0,0,0,0,Irony,Analogies,0,0,0
romann177.png,Jo dushman ki maut par bhi dukhi ho woh hai shree ram ,persuassive,Slightly Positively persuasive,0,0,0,0,0,0,0,0,0
data87.png,Koi Aakhiri Iccha bahubali ?? get to the safe zone mama Are betichod... ,non-persuassive,None,0,0,0,0,0,0,0,0,0
exa95.png,Pandit to Shweta : I trust you baby. This is my secret. Le #Shweta to sabko batana padega na ,persuassive,Slightly Negatively persuasive,0,Hyperboles,0,0,Irony,0,0,Satire,0
eng449.png,"Goli marun ya marun line , will you be my valentine? ",non-persuassive,None,0,0,0,0,0,0,0,0,0
fiiile86.png,Son I have no problem with you being gay but couldn't you have found a nice indian boy? ,persuassive,Negatively persuasive,0,0,0,0,Irony,0,0,0,0
romann244.png,How much do you love me??? 78.00% Why not 100% 28% GST on Luxurious Items.! ,persuassive,Slightly Negatively persuasive,0,0,0,0,Irony,0,0,0,0
meme_655.png,"What If Digvijay Singh, Manish Tiwari And Manishankar Ayyar Are Actually Rss Members And They Re Making Congress Look Like Idiots On Purpose. ",persuassive,Slightly Negatively persuasive,0,0,0,0,0,0,0,Satire,0
emo11.png,Sanjay Raut is a parody account of Ramdas Athwale I know he is thinking about gow! ,persuassive,Slightly Negatively persuasive,0,0,0,0,Irony,0,0,Satire,0
imggg20.png,Amazon prime whole year- After announcing #Mirzapur2 relase date- Chand pe hai apun. ,non-persuassive,None,0,0,0,0,0,0,0,0,0
fille21.png,"Happy Birthday Started working in tv serials , worked hard and made his debut , worked hard for 2 years on a single movie , Made his fans all over india and claimed himself a selfmade star Sushant Singh Rajput. ",non-persuassive,None,0,0,0,0,0,0,0,0,0
romann203.png,GST naa hua kallu halvai ki khubsurat patni ho gai! sasura har koi uske upar tippani karna chahta hai ,persuassive,Neutral,0,0,0,0,0,0,0,Satire,0
eng_file198.png,"Ek Bihari, Sau Bimari. Do Bihari Ladai ki taiyari 99Bol.com. ",persuassive,Negatively persuasive,0,0,0,0,0,0,Puns_and_wordplay,Satire,0
emo54.png,Zoom meeting on monday morning powercut on monday mornings. ,non-persuassive,None,0,0,0,0,0,0,0,0,0
img50.png,"I am not interested yaar, Mujhe suna he nahi hai ",non-persuassive,None,0,0,0,0,0,0,0,0,0
salman34.png,"Happy 54th Birthda to Salman Khan Started his career as a background dancer in which he earned rs 75, One of the most stylish handsome & highest paid actors in the world, Donates 70% money to poor for their education, food and treetment , 31 years in Bollywood. 100+ films, 85+ awards, many box office records. ",persuassive,Positively persuasive,0,0,0,0,0,0,0,0,0
ramdev195.png,"# Patanjali Coronil has been recognized by WHO as first evidence based medicine for corona. Meanwhile baba ramdev: dhanda karo toh bada karo purushottam bhai, warna mat karo. ",persuassive,Neutral,0,0,0,0,0,0,0,Satire,0
romann111.png,I have an army ,non-persuassive,None,0,0,0,0,0,0,0,0,0
rhea74.png,Rhea Chakraborty arrested Rhea Chakraborty arrested Actor Rhea Chakraborty arrested by Narcotics Control Bureau (NCB) in Mumbai Le Rhea chakraborty mujhe ghar jaana hai ,persuassive,Slightly Negatively persuasive,0,Hyperboles,0,0,0,0,0,0,0
fille41.png,Sushant Singh Rajput's last movie dil bechara's trailer is out now his smile & screen presence are really something we all gonna miss. A movie which will be with us forever. ,non-persuassive,None,0,0,0,0,0,0,0,0,0
eng417.png,When you meke a new meme by combining thanos quotes reality is often whatever i want. reality is often whatever i want.,non-persuassive,None,0,0,0,0,0,0,0,0,0
fiiile94.png,To be honest I experience same sex attraction ,non-persuassive,None,0,0,0,0,0,0,0,0,0
imggg86.png,"Relatives : Veta tumhare to 10th mei itne ache percent the, 12th mei talent khatam ho gya kya? Me: Talent toh bahot hai par mann nahi kiya. ",non-persuassive,None,0,0,0,0,0,0,0,0,0
eng362.png,Dekh Raju RCB jeet gya. Only toss jeeti hai bhag vhan se... ,non-persuassive,None,0,0,0,0,0,0,0,0,0
eng_file118.png,Hair and make up when your leave home after 5 minutes in a rickshaw ,non-persuassive,None,0,0,0,0,0,0,0,0,0
img128.png,Bringing into the notice of Independent and Autonomous Election Commission of India ,persuassive,Slightly Positively persuasive,0,0,0,0,Irony,0,0,0,0
salman161.png,Best of 2015 Laughs! ,non-persuassive,None,0,0,0,0,0,0,0,0,0
imggg46.png,Me to after watching # Mirzapur2 Aapse better umeed kiye the hum. ,non-persuassive,None,0,0,0,0,0,0,0,0,0
fiiile85.png,Babny mazaa aaya ki nahi tumko aaya bohot mazaa aaya apna record hai aj tak koi bhi banda complaint leke nahi aaya. ,non-persuassive,None,0,0,0,0,0,0,0,0,0
fille63.png,""" The only strong opinion that i habe about my self is that i don't have any opinions."" ",non-persuassive,None,0,0,0,0,0,0,0,0,0
salman148.png,Salman Khan Shah ruh Khan ,non-persuassive,None,0,0,0,0,Irony,0,0,0,0
img105.png,Tume sena ho paayega,persuassive,Negatively persuasive,0,0,0,0,0,0,Puns_and_wordplay,Satire,0
romann53.png,"I feel unsafe, Intolerance , Ifell unsafe, Facism, I fell unsafe she need BJP ticket.",persuassive,Negatively persuasive,0,0,0,0,Irony,0,0,Satire,0
salman77.png,#BoycuttRadhe Salman Khan after watching this trend:- ,persuassive,Neutral,0,0,0,0,Irony,0,0,0,0
san54.png,"""Vo vote dalne ke, bad ungli dikhana, jaruri hai.... ",non-persuassive,None,0,0,0,0,0,0,0,0,0
img176.png,Where going to home to but we're in love! Marriage in India be like. ,persuassive,Negatively persuasive,0,0,0,0,Irony,0,0,Satire,0
romann5.png,"What in GST..? Good night , sweet dreams and...? Take care...! ",non-persuassive,None,0,0,0,0,0,0,0,0,0
rhea5.png,When rhea chakraboty can't cry properly on national television Neha Kakkar:- Beta tumse na ho payega!!.. ,persuassive,Neutral,0,0,0,0,0,0,0,Satire,0
romann57.png,Jewellery mehengi resturaent me khana mahenga beauty parlor jana mahenga mitronn ! na khud biwi rakhta hu na kisiko rakhne dunga. ,persuassive,Slightly Negatively persuasive,0,0,0,0,Irony,0,Puns_and_wordplay,Satire,0
rhea21.png,Satyamev jayate wo shareef sur gareeb dikhne ke liye shite suit lena zaruri hai kya? ,persuassive,Neutral,0,0,0,0,Irony,0,0,0,0
salman224.png,Name a friend who is crazy fan of Salman Khan. ,non-persuassive,None,0,0,0,0,0,0,0,0,0
gay114.png,Gay couple at Italian Newspaper stall c.1960s.,non-persuassive,None,0,0,0,0,0,0,0,0,0
eng533.png,Kisiko baatana mai eduon mai padhke neet crack karunga ,non-persuassive,None,0,0,0,0,0,0,0,0,0
salman119.png,When you feel down and out in life. ,persuassive,Slightly Negatively persuasive,0,0,0,0,0,0,0,Satire,0
eng323.png,"*Bhai move on kar le* ""we don't do that here' ",persuassive,Slightly Negatively persuasive,0,0,0,0,Irony,0,0,0,0
romann145.png,How much do you love me??? 78.00% why not 100%...? 28% GST on Luxurious items..! ,persuassive,Slightly Negatively persuasive,0,0,0,0,Irony,0,0,0,0
meme_1171.png,Suhagraat hai ghunghat utha rha hun main... bhai update dete rehna hum online hai. ,persuassive,Slightly Negatively persuasive,0,0,0,0,0,0,0,Satire,0
romann184.png,"Jwelery mehengi , beauty parlour mein jaana mehenga, restautant mein khana mehenga!! mitro na biei rakha hu na kisi ko rakhne dunga. ",persuassive,Slightly Negatively persuasive,0,0,0,0,Irony,0,0,Satire,0
data65.png,Lays company making chips* chips be like:- Abe mereko to andar lo ,non-persuassive,None,0,0,0,0,0,0,0,0,0
eeeng7.png,"GST Tax footwear less than Rs. 500 to be taxed 5% and above Rs. 500 to be taxed 18% Cent Govt, Footwear Tax. People Iruva.. Irukura tax en katta modila... ",persuassive,Slightly Negatively persuasive,0,Hyperboles,0,0,0,0,0,0,0
fille5.png,So my new year plan is bass khale peele jeele kyunki zindagi hai short. ,persuassive,Slightly Positively persuasive,0,0,0,0,0,0,0,0,0
eng511.png,Good mornig babita ji are wahh jetha ji dur se pehchan lete ho aap khade khade Aapka hain hi itne bade bade. ,persuassive,Negatively persuasive,0,0,0,0,0,0,0,0,Invective
eng334.png,Ek aunty thi deewani si.. Rasode mein kon tha... bas yahi pucha karti thi... ,persuassive,Neutral,0,0,0,0,Irony,0,0,0,0
san159.png,Munna bhai ki Jhappi Radhe maa ki Jhappi ,persuassive,Neutral,0,0,0,0,0,0,0,Satire,0
salman109.png,"adidas, abibas ",persuassive,Slightly Negatively persuasive,0,0,0,0,Irony,0,Puns_and_wordplay,Satire,0
imggg52.png,Dheere dheere seekh rahe ho ,non-persuassive,None,0,0,0,0,0,0,0,0,0
san188.png,Utha le!!! Are aise kaise utha loon?? 40-50 kilo ki to hogi hi..!!! ,non-persuassive,None,0,0,0,0,0,0,0,0,0
eng221.png,duniya pe hoga mera raaj. wo toh apna raju hai re baba.. bola tha na babu bhaiya ye raju paiso ke liye kuch bhi kar sakta hai... ,non-persuassive,None,0,0,0,0,0,0,0,0,0
meme_32.png,"Samosa khayega ? Nahi, Aaj Upvas Hai Mera Bhai mere taraf se hai Meethi chatni Dal ke laana ",non-persuassive,None,0,0,0,0,0,0,0,0,0
eng83.png,"Your crush , her father, her borther, her ex , her current , you... ",persuassive,Neutral,0,Hyperboles,0,0,0,Analogies,0,0,0
img5.png,Kids Invite their girl at home men invite their girl at cafe legends invite their girl at haweli. ,persuassive,Neutral,0,0,0,0,Irony,0,0,0,0
meme_545.png,Beta Tum Se Na Ho Payega. Humen Tumhare Lacchan Bilkul Theek Nahin Lag Rahe Hain ,persuassive,Slightly Negatively persuasive,0,0,0,0,0,0,0,Satire,0
fiiile60.png,Salman 'Tu toh aise der darr darr ke mila rahe hai jisme mere girlfriend ko apni bata raha hai' :P kabhi socha nhi tha ki ek din ye scene sach ho jayega. ,non-persuassive,None,0,0,0,0,Irony,0,0,0,0
san152.png,"Haan thoda dard hua, par chalta hai ",non-persuassive,None,0,0,0,0,0,0,0,0,0
img100.png,Zinda Pakadna hai Bhosdiwalo ko! ,persuassive,Neutral,0,0,0,0,0,0,0,0,Invective
fille22.png,"Sushant Singh Rajput died of asphyxiation due to hanging, finds postmortem report *FANS Inida pressure aohan sefautaru no solhanga but real pressure india aohar avanu sethutard It's not a suicide, Its a murder !  ",non-persuassive,None,0,0,0,0,0,0,0,0,0
eeeng32.png,When Someone tries explaining GST to you Arrey kehna kya chahte ho? GST Roll Out ScoopWhoophumor ,non-persuassive,None,0,0,0,0,0,0,0,0,0
eng547.png,"Asli dost kon hai? jo exam me ek ""khansi"" par aapki taraf dekhe Adbhut. ",non-persuassive,None,0,0,0,0,0,0,0,0,0
exa184.png,Tum dono toh ek hi unit ho na? paiso ke sirf 3 hisse khonge iss hisaab se mere kitne huye?,non-persuassive,None,0,0,0,0,0,0,0,0,0
romann214.png,"""I'm Indian"" Indian dad chines mom, 'I'm Indian*  Indian Dad Chinese Mom ""I'm Indian"" Indian dad chines mom 'I'm Malay* Indian dad malay Mom ",persuassive,Slightly Negatively persuasive,0,0,0,0,Irony,0,0,0,0
imggg26.png,"Judge Sahab ram mandir issue par decison dede , Aapas me baith kar sulha lo, Judge Sahab bafors par? Yaar kyu gade murde ukhad rahe ho? Judge Sahab Kashmiri Pandit? Bahut purani baat ho gayi.. ab jane do, Dahi handi ki height? jallikattu? BCCI? ye hue na national interest ke issues. Lao. abhi decision deta hu. ",persuassive,Negatively persuasive,0,0,0,0,Irony,0,0,Satire,0
meme_266.png,Bas aise hi rahna 10 Min aur... ,persuassive,Neutral,0,0,0,0,0,0,0,Satire,0
romann173.png,When I open my books before the day of exam my books:- you still remember me?? ,non-persuassive,None,0,0,0,0,0,0,0,0,0
rhea93.png,India today corners Rhea 'Mr. Bhatt is a father picutre for Me' le public after hearing this. ,persuassive,Neutral,0,0,0,0,Irony,0,0,Satire,0
ramdev139.png,Baba Ramdev after banned his medicine coronil by ayush mantralaya for not any proof that it's cure or prevent corona.... ab underground hone ka samay aa gaya h ,persuassive,Neutral,0,Hyperboles,0,0,0,0,0,Satire,0
exa160.png,#The Office Inida When u use hands to eat in restaurants Ye Shat- pratishat Bharatiya hai. ,persuassive,Neutral,0,0,0,0,Irony,0,0,Satire,0
ramdev79.png,"Bhai, yeh toh shuru hote hi khatam ho gaya ",non-persuassive,None,0,0,0,0,0,0,0,0,0
eng452.png,When a cracker doesn't burst after lighting it dhokha swabhaw hai mera ,non-persuassive,None,0,0,0,0,0,0,0,0,0
romann134.png,"Galat fehmi bahut badi galat fehmi abhi kuch der aur so jaata hu, subah 5 baje uth ke padhunga ",non-persuassive,None,0,0,0,0,0,0,0,0,0
rhea18.png,Thank you binod tum aa gaye... warna yeh memers mere peeche hi pad gaye the...-Rhea ,persuassive,Neutral,0,0,0,0,0,0,0,Satire,0
meme_399.png,"""Oye Girlfriend Banegi meri ?"" ""Nhi mere parents allow nhi karte ye sab"" Han Ladki to mere Maa Baap konsa "" Ladki Patao Abhiyan chala rahe hain ? ",persuassive,Slightly Negatively persuasive,0,0,0,0,0,0,0,Satire,0
meme_612.png,Humble Bail Le Chuke Sanam ,persuassive,Neutral,0,0,0,0,0,0,Puns_and_wordplay,0,0
fille33.png,I want to who about today's visit ? 4 see my burger. ,non-persuassive,None,0,0,0,0,0,0,0,0,0
eng36.png,Hindi is our national language aahaan ,persuassive,Slightly Negatively persuasive,0,0,0,0,Irony,0,0,0,0
salman301.png,"Salman Khan says' I am virgin I will save myself for hte one"" Indian Public Ye Badhiya Tha Guru. ",persuassive,Neutral,0,Hyperboles,0,0,Irony,0,0,0,0
romann21.png,"Aaj itne dino baad tumhari friend ghar Aayi, Bahot achha laga jeans pehen lo, payjaame mein tumhari khushi saaf nazar aa rahi hai ",persuassive,Slightly Negatively persuasive,0,Hyperboles,0,0,0,0,0,0,0
salman84.png,Best of 2015 laughts!,non-persuassive,None,0,0,0,0,0,0,0,0,0
data24.png,"Girls after removing their whatsapp dp pucho zara pucho, mujhe kya hua hai.. ",persuassive,Slightly Negatively persuasive,0,0,0,0,Irony,0,0,0,0
eng394.png,Me & My sister fighting how i see myself how my sister sees herself how mom sees us! ,non-persuassive,None,0,0,0,0,0,0,0,0,0
romann191.png,PM Modi's pariksha pe charcha 2.0 programme ,non-persuassive,None,0,0,0,0,0,0,0,0,0
eng363.png,"Tag that friend samosha khayega ?? Nahi , Aaj upvas hai , Bhai meri taraf se hai , meethi chatni daal ke laana.",non-persuassive,None,0,0,0,0,0,0,0,0,0
emo72.png,Udhav Thakeray still asking to Sharad Pawar #MahaPolitical Twist Ajju pakka na? bahot MLA hai na apne pass? ,persuassive,Slightly Negatively persuasive,0,0,0,0,Irony,0,0,Satire,0
eng_file121.png,"Answering dora, Or sititng in silence ",non-persuassive,None,0,0,0,0,0,0,0,0,0
pic388.png,When life gives you lemons empower women. ,non-persuassive,None,0,0,0,0,0,0,0,0,0
eng_file125.png,me and my girlfriends dr..gay for us so that we can stay together till the end of me Zara koi mere liye chullu bhar paani laana ,persuassive,Slightly Negatively persuasive,0,0,0,0,0,0,Puns_and_wordplay,0,0
gay94.png,my only two moods (gay judgement) gay fear ,persuassive,Slightly Negatively persuasive,0,0,0,0,Irony,0,0,0,0
ramdev156.png,:- People are trending Bara Ramdev:- Humko ghanta farq nahi padta ,persuassive,Neutral,0,0,0,0,0,0,0,Satire,0
fiiile83.png,I love morning sickness! nausea is my favorite ! ,persuassive,Slightly Negatively persuasive,0,0,0,0,Irony,0,0,0,0
fiiile33.png,To be honest I experience same sex attraction ,non-persuassive,None,0,0,0,0,Irony,0,0,0,0
img32.png,Sorry babuji 0.8% reh gaye... kyun...? aakhir kiya kami reh gayi thi mere sanskaaron mein? ,persuassive,Neutral,0,0,0,0,Irony,0,0,0,0
eng526.png,Babuji exam se dar nahi lagta slow internet se lagta hai ,non-persuassive,None,0,0,0,0,0,0,0,0,0
data44.png,"Friend: ""Tujhe kya lagta hai... Isbaar Bigg Boss kaun jaeetega?"" Me; 'Hindustani Bhau' Inner Me- Aur kisi ka naam bhi to nahi pata BC! ",non-persuassive,None,0,0,0,0,0,0,0,0,0
img28.png,Asking dowry from bride for marriage is like beggar begging for money ,persuassive,Slightly Positively persuasive,0,0,0,0,0,Analogies,0,0,0
meme_886.png,Today News Chennai mas Student ko thapad Marne par Teacher Par 50 Hazar Ka Jumana.... Backbenchers : Iss Hisab Se to Mere 4- 5 Crore Rupee Dub Gye... ,non-persuassive,None,0,0,0,0,0,0,0,0,0
img136.png,"Aata hai, jaata hai, phir waapas aajaata hai ",non-persuassive,None,0,0,0,0,0,0,0,0,0
fille3.png,It is Sushant Singh Rajput who made us believe in the character of Mahi M.S. Dhoni (Ticket Collector) Hats off to you love. ,persuassive,Slightly Positively persuasive,0,0,0,0,0,Analogies,0,0,0
salman62.png,"Haha! creativel no politics here....just life Credits: Opinion poll , Exitpoll Result. ",persuassive,Slightly Negatively persuasive,0,0,0,0,Irony,0,0,Satire,0
romann150.png,"Jewellery mehengi restaurent me khana mehenga beauty parlour jana mehenga mitron ! na khud biwi rakhta hu, na kisiko rakhne dunga.. ",persuassive,Slightly Negatively persuasive,0,0,0,0,Irony,0,0,Satire,0
fiiile73.png,When you're having sex and your head keeps slamming into the wall so he puts a pillow up to help you ,persuassive,Neutral,0,0,0,0,0,0,0,0,0
fiiile109.png,"Can dogs be gay? sorry hun, I'm not interested. ",non-persuassive,None,0,0,0,0,0,0,0,0,0
san111.png,When your friend gives you notes one day before exam Tum bahot mast kam karta hai bhai humko tumko thank you bolne ka hai. ,non-persuassive,None,0,0,0,0,0,0,0,0,0
fiiile105.png,Aayi just called to say aayi love you ,persuassive,Positively persuasive,0,0,0,0,0,0,Puns_and_wordplay,0,0
eeeng5.png,Jewellery mehengi resturaent me khana mahenga beauty parlor jana mahenga mitronn ! na khud biwi rakhta hu na kisiko rakhne dunga. ,persuassive,Slightly Negatively persuasive,0,0,0,0,Irony,0,Puns_and_wordplay,Satire,0
salman206.png,"Marry some girl on time because, once your marriage are pasees even a handsome guy him was to speed the eteming with Karan Johar. ",persuassive,Slightly Negatively persuasive,0,0,0,0,Irony,0,0,0,0
eng173.png,"Mera purse chori ho gya pr tum to purse bra me rkhti thi na haan, pr mujhe kya pta ki vo chor hai aur chori krra hai. ",persuassive,Negatively persuasive,0,0,0,0,Irony,0,0,0,0
eng398.png,Science students be like who is your favourite badminton player NRT Sindhu..!! sl/vscl It's pv sindhu..!! but sir pv =nrt. ,non-persuassive,None,0,0,0,0,0,0,0,0,0
meme_792.png,First With Katrina Kaif And Now With Aishwarya Salman Khan Be Like Driver.. Gaadi Nikal. ,persuassive,Neutral,0,0,0,0,Irony,0,0,Satire,0
ramdev67.png,Patanjali invented coronil Ram Dev baba be like: Medicine banane me mera bhut experience hai ,persuassive,Neutral,0,Hyperboles,0,0,0,0,0,Satire,0
romann2.png,"The South Park episode "" Band in China,"" which fittingly caused the saries to get banned in China, was publicly screened by protesters in the streets of Hong Kong. South Park 'Band in China' Episode Screened in Hong Kong Streets After China Banned Series - IGN. ",persuassive,Slightly Negatively persuasive,0,0,0,0,Irony,0,0,0,0
emo1.png,Or bataoo Mera new look kaisa hai?? ,non-persuassive,None,0,0,0,0,0,0,0,0,0
gay35.png,"Mom , dat ...tu gay ki gay im dad. ",persuassive,Neutral,0,0,0,0,Irony,0,Puns_and_wordplay,0,0
data67.png,40 April 'Lockdown Extended fill 40th April in West Bengal' Ya Allah isse bhi aage hota hai kya ,non-persuassive,None,0,0,0,0,0,0,0,0,0
img56.png,The daily hera pheri meme project viral tweets on hera pheri memes the daily hera pheri meme project the viral translations. The deily hera pheri meme. ,non-persuassive,None,0,0,0,0,0,0,0,0,0
salman57.png,Salman Khan reveals Salman Khan is an A - Level sviness cyclist and weight-level ... and all we made him to do was.... This!!!!! Shame! ,persuassive,Neutral,0,0,0,0,Irony,0,0,0,0
exa186.png,Kashmiri Pandits Kashmiri muslims expalining how tough life's been It's been tough. ,persuassive,Slightly Negatively persuasive,0,0,0,0,Irony,0,0,0,0
romann231.png,"When he heard GST means #goodand simple tax , #gstrollout#GSTteffect. ",persuassive,Slightly Negatively persuasive,0,0,0,0,Irony,0,0,Satire,0
rhea44.png,Mahesh Bhatt toh mere papa jese hain *Mahesh Bhatt Budhapa barbaad bench'd ,persuassive,Negatively persuasive,0,0,0,Alliteration,0,0,0,0,Invective
meme_761.png,"Diye do haath , kya galat kiya ?",non-persuassive,None,0,0,0,0,0,0,0,0,0
fille18.png,RIP Sushant Singh Rajput Death ,persuassive,Negatively persuasive,0,0,0,0,0,0,0,0,0
salman224.png,Name a friend who is crazy fan of Salman Khan. ,non-persuassive,None,0,0,0,0,0,0,0,0,0
data103.png,"#Aajse TumharaNaam Hello, Michael Jakson Speaking... ",persuassive,Slightly Negatively persuasive,0,0,0,0,0,0,Puns_and_wordplay,Satire,0
meme_185.png,"Samosa khayega ? Nahi, Aaj Upvas Hai Mera Bhai mere taraf se hai Meethi Chatni Dal ke laana ",non-persuassive,None,0,0,0,0,0,0,0,0,0
salman131.png,"Happy 54th birthday to Salman Khan Started his carrer as a background dancer in which he earned rs 75 One of the most stylish handsome & highest paid actors in the world , Donates 70% money to poor for their education, food and treatment, 31 years in bollywood, 100+ films, 85+ awards many box office records. ",persuassive,Positively persuasive,0,0,0,0,0,0,0,0,0
data59.png,Hey there wanna buy some chromosomes? I like dark humor memes. ! Embarrassing & funny similar worlds ,persuassive,Negatively persuasive,0,0,0,0,Irony,0,0,0,0
eng_file144.png,Hello Barry Allen Yes aaj se tumhara naam Bihari Alam ,persuassive,Slightly Negatively persuasive,0,0,0,0,0,0,0,Satire,0
img75.png,Ppa ne bole car denge tumhe nahi mujhe JCB chaiye Mazdoor Salaaa.. ,persuassive,Negatively persuasive,0,Hyperboles,0,0,0,0,0,0,0
romann94.png,GST ka matlab kya hota hai Good night sweet dreams take care Bahar nikal b#%sdike!! ,persuassive,Neutral,0,0,0,0,0,0,0,Satire,Invective
meme_453.png,"Hey, What Do You Do? Ph.D Wow ! Doctorate ? No, Pizza Home Delivery ",persuassive,Neutral,0,0,0,0,Irony,0,0,0,0
eng589.png,Girls before & after 21 days lockdown boys before & after 21 days lockdown ,persuassive,Slightly Negatively persuasive,0,0,0,0,Irony,0,0,0,0
img54.png,"Best UPSE Memes When selected candidates go crazy with dowry demands , during preparing for UPSE Joinging lesnaa after posting selected IAS.  ",persuassive,Neutral,0,Hyperboles,0,0,0,0,0,0,0
eng374.png,Dimag tho tab ghoom gaya jab pata chala '2 wanza 2' nahi '2 ones are 2' hota hai ,non-persuassive,None,0,0,0,0,0,0,0,0,0
salman44.png,"Mre baare mein itna mat sochna court mein aata hoon, jail mein nahi. ",non-persuassive,None,0,0,0,0,0,0,0,0,0
romann82.png,I bought a red hat made in china and all i got was a stupid president. ,persuassive,Slightly Negatively persuasive,0,0,0,0,0,0,0,Satire,0
eng86.png,"Nominations for best actor filmfare awards 2018 shah rukh khan for raees, Hritik Roshan for kaabil, Akshay Kumar for toilet ek prem katha, Varun dhavan, for shubh mangal saavdhan ",persuassive,Slightly Negatively persuasive,0,0,0,0,Irony,0,0,0,0
data46.png,When you find a dank meme to send yo your friends ,non-persuassive,None,0,0,0,0,0,0,0,0,0
romann163.png,"Varun : Alia what is GST Alia : Good morning , sweet dream, take care.",non-persuassive,None,0,0,0,0,0,0,0,0,0
romann35.png,Galat fehmi bahut badi galat fehmi Abhi kuch der aur so jaata hu. subah 5 baje uth ke padhunga. ,non-persuassive,None,0,0,0,0,0,0,0,0,0
rhea99.png,"Humko ghanta fark nahi padta Green zone, Red Zone, Orange Zone. ",non-persuassive,None,0,0,0,0,0,0,0,0,0
exa8.png,Frusted #Pandit ! Ek secret kya bta dia Shweta* Pandit* Tune to puri duniya mein tamasha bnva dia ,persuassive,Slightly Negatively persuasive,0,0,0,0,Irony,0,0,Satire,0
romann101.png,Wife ... How much do u love me? Husband....72% wife...why not 100% ? !! Husband...28% GST on * luxurious items...* #Budget 2017,persuassive,Slightly Negatively persuasive,0,0,0,0,Irony,0,0,0,0
fiiile63.png,Google maps:* go straight* karan joker: rocking whore. ,persuassive,Negatively persuasive,0,0,0,0,0,0,Puns_and_wordplay,Satire,0
eng172.png,These girls proved that.. logon ki tharak kisi ko bhi famous kar sakti hai ,persuassive,Negatively persuasive,0,0,0,0,0,0,0,0,Invective
ramdev97.png,Chand pe hai Apun ,persuassive,Slightly Negatively persuasive,0,Hyperboles,0,0,0,0,0,Satire,0
meme_436.png,Her Look is more dangerous than Salman Khan's Driving ,persuassive,Neutral,0,0,0,0,0,Analogies,0,0,0
imggg5.png,"Kids love saloni bhabhi , Means love madhuri bhabhi , legend love beena bhabhi. ",non-persuassive,None,0,0,0,0,0,0,0,0,0
san230.png,"When Bhai says "" aaj gaadi tera bhai chalayega"" Deviyon aur Sajno kursi ki peti baandh dijiye mausam bigadne wala hai ",persuassive,Neutral,0,Hyperboles,0,0,Irony,0,0,Satire,0
meme_1024.png,"Two people fighting Others- Please dont fight Me - Khopdi tod, khopdi tod sale ka. ",non-persuassive,None,0,0,0,0,0,0,0,0,0
salman27.png,Script Itne bhaari gyaan ki zarurat nahi hai ,non-persuassive,None,0,0,0,0,Irony,0,0,0,0
eng616.png,"Love marriage be like Aaj khichdi banau ya pulao pahle bana le, fir naam rakhenge ",persuassive,Slightly Negatively persuasive,0,0,0,0,Irony,0,0,Satire,0
img111.png,Kyu...Hila dala na,non-persuassive,None,0,0,0,0,0,0,0,0,0
eng397.png,Acha hua doctor tha engineer hota toh na hi ladki milti na hi naukri. ,persuassive,Neutral,0,0,0,0,0,Analogies,0,Satire,0
meme_928.png,mai kya karega re baba jaan k ? ,non-persuassive,None,0,0,0,0,0,0,0,0,0
eng612.png,"Tumhara dil sach mein bahot soft hai BSDK, Woh dil nahi hai ",persuassive,Negatively persuasive,0,0,0,0,0,0,0,0,0
gay42.png,With film offer provider 2007 cubrent situation 2018 now a days most of the fresh male models situation be like. ,non-persuassive,None,0,0,0,0,0,0,0,0,0
eng246.png,To physics ka exam kaisa gaya?? bhai aapka bekaar hi gaya hai... sablog fail hi honge le topper nibba sabka nahi hota... laxman.... ,non-persuassive,None,0,0,0,0,0,0,0,0,0
san9.png,Woh gb khatam hone par 32 bhasha mein translate karna zaruri hai kya? ,persuassive,Neutral,0,Hyperboles,0,0,0,0,0,0,0
salman265.png,Dhokhaa swabhaav hai mera ,persuassive,Slightly Negatively persuasive,0,0,Personification,0,Irony,0,0,0,0
eng505.png,"Samosa khayega ? Nahi, Aaj upvas hai mera bhai mere taraf se hai meethi chatni dal ke dena ",non-persuassive,None,0,0,0,0,0,0,0,0,0
data99.png,"*During Shopping* ""Ma Sha Allah"" *Checks Price tag* ""Astaghfirullah"" ",non-persuassive,None,0,0,0,0,0,0,0,0,0
gay72.png,Same sex pyaar part of bharatiya sanskaar ,persuassive,Slightly Negatively persuasive,0,0,0,Alliteration,Irony,0,Puns_and_wordplay,0,0
salman2.png,I'm virgin Me too Same here They are telling truth ,persuassive,Negatively persuasive,0,0,0,0,0,0,0,Satire,0
san48.png,Akkha public ko Maalum hai kaun Aane wala hai Nani ,non-persuassive,None,0,0,0,0,0,0,0,0,0
romann108.png,while scrollig I found this meme which I made in february :) I shouldn't have said that *me now I definitely should not have said that we played chine jokes on me ,non-persuassive,None,0,0,0,0,0,0,0,0,0
san219.png,Wo Bollywood me survive karne ke liye karan johar ki movie se debut karna jaruri hai kya? ,persuassive,Neutral,0,0,0,0,0,0,0,Satire,0
eng_file68.png,Tell me your favorite Microsoft product. Mine is MS Powerpoint. Mine is M.S. Dhoni. ,persuassive,Slightly Negatively persuasive,0,0,0,0,Irony,0,Puns_and_wordplay,0,0
romann182.png,"Kya soch kar aaye the ? ke saheb 15 lakh degaa sabaasi dega? kyon? ab tu de.. GST de!!"" ",non-persuassive,None,0,0,0,0,0,0,0,0,0
fiiile76.png,When he ask if you have any sex toys 35 hilariously funny sex memes we can't get Enough of I Your tango. ,persuassive,Neutral,0,0,0,0,0,0,0,Satire,0
ramdev47.png,Beta ' ek zamana tha jab Corona hua karta tha ,persuassive,Neutral,0,0,0,0,0,0,0,Satire,0
salman43.png,*After watchin saaho* haath jod kar gujarish hai aapse dur rahiye mere bete se ,persuassive,Neutral,0,0,0,0,0,0,0,Satire,0
fiiile94.png,To be honest I experience same sex attraction ,non-persuassive,None,0,0,0,0,0,0,0,0,0
romann69.png,Jin what sapp group ka daily turnover 20 messages se adhik hai. ve sabhi july 1 se GST k Daiyre mein maine jaenge!! ,non-persuassive,None,0,0,0,0,Irony,0,0,0,0
fiiile131.png,When you're taking a shower and you hear your roommade celebrating the decrimination of gay sex. Naked and Afraid. ,persuassive,Slightly Negatively persuasive,0,0,0,0,Irony,0,0,0,0
san181.png,Khalnayak kehte hai ,non-persuassive,None,0,0,0,0,0,0,0,0,0
fille13.png,"Once a female fan tweeted that she got follow request from SSR And got Excited but later realised it was not real SSR Which made her sad.SSR Noticed the tweet and followed her for real and said ""smile now"". ",persuassive,Positively persuasive,0,0,0,0,0,0,0,0,0
san128.png,Reaction of Snajay Dutt After knowing Ranbir Kapoor is Playing in his biopic. ,persuassive,Slightly Negatively persuasive,0,Hyperboles,0,0,0,0,0,0,0
romann142.png,When you are about to start and she coughs ,non-persuassive,None,0,0,0,0,0,0,0,0,0
romann167.png,"GST Kya hai? Good night sweet dreams, take care ",non-persuassive,None,0,0,0,0,0,0,0,0,0
eng585.png,mujhe kuch nahi dikh raha maa ,non-persuassive,None,0,0,0,0,0,0,0,0,0
salman88.png,Logic in Salman Khan's movies This hai bhai Ab mai chalta hun ,persuassive,Neutral,0,0,Personification,0,0,0,0,0,0
fille76.png,"R.I.P Self - Made Star His mother passed away 2 weeks before hi s12th barod exam, that same year in 2001, he stood 7tj rank in AICEE, Started his acitng career with pavitra Rishta serial and grand masty forms His perpection in Ms Dhoni rolls was exceptional He was an inspiration to upcoming young actions. ",persuassive,Positively persuasive,0,0,0,0,0,0,0,0,0
romann134.png,"Galat fehmi bahut badi galat fehmi abhi kuch der aur so jaata hu, subah 5 baje uth ke padhunga ",non-persuassive,None,0,0,0,0,0,0,0,0,0
fiiile78.png,Shoaib Malik Aurat ka chakkar babu bhaiya aurat ka chakkar ,persuassive,Slightly Negatively persuasive,0,0,0,0,0,0,0,Satire,0
san146.png,Matlab Aisa bilkul immediate nahi soche hain but.. sochenge. ,non-persuassive,None,0,0,0,0,0,0,0,0,0
salman124.png,Itne saal ki saza kitne di me bahar? ,persuassive,Neutral,0,0,0,0,Irony,0,0,0,0
data65.png,Lays company making chips* chips be like:- Abe mereko to andar lo ,non-persuassive,None,0,0,0,0,0,0,0,0,0
gay103.png,"Barista:We're of iced coffee , is regular coffe okay? uh, thanks, but 1'n gay- ",non-persuassive,None,0,0,0,0,0,0,0,0,0
eng361.png,Makes his biopic castes himslef as a villain ,non-persuassive,Neutral,0,0,0,0,Irony,0,0,0,0
img21.png,Indina parents after their property in order to marry their daughter what did it cost? Everything- ,persuassive,Negatively persuasive,0,0,0,0,0,0,0,Satire,0
eng203.png,Trending no # 1 on twitter 2 days before kow *TN ppl #pray _for_Nesamani #stophindiposition central govt* pinringale da ,persuassive,Slightly Negatively persuasive,0,0,0,0,Irony,0,0,0,0
eng95.png,Bear grylls - Modi ji yaha jungle me hiran itni kaam kyu hai. Modi ji - bhai ka naam suna hai. ,persuassive,Slightly Negatively persuasive,0,0,0,0,0,0,0,Satire,0
imgg29.png,"Kshmiri Pandits After exides we are going well and settled in rest of India, Kashmiri Muslims 370 badi,we want,4G why J&K in ut. ",persuassive,Neutral,0,0,0,0,0,Analogies,0,Satire,0
meme_619.png,Taimur ali khan lost his control and started crying after watching salman khan in race3 instead of papa saif. ,persuassive,Neutral,0,0,0,0,0,0,0,Satire,0
imggg57.png,Prime video Princess of Mirzapur ,non-persuassive,None,0,0,0,0,0,0,0,0,0
fille78.png,Bohot maara... dhaga khol diya ,non-persuassive,None,0,0,0,0,0,0,0,0,0
eng470.png,When my parents ask me about my future plans ,non-persuassive,None,0,0,0,0,0,0,0,0,0
romann27.png,*In exam of 3 hrs* Examiner be like:- jab tak ye khel khatam nahi hoga. appun idhar ich hai. ,non-persuassive,None,0,0,0,0,0,0,0,0,0
fiiile85.png,Babny mazaa aaya ki nahi tumko aaya bohot mazaa aaya apna record hai aj tak koi bhi banda complaint leke nahi aaya. ,non-persuassive,None,0,0,0,0,0,0,0,0,0
fille46.png,"Not sure about other actors but after watching him im MSD biopice, A lot of peoples became a fan of Sushant Singh Rajput. ",non-persuassive,None,0,0,0,0,0,0,0,0,0
eng_file164.png,If Ronaldo was born in bihar ,persuassive,Neutral,0,0,0,0,Irony,0,0,Satire,0
ramdev120.png,Shabash patanjali shabash ,persuassive,Neutral,0,Hyperboles,0,0,0,0,0,Satire,0
data70.png,When freshers get to know that there is stage 2 after getting screened in- Ya Allah isse bhi Aage hota hai kya ,non-persuassive,None,0,0,0,0,0,0,0,0,0
san57.png,Sanjay Dutt Ranvir Kapoor Scene Comparison ,persuassive,Neutral,0,0,0,0,0,Analogies,0,0,0
san173.png,Woh footpath pe jagah ho to car road pe chalana zaroori hai kyu? ,persuassive,Slightly Negatively persuasive,0,0,0,0,Irony,0,0,Satire,0
fille11.png,Mai tumhari girlfriend nahi hoon le Sushant: Ti jao tereko pata nahi hai lekin tu hai ,persuassive,Neutral,0,Hyperboles,0,0,0,0,0,0,0
salman237.png,Girls with photoshop i can't wait to make myself prettior boys with photoshop: ,persuassive,Slightly Negatively persuasive,0,0,0,0,0,0,0,Satire,0
gay60.png,"Ab waqt aa gya hai bollywood ko yeh batane ka Raja ka beta Raja nahi banega, Raja wahi banega jo hakdaar hoga. ",persuassive,Positively persuasive,Metaphors,Hyperboles,0,0,0,0,0,0,0
data34.png,India is my country. All Indians are my Brothers & Sisters India is my country. All Inidans are my Brother and Sisters except Riya of 11'A' Ayushi of 11'C' ,persuassive,Slightly Negatively persuasive,0,Hyperboles,0,0,0,0,0,0,0
imggg51.png,akhnda nepotism saaf karna hai aap chinta mat kijiye hum smbhal lege Bollywood hamare control me hai. ,persuassive,Neutral,0,0,0,0,Irony,0,0,Satire,0
img157.png,"Palghar Sadhus, Sushant Singh Rajput controversy, 60% of India's Covid cases, Mansukh Hiren murder. etc. ",persuassive,Slightly Negatively persuasive,0,Hyperboles,0,0,0,0,0,Satire,0
imggg78.png,Jab katne ki aukaat na ho to bhaunkna bhi nahi chahiye ,persuassive,Negatively persuasive,Metaphors,Hyperboles,0,0,0,0,0,0,0
ramdev42.png,# Patanjali launches #Coronil. Baba # Ramdev be like Baba after making Coronil ,persuassive,Neutral,0,0,0,0,0,0,0,Satire,0
romann133.png,Thir umpire while making that decision ,persuassive,Neutral,0,0,0,0,Irony,0,0,0,0
data53.png,Vi dekh saamne drop gir raha hai. Jaldi chal ye drop hame hi melega. *After 2 minutes* Bhai tu revive matt kar warna tu bhi pela jayega bhaag yahan se ,non-persuassive,None,0,0,0,0,0,0,0,0,0
emo4.png,"Mujhse baat karogi to hi m roti khaaunga.... Sachhi...?? Ha, verna 6 pranthe, paneer ki sabzi, kashmiri pulav, Ice Cream or 1 glass Doodh peekar bhookha hi so jaunga...!!! ",non-persuassive,None,0,0,0,0,0,0,0,0,0
romann242.png,What is GST...? good night sweet dream and..? Take care...! ,non-persuassive,None,0,0,0,0,0,0,0,0,0
pic362.png,Beta tum se na ho payega. Humen tumhare lacchan bilkul theek nahin lag rahe hain. ,persuassive,Slightly Negatively persuasive,0,0,0,0,0,0,0,Satire,0
fille38.png,"Is kartik Aaryan , like Sushant Singh Rajput, To become a target.? ",non-persuassive,None,0,0,0,0,0,0,0,0,0
data106.png,"Hume toh apno ne loota, gairo me kaha dam tha Dost bhi aise mile, Jin chutiyo ke pass dimag kam tha ",non-persuassive,None,0,0,0,0,0,0,0,0,0
img38.png,"To be honest, I don't even feel bad for my husband when I act crazy anymore I mean he chose this life. ",non-persuassive,None,0,0,0,0,0,0,0,0,0
san225.png,Then Now ,persuassive,Slightly Negatively persuasive,0,0,0,0,0,0,0,Satire,0
img58.png,"Logo ko ghar pahuchata jaa raa raha hai labours ko job dilwate jaa raha hai ,Kisi private govt ki tarah har field me xpert ki tarah kam kar raha hai yeh , isse roka na gaya to jald hi mumbai ka CM ban jaega. ",persuassive,Slightly Positively persuasive,0,0,0,0,0,0,0,Satire,0
fille94.png,After getting Internship & all stuffs about Xpert Le me* bada mazedar app h be ,non-persuassive,None,0,0,0,0,0,0,0,0,0
imggg88.png,"Judge Sahab ram mandir issue par decison dede , Aapas me baith kar sulha lo, Judge Sahab bafors par? Yaar kyu gade murde ukhad rahe ho? Judge Sahab Kashmiri Pandit? Bahut purani baat ho gayi.. ab jane do, Dahi handi ki height? jallikattu? BCCI? ye hue na national interest ke issues. Lao. abhi decision deta hu. ",persuassive,Negatively persuasive,0,0,0,0,Irony,0,0,Satire,0
exa226.png,#RKNagar #NOTA Vasanth #BJP ,persuassive,Slightly Negatively persuasive,0,0,Personification,0,0,0,0,Satire,0
salman78.png,My boss when I reach office on time. Aisa pehli baar hua hai 17-18 saalon mein. ,non-persuassive,None,0,0,0,0,0,0,0,0,0
eeeng30.png,GST GST Everywhere ,non-persuassive,None,0,0,0,0,0,0,0,0,0
fille58.png,"A Very happy birthday to Sushant Singh Rajput the way he acted in this scene made everyone emotional in enough, words aren't enough to express the feelings of this scene birthday wishes to #Sushant Singh Rajput. ",non-persuassive,None,0,0,0,0,0,0,0,0,0
rhea46.png,CBSE topper gets 499/500 kaun hain ye log? kahan se aate hain ye? ,non-persuassive,None,0,0,0,0,0,0,0,0,0
salman116.png,Zee subsribe Saale tu toh deserve bhi nahi karta # Black buck poaching case ,persuassive,Slightly Negatively persuasive,0,0,0,0,0,0,0,0,Invective
eng55.png,Some guys after their first day at the gym- ,non-persuassive,None,0,0,0,0,0,0,0,0,0
san210.png,Woh meri acchi captaincy k piche dhoni ki tips reason lgana jaruri hai kya? ,persuassive,Neutral,0,0,0,0,0,0,0,Satire,0
fiiile111.png,Late kyu aaye he? we zra medical store pe ruk gya tha That smile ,non-persuassive,None,0,0,0,0,Irony,0,0,0,0
salman83.png,Life of Bhai #Blackbuckpoaching case,persuassive,Neutral,0,0,0,0,0,0,0,Satire,0
data3.png,"Kaun hai binod? Nepali, Meet Binod Chaudhary, the richest man in Nadal with a not worth of $1.14 bilion. ",non-persuassive,None,0,0,0,0,0,0,0,0,0
eng558.png,"Dil toh sabke paas hota hai, lekin sab dilwale nahi hote Books bhi sab ke paas hoti hai. lekin sab padhne wale nahi hote. ",non-persuassive,None,0,0,0,0,0,0,0,0,0
eng207.png,Me : aaj se padhai shuru .. top karega tera bhai !! aise kaise bc?? ,persuassive,Negatively persuasive,0,0,0,0,0,0,0,0,Invective
san34.png,Baap numbari beta dus numbari ,persuassive,Slightly Negatively persuasive,0,0,0,0,0,0,Puns_and_wordplay,Satire,0
salman25.png,"Yuzi chahal hi katrina mam, Hanuma_quibrim lovel Salman bhai to yuzi- Aja tujhe driving sikhata hu ",persuassive,Slightly Negatively persuasive,0,0,0,0,0,0,0,Satire,0
fille54.png,The way he acted in this scene Made everyone emotional in the theatre words aren't laugh to express the feelings of this scene... ,non-persuassive,None,0,0,0,0,0,0,0,0,0
meme_330.png,Bhai Suna Tumhe Jain Ho Gayi?? Aur Main Yaha Tere Liye Maggi Bana Raha Tha... Maggi Banne Se Pahle Aa Jaunga Pakka Promise... ,persuassive,Neutral,0,Hyperboles,0,0,Irony,0,0,Satire,0
img140.png,Seh lenge thoda ,non-persuassive,None,0,0,0,0,0,0,0,0,0
exa111.png,India me boht dar lagne laga hai Yaha aa jao... ,persuassive,Neutral,0,0,0,0,0,0,0,Satire,0
salman299.png,Cush : I am a big fan of Salman Khan. *Me trying to impress her: Ae gadi start kar ,persuassive,Neutral,0,0,0,0,0,0,0,Satire,0
rhea54.png,Car m baith kar chutiyo ki trh live ana zaruri h kya? ,non-persuassive,None,0,0,0,0,0,0,0,0,0
romann158.png,Being broke because of demoneasation is so last year Being broke through GST is the new swag. ,persuassive,Slightly Negatively persuasive,0,0,0,0,Irony,0,0,Satire,0
exa54.png,Welcome to the club.. and keep your prize safe.. and thoughts to yourself ,persuassive,Slightly Negatively persuasive,0,0,0,0,Irony,0,0,0,0
romann147.png,* In exam of 3 hras* Examiner be like:- jab tak ye khel khatam nahi hoga. appun idhar ich hai ,non-persuassive,None,0,0,0,0,0,0,0,0,0
exa23.png,"Khaa , PK jjaana ! fake! Aal izz hell or Aal izz well? Real ! AMul ",persuassive,Neutral,0,0,0,0,0,0,Puns_and_wordplay,0,0
imggg47.png,"*Every morning* (me to my alarm) #Mirzapur #morningthout subah-subah na mud to kharab karo mat, thik hai? ",non-persuassive,None,0,0,0,0,0,0,0,0,0
eng_file196.png,Didi aap kaha se ho Waise me patna Bihari Thi Saali ,persuassive,Negatively persuasive,0,0,0,0,0,0,0,0,Invective
data7.png,When you come from Rajasthan where they do child marriage and you come to delhi and complete your 10th standard Ya Allah isse bhi aage hota hai kya. ,persuassive,Slightly Negatively persuasive,0,Hyperboles,0,0,0,0,0,0,0
exa168.png,Jaipur Kashmir ki Azaadi Maangi thi... Olah Miya ne mujhe hi Azaad kar diya! ,persuassive,Neutral,0,0,0,0,Irony,0,0,Satire,0
data60.png,"Techer ; So, Three phase of matter are Solid, liquid and gas. 1st benchers: Sir , you forgot the 4th , plasma last benchers: ya Allah isse aage bhi hota hai? ",non-persuassive,None,0,0,0,0,0,0,0,0,0
eng14.png,"#PUBJ banned in India, Meanwhile indian parents be like Aakhir wo din aa hi gya ",non-persuassive,None,0,0,0,0,0,0,0,0,0
san116.png,poore pacchas taka !! ,non-persuassive,None,0,0,0,0,0,0,0,0,0
eng592.png,*Result of math exam* friend : 12/100 Me: 13/100 Me Jali na? Teri jali na? ,non-persuassive,None,0,0,0,0,0,0,0,Satire,0
rhea146.png,"Mere flat pe loan hai 55 lakh ka. jiska emi 17 hazar hai, ab kaise chukaungi? yeah kaunsa bank hai re baba itna sasta loan deta hai. ",persuassive,Neutral,0,0,0,0,Irony,0,0,0,0
san45.png,"*MSD, and then Raina announce their retirement* Literally all of us: Nahi, nahi , nahi, nahi: arey nahi bhai! ",non-persuassive,None,0,0,0,0,0,0,0,0,0
eng201.png,"""Oye girlfriend banegi meri?"" ""nhi mere parents allow nhi karte ye sab"" han bc to mere maa - baap konsa ""ladki patao abhiyan' chala rahe hain? ",persuassive,Slightly Negatively persuasive,0,0,0,0,0,0,0,Satire,0
salman260.png,Sher to ek hi tha hamara sani deol !!! pakistan me pakistaniyon ko sirf mara hi nahi balki unka hand pump bhi ukhad laya!! ,persuassive,Positively persuasive,0,0,0,0,0,0,0,0,0
eng487.png,"Maa-Bapp ke shayad dicisions galat ho sakte hai, par unki niyat kabhi kharab ni hoti LMAO NOOB",persuassive,Slightly Negatively persuasive,0,0,0,0,Irony,Analogies,0,0,0
romann233.png,"Anyone has, question?? Sir, Income tax salary ke kitna hota hai?? beta , income tax tho badi chee hai, teri salary pe tho GST maaf hoga!!! ",non-persuassive,None,0,0,0,0,0,0,0,0,0
img129.png,When you didn't ask for dowry coz u lov her but her nother ask heaby jewellery for marriage you: ,persuassive,Neutral,0,0,0,0,Irony,0,0,0,0
meme_1177.png,Sad kyun ho ? mere parents mere haath pila karna chahate hai isme bura kya hai tum shaadi ke layak ho gayi ho but mujhe pila rang nehi pasand i love pink galti ho geyi behen ,non-persuassive,None,0,0,0,0,0,0,0,0,0
san120.png,We grant you many chngralulation on this auspicius occasion. wish for your good health and successful life. ,non-persuassive,None,0,0,0,0,0,0,0,0,0
eng410.png,When kids don't study Inidan mom's reaction - Chappal nikalu kya ,persuassive,Slightly Negatively persuasive,0,0,0,0,0,0,0,Satire,0
rhea106.png,Rhea Chakraborty requestes Amit Shah for CBI Investigation in to Sushant Singh Rajput's death,persuassive,Slightly Negatively persuasive,0,0,0,0,Irony,0,0,Satire,0
gay102.png,Behti hawa sa tha wo udti patang sa tha wo kahan gaya use dhundo? ,non-persuassive,Neutral,0,0,0,0,0,0,0,Satire,0
salman43.png,*After watchin saaho* haath jod kar gujarish hai aapse dur rahiye mere bete se ,persuassive,Neutral,0,0,0,0,0,0,0,Satire,0
gay88.png,ELO Dis is India tech support. ,persuassive,Negatively persuasive,0,Hyperboles,0,0,Irony,0,0,0,0
img97.png,on your way to Kumon thinking about all the homework you didn't do ,non-persuassive,None,0,0,0,0,0,0,0,0,0
fiiile111.png,Late kyu aaye he? we zra medical store pe ruk gya tha That smile ,non-persuassive,None,0,0,0,0,Irony,0,0,0,0
imggg66.png,Whenever I meet my relatives Meanwhile relatives to me:- chalo tumhen gyan ki baat batate hain ! ,non-persuassive,None,0,0,0,0,0,0,0,0,0
romann54.png,Pewdiepie banned in china first time ? huh? ,persuassive,Neutral,0,0,Personification,0,Irony,0,0,0,0
salman285.png,Pet aur petrol agar ek baar badh jaaye toh phir ghat tey nahin hain... ,persuassive,Neutral,0,0,0,0,0,Analogies,Puns_and_wordplay,0,0
eng_file81.png,Best friend is Someone who understands what dirty thoughts are going in your mind just by having an eye contact ,persuassive,Neutral,0,0,0,0,0,Analogies,0,0,0
eng120.png,Mai jo jee raha hu wajah tum ho. Oxygen ki toh koi value hi nahi hai... ,non-persuassive,None,0,0,0,0,0,0,0,0,0
gay66.png,"Sorry, we no longer carry right wing politics because its too offensive Can I interest you in some rape porn?",persuassive,Negatively persuasive,0,0,0,0,Irony,0,0,0,Invective
eng_file188.png,after exam Bihar boy :- achha gaya U.P boy:- thick thak gaya M.P boy:- pass ho jaunga Delhi Boy :- tere bhai nai Madam set kar li ,persuassive,Slightly Negatively persuasive,0,0,0,0,0,0,0,Satire,0
fiiile38.png,"January 2019, January 2020",non-persuassive,None,0,0,Personification,0,0,0,0,0,0
eng314.png,Kya hua hai? exam me fail hua? nahi ladki chhod ke gayi? nahi RCB fan hai ? ,persuassive,Slightly Negatively persuasive,0,0,0,0,Irony,0,0,0,0
san130.png,Snaju Kar har maidan fateh HD Video. ,non-persuassive,None,0,0,0,0,0,0,0,0,0
data102.png,Yo Kejriwal so honest He got this memory card arrested Bacause it got corrupt. ,persuassive,Positively persuasive,0,0,0,0,0,Analogies,0,0,0
gay34.png,Cant understand 90% gf what me says and he is better than justin bieber leats his head on another man's sholder in a colorful twoel still not as gay as justin bieber.,persuassive,Negatively persuasive,0,0,0,0,0,Analogies,0,Satire,Invective
eng566.png,"2021 Aane  ke baad yadi kisi ne bola "" miss you 2020"" Taange toad di jayengi uski.. ",non-persuassive,None,0,0,0,0,0,0,0,0,0
eng239.png,"Ek hote hain cigratte pine wale , ek hote hai drugs lene wale, fir wo aate hain jinhe sote jaagte bas chai chahiye.",persuassive,Neutral,0,0,0,0,0,Analogies,0,0,0
meme_256.png,Two Big Mysteries Of 2015 Why Katappa Killed Baahubali Who Was Driving Salman's Car ,persuassive,Neutral,0,0,0,0,Irony,0,0,0,0
romann107.png,"The rise of tyranny: Trump jokes about abolishing presidential term limits while talking about chinese president Xi jinping ""He's now president for life no, He's Great and look he was able to do that I think It's great maybe we'll have to give that a shot some day."" ",persuassive,Slightly Negatively persuasive,0,0,0,0,0,0,0,Satire,0
san33.png,Us din mutth mar leta ,persuassive,Slightly Negatively persuasive,0,0,0,0,0,0,0,0,Invective
data25.png,exactly 10 am aaj... han malum hai.. tera breakup hogaya apne baap ko mat sikha chal ganna gaa aur nikal yaha se ,persuassive,Slightly Negatively persuasive,0,0,0,0,0,0,Puns_and_wordplay,0,0
meme_728.png,"I love you Sorry, I Have Hands. Sakhti dekh rehe ho lounde ki..... ",persuassive,Slightly Negatively persuasive,0,Hyperboles,0,0,0,0,0,0,0
eng485.png,Inida ma ch#tiyo ki kami he ke ,persuassive,Negatively persuasive,0,0,0,0,0,0,0,0,Invective
gay107.png,Only Fans bans sexually explicit content your dad starts looking for a new job,persuassive,Negatively persuasive,0,Hyperboles,0,0,Irony,Analogies,0,0,0
romann148.png,When your friend says he hasn't studied aynthing but then asks for an extra sheet ,persuassive,Neutral,0,0,0,0,0,0,0,Satire,0
ramdev177.png,After coronil launched by patanjali Akshay Kumar Seen Practicing to play baba Ramdev in his next movie. ,persuassive,Neutral,0,0,0,0,0,0,0,Satire,0
fiiile130.png,#HighOnMX Gf: Baby phone ka password batao. Bf: Nahi bataunga ,non-persuassive,None,0,0,0,0,0,0,0,0,0
ramdev70.png,"Ayush Ministry Bans Ads on Coronil :Le Ramdev Abhi mai stress mein hu, mat daanto mujhe",persuassive,Neutral,0,Hyperboles,0,0,0,0,0,Satire,0
salman125.png,"I don't care what you think about me I was a Salman Khan fan, I am a Salman fan and I will always be a Salman Fan, No matter what will happen, my love for Salman will always be same. ",persuassive,Positively persuasive,0,0,0,0,0,0,0,0,0
salman209.png,Mujjse dur raha kar tu ,persuassive,Slightly Negatively persuasive,0,0,0,0,Irony,0,0,0,0
salman111.png,Reason why bhai is still single....! #SalmanKhan #meme #bolywoodmemes # Thursday Thoughs #lol #single. ,persuassive,Neutral,0,0,0,0,Irony,0,0,0,0
fiiile33.png,To be honest I experience same sex attraction ,non-persuassive,None,0,0,0,0,Irony,0,0,0,0
san59.png,*Yeh bhen k bhai * Ek rapta padega na mutt dega ,persuassive,Slightly Negatively persuasive,0,0,0,0,0,0,0,0,Invective
gay90.png,Ha gay ha gay meme memes quickmeme,non-persuassive,None,0,0,0,0,0,0,0,0,0
salman136.png,Carrer kharab kr deta hoon fir 50 crone ki file se 1 crore ki chairity kr ke sabka mu band kar dunga offcours acting achi kar leto ho bhai 'you are a part of his death. ,persuassive,Negatively persuasive,0,0,0,0,0,0,0,0,0
img103.png,We can't get married without a dowry... It is the Laaaaaaw,persuassive,Neutral,0,Hyperboles,0,0,0,0,0,0,0
rhea125.png,I'm sorry babu ,persuassive,Slightly Negatively persuasive,0,0,0,0,Irony,0,0,Satire,0
img61.png,"Sajnay rout calls kangana ""haramkhor"" and defends it by saying it means NAUGHTY Topic change mat karo tum ",persuassive,Negatively persuasive,0,0,0,0,0,0,Puns_and_wordplay,Satire,Invective
imggg6.png,Chutiya hai yeh Important nahi humara lada hai yeh important hai ,persuassive,Slightly Negatively persuasive,0,0,0,0,Irony,0,0,0,Invective
eng463.png,Indian wedding groom bridge catering service boys ,persuassive,Slightly Negatively persuasive,0,0,0,0,Irony,0,0,0,0
img169.png,When Uddhav Thackeray dares CM Devendra Fadnavis to 'Resign' from the government. ,persuassive,Neutral,0,0,0,0,0,0,0,Satire,0
exa188.png,2014 and 2019 Lok Sabha election results kuchh nahi badla yaar. Aaj bhi sab kuchh waise ka waisa hi hai. ,persuassive,Neutral,0,0,0,0,Irony,0,0,Satire,0
eng362.png,Dekh Raju RCB jeet gya. Only toss jeeti hai bhag vhan se... ,non-persuassive,None,0,0,0,0,0,0,0,0,0
eng244.png,When your best friend says something in front of your parents that he wasn't supposed to say 'ye hota hai chutzpah!' ,persuassive,Slightly Negatively persuasive,0,0,0,0,Irony,0,0,0,Invective
emo44.png,"""Kyu hila daala na"" ",non-persuassive,Neutral,0,0,0,0,0,0,0,Satire,0
eng428.png,Before every exam your favourite tv show be like ,non-persuassive,None,0,0,0,0,0,0,0,0,0
meme_780.png,"Girls before & after 21 days lockdown , Boys before & after 21 days lockdown",persuassive,Slightly Negatively persuasive,0,0,0,0,Irony,0,0,0,0
eeeng11.png,"Tobrez Ansari was lynched on suspician of biko thaft whole loft, media whole community used his clooth for thair propaganda, for victim card, made in international media Yesterday , 3 including 2 sadhus were lynched for rumours of theft , not a single person is concerned, because secularism! ",persuassive,Negatively persuasive,0,0,0,0,0,0,0,0,0
fiiile7.png,Google maps:* go straight* karan joker: rocking whore. ,persuassive,Negatively persuasive,0,0,0,0,0,0,Puns_and_wordplay,Satire,0
img149.png,My superpower is always knowing where the nearest bathroom is. ,non-persuassive,None,0,0,0,0,0,0,0,0,0
romann209.png,Friend - bro sometime you say you want to become engineer sometime you say you want to become you tuber why?? *le me I have a multiple passion disorder. ,persuassive,Neutral,0,0,0,0,0,0,Puns_and_wordplay,0,0
romann169.png,"When we laugh after seeing memes in mobile *mom taen da phone api paathu shikura, yaara yaacrum love panriyaa daa?! *me love aah??! maan aah??!! ",non-persuassive,None,0,0,0,0,Irony,0,0,0,0
data46.png,When you find a dank meme to send yo your friends ,non-persuassive,None,0,0,0,0,0,0,0,0,0
romann196.png,Jin whatsapp group ka daily turnover 20 messages se adhik hai. ve sabhi july 1 se GST k daire mein mane jaenge!! ,non-persuassive,None,0,0,0,0,0,0,0,0,0
romann35.png,Galat fehmi bahut badi galat fehmi Abhi kuch der aur so jaata hu. subah 5 baje uth ke padhunga. ,non-persuassive,None,0,0,0,0,0,0,0,0,0
meme_88.png,Gf Vo Hai Jo Aap Ki Saari Aadaton Ko Badal Degi Phir 2 Saal Baad Kahegi Babu Tum Pehle Jaise Nahi Rahe' ,persuassive,Slightly Negatively persuasive,0,0,0,0,Irony,0,0,0,0
meme_779.png,Science Students Be Like Who is your favourite badminton player ? NRT Sindhu...!! Its PV Sindhu...!! But Sir PV=NRT. ,non-persuassive,None,0,0,0,0,0,0,0,0,0
data2.png,*When quests/relatives visit your house:- Abhi ayega na bhidu ,non-persuassive,None,0,0,0,0,0,0,0,0,0
romann180.png,When you mix water with sanitizer so that sanitizer becomes more *Corona Virus: kaise kaise log rhte hain yahan ,persuassive,Neutral,0,0,Personification,0,Irony,0,0,0,0
eng290.png,Foreign Serial' I love semebody else lets break up its ok enjoy your life. *Indian Serial* aaj meri dost pooja ka phone aya tha kya ! kya ! kya dhoom tana nana aaaa ree gaaa maa dhoom tana nana.,persuassive,Negatively persuasive,0,Hyperboles,0,Alliteration,Irony,0,0,0,0
fiiile123.png,Ladki ko ladka aisa chahiye jo kabir singh jaisa pyaar kare lekin cigarette or daru na piye aise kaise chalgegaa didi. ,persuassive,Slightly Negatively persuasive,0,0,0,0,Irony,0,0,0,0
rhea104.png,Rhea Chakaraborty wasn't co-operating with CBI...So she got slapped by CBI officer Nupur Prasad. Meanwhile- *SSR fans *Mahesh Bhatt ,persuassive,Slightly Negatively persuasive,0,0,0,0,0,0,0,Satire,0
san71.png,"Is just doing awesome job in ""The kapil Sharma Show"" ",non-persuassive,None,0,0,0,0,0,0,0,0,0
romann211.png,Memes kya hote hai ? what is meaning of memes? hindi men puri jankari ,non-persuassive,None,0,0,0,0,0,0,0,0,0
imggg28.png,Chull mach rhi hai hamko bahut jayda,non-persuassive,None,0,0,0,0,0,0,0,0,0
salman63.png,Vicky kaushal and katrina dating exactly the opposite of the movie Sanju happend #VickyKaushal ,persuassive,Neutral,0,0,0,0,Irony,0,0,0,0
exa37.png,Kids:- I can't live in India due to rising intolerance Men:- I'll leave india if you boycott pakistani artists from Bollywood. Legends:- I'll leave India because.. Kanda Bhajia Paav Chahiye Merko. ,persuassive,Slightly Negatively persuasive,0,0,0,0,0,0,0,Satire,0
eeeng41.png,before GST After GST 28% on cosmetics Indians can relate... Dedicated to GoT fans from India... ,persuassive,Slightly Negatively persuasive,0,Hyperboles,0,0,Irony,Analogies,0,0,0
exa118.png,#Shwetazoomcall #Shweta Miron #Pandit Pandit guy waiting for Shweta ,persuassive,Slightly Negatively persuasive,0,Hyperboles,0,0,Irony,0,0,Satire,0
romann157.png,"What is GST...? Good night, sweet dreams and...? Take care...! ",non-persuassive,None,0,0,0,0,0,0,0,0,0
salman104.png,"Salman bata ""wheat"" ko hindi mein kya bolte hai.? Gayhoon Humeing toh pehle hi pata tha ",persuassive,Negatively persuasive,0,0,0,0,0,0,Puns_and_wordplay,Satire,0
fiiile104.png,when you're using your phone at night and your mom suddenly enters the room ,non-persuassive,None,0,0,0,0,0,0,0,0,0
san157.png,nahi ! thug life ,persuassive,Neutral,0,0,0,0,0,0,0,Satire,0
san193.png,Sanjay Dutt roasts ye monthly nahi hai yaar Sanjay Dutt. ,persuassive,Slightly Negatively persuasive,0,0,0,0,Irony,0,0,Satire,0
fille82.png,"Sushant Singh Rajput's family has decided that Sushant's childhood home (In Rajiv Nagar. patna) will be turned into a memorial his thousands of books, personal telescope, flight simulator and other belongings will be kept there for his fans and admirers. ",non-persuassive,None,0,0,0,0,0,0,0,0,0
romann20.png,Maine kaha tha hum jab bhi sex krenge gullak me 10 ruppee dalenge To phir isme 100 rupee ke 2 note kaise aaye Har koi tumhari tarah kanjoos nahi hota. ,persuassive,Slightly Negatively persuasive,0,0,0,0,Irony,0,0,0,Invective
salman231.png,Harshvardhan: Vicky and katrina are in relationship Salman bhai. #Vicky Kaushal #Katrina Kaif # Harshvardhan kapoor #Salman Khan,non-persuassive,None,0,0,0,0,0,0,0,0,0
imggg44.png,"Frd: Bhai ye tik tok pe account to bana diya , pr videos kaise banate h!? ye veshyaaon jaisa bartav nhi kiya kro ",persuassive,Slightly Negatively persuasive,0,Hyperboles,0,0,0,Analogies,0,0,0
eng578.png,"What's your weakness? , I trust people easily. you're nired. Thank you , Sir! I was joking... lol ",non-persuassive,None,0,0,0,0,0,0,0,0,0
ramdev125.png,"Everyone to shweta when she said""aur wo ladka pandit tha"" *Shweta Bhai bata na aage kya hua, please bhai.",persuassive,Slightly Negatively persuasive,0,Hyperboles,0,0,Irony,0,0,Satire,0
data49.png,Friend : Tune meri itni achi pic pe haha react kyu kiya bey Me: Humare yaha aisa hi hota hai. ,non-persuassive,None,0,0,0,0,0,0,0,0,0
eng454.png,When a teammate shares his first aid bab mai toh terko harami samjhta tha tu tho dev - maanus niklare ,non-persuassive,None,0,0,0,0,0,0,0,0,0
eng347.png,Dad i swear that was shampoo on the toilet seat lolindian.com ,persuassive,Negatively persuasive,0,0,0,0,Irony,0,0,0,0
gay26.png,him; do u eat ass? Me: ,persuassive,Slightly Negatively persuasive,0,0,0,0,0,0,0,0,Invective
data67.png,40 April 'Lockdown Extended fill 40th April in West Bengal' Ya Allah isse bhi aage hota hai kya ,non-persuassive,None,0,0,0,0,0,0,0,0,0
romann30.png,"Excuse me bhai sahab, Aap bataooge ki Gujarati Khana kaha milega ",non-persuassive,None,0,0,0,0,0,0,0,0,0
eng424.png,Life mein jab kabhi Aapko financial problem Aati hai tab achanak he Aapko pata chalta hai ki Aapke saare rishtedar sudama hain. ,non-persuassive,None,0,0,0,0,0,0,0,0,0
ramdev40.png,#Patanjali launched # Coronil baba Ramdev to WHO & Scientists Kyu... hila dala na ,persuassive,Neutral,0,0,0,0,0,0,0,Satire,0
emo25.png,Shiv sena MP Sanjay Raut's wife summoned by ed in PMC bank case. ,persuassive,Slightly Negatively persuasive,0,0,0,0,0,0,0,Satire,0
romann176.png,"Oh, you went on your friend's you must be the best hacker ever.",non-persuassive,None,0,0,0,0,0,0,0,0,0
eeeng22.png,GST vs Common Man,non-persuassive,None,0,0,0,0,0,0,0,0,0
eng367.png,Who exactly is getting married? ,persuassive,Neutral,0,0,0,0,Irony,0,0,Satire,0
romann19.png,Suhagraat hai ghunghat utha raha hun main.... Bhai update dete rehna hum online hai. ,persuassive,Slightly Negatively persuasive,0,0,0,0,0,0,0,Satire,0
salman80.png,Salman khan gifts singing sensation Ranu Mandal a house worth Rs.55lakh he also offers her to sing for his upcoming movie dabangg3 man with a golden heart. ,persuassive,Positively persuasive,0,0,0,0,0,0,0,0,0
fille34.png,*Varun Dhawan demands CBI enquiry in Sushant's case* le karan johar: saala saanp ko paal raha tha ,persuassive,Slightly Negatively persuasive,0,Hyperboles,0,0,Irony,0,0,0,0
img43.png,*Dogs barking at night* USA:- They might be hungry India:- Aatma dekh liya hoga ,persuassive,Slightly Negatively persuasive,0,0,0,0,Irony,0,0,0,0
eng481.png,When you see your best friend tagging somebody else on facebook Aaj khush toh bahut hoge tum ,non-persuassive,None,0,0,0,0,0,0,0,0,0
eng346.png,Ky fayda itni badi technology ka. jab hm online kisi ko mukka nahi mar sakte ,persuassive,Slightly Negatively persuasive,0,Hyperboles,0,0,0,0,0,0,0
salman274.png,"Salman Khan is the Iphone of Bollywood. Same acting in every movie. High market value no improvements and blind fan following. Salman Khans ture crusader against Nepotism To fight against this evil system, be decided not to have kids. ",persuassive,Slightly Negatively persuasive,0,0,0,0,0,Analogies,0,0,0
salman63.png,Vicky kaushal and katrina dating exactly the opposite of the movie Sanju happend #VickyKaushal ,persuassive,Neutral,0,0,0,0,Irony,0,0,0,0
romann140.png,Looking at your syllabus a day before exam be like Tf ye kab add hua  ,non-persuassive,None,0,0,0,0,0,0,0,0,0
eng529.png,Pakistan cricket team preparing for post match presentation ,persuassive,Slightly Negatively persuasive,0,0,0,0,0,0,0,Satire,0
eng_file8.png,Girls be like bhaiy golgappe aur spicy banao,persuassive,Negatively persuasive,0,0,0,0,Irony,0,0,0,0
data72.png,After watching #KunalKamraroast Allah maaf kare bahot manhus lag rahe ho mat karo rehne do ,non-persuassive,None,0,0,0,0,0,0,0,0,0
eng372.png,"Camera man showed her for approx 2-3 seconds in yesterday's match, her instagram follwers got increased from sk to 47k and still increasing singles ki ashleelta dekh lo mitron. ",non-persuassive,None,0,0,0,0,0,0,0,0,0
eng302.png,Neend k peeche mat bhago padhai ke peche bhago neend jhak maar k aayegi ,persuassive,Slightly Negatively persuasive,0,0,Personification,0,0,0,0,0,0
data93.png,Principal : Students here's ur new teacher ! great her girls: Gud morning ma'm Boys:- Biyah ho gya tmhra? ,persuassive,Negatively persuasive,0,Hyperboles,0,0,Irony,0,0,0,0
fiiile55.png,"When he asks you ""who taught ya that ? "" but it's your first time doing it ",non-persuassive,None,0,0,0,0,Irony,0,0,0,0
romann106.png,"Hello Mr Xi, welcome to India , Hi Mr Modi, How are you? I am told China is very beautiful, I have been never been there , Realy ? let me show you some pics. ",non-persuassive,None,0,0,0,0,0,0,0,0,0
fiiile20.png,"Your crush , her brother, her father, her ex, her crush , you ",persuassive,Neutral,0,Hyperboles,0,0,0,Analogies,0,0,0
img41.png,"Sajnay rout calls kangana ""haramkhor"" and defends it by saying it means NAUGHTY Topic change mat karo tum ",persuassive,Negatively persuasive,0,0,0,0,0,0,Puns_and_wordplay,Satire,Invective
img56.png,The daily hera pheri meme project viral tweets on hera pheri memes the daily hera pheri meme project the viral translations. The deily hera pheri meme. ,non-persuassive,None,0,0,0,0,0,0,0,0,0
gay122.png,Makes his biopic casts himsef as a villain. ,non-persuassive,None,0,0,0,0,0,0,0,0,0
imgg21.png,Who did this ? #article 370 scrapped #Kashmir Par final fight Article 370.,persuassive,Slightly Negatively persuasive,0,0,0,0,0,0,0,Satire,0
gay54.png,"Barista: We're out of iced coffee , is regular coffee okay? Me:oh. thanks but  I'm gay.  ",non-persuassive,None,0,0,0,0,0,0,0,0,0
romann103.png,"GST kya hai ? Good Night Sweet Dreams, Take Care ",non-persuassive,None,0,0,0,0,0,0,0,0,0
ramdev83.png,# Patanjali to be hte first to launch evidence based medicine against covid -19. Baba Ramdev to Scientists and Doctors mere muh mat lagna ab tu bas. ,persuassive,Slightly Negatively persuasive,0,Hyperboles,0,0,Irony,0,0,Satire,0
salman212.png,"*Perfect School exists - English teacher, Physics Teacher, Math Teacher, History Teacher, G.K Teacher, Hindi Teacher ",persuassive,Neutral,0,0,0,0,Irony,0,0,Satire,0
eng37.png,Ghar walon ko koi samjhao yaar ki subah hone mein aur neend puri hone mein farak hai ,non-persuassive,None,0,0,0,0,0,0,0,0,0
ramdev150.png,"Breaking News Patanjali can sell coronil as immunity booster and not as cure to covid-19 Ayush ministry Bohat he unda ullu banane ki koshish ki h, inke  liye taaliyaan bajti rahni chahiye. ",persuassive,Neutral,0,0,0,0,0,0,0,Satire,0
ramdev104.png,Patanjali introduce #coronil people: does it work? Ramdev baba: Iski guarantee me nahi de sakta ,persuassive,Neutral,0,0,0,0,0,0,0,Satire,0
img12.png,"We want dowry in dollars, not rupees",persuassive,Slightly Negatively persuasive,0,0,0,0,0,0,0,Satire,0
imggg109.png,BJB it cell: Thesethank fhal mame #Kashmir with modi * Bhakths Oh wow... Kashmir is supporting Modi Ji.... ,persuassive,Neutral,0,0,0,0,Irony,0,0,0,0
romann82.png,I bought a red hat made in china and all i got was a stupid president. ,persuassive,Slightly Negatively persuasive,0,0,0,0,0,0,0,Satire,0
salman4.png,"I don't care what you think about me I was a Salman Khan, I am a Salman Fan and I will always be a Salman Fan. No matter what will happen, my love for Salman will always be same. ",persuassive,Positively persuasive,0,0,0,0,0,0,0,0,0
fiiile81.png,When a relative visits you and gives you money without telling your parents ,persuassive,Slightly Negatively persuasive,0,0,0,0,Irony,0,0,0,0
meme_255.png,Kids Love This Faisal Real Girls Love This Faisal ,non-persuassive,None,0,0,0,0,0,0,0,0,0
rhea134.png,Agar didi ne aisa acting filmo me ki hoti to national award mil jata ,persuassive,Neutral,0,0,0,0,0,0,0,Satire,0
data30.png,He : * I love you* She : Propose me in different style He: Kategi kya? ,persuassive,Slightly Negatively persuasive,0,0,0,Alliteration,0,0,Puns_and_wordplay,0,Invective
san177.png,Tu Kitna tez bhag skta hai ,non-persuassive,None,0,0,0,0,0,0,0,0,0
img60.png,Wwhn she doesn't bring dowry with her still that part! ,persuassive,Negatively persuasive,0,0,0,0,Irony,0,0,0,0
salman61.png,Kya Banana Chate Ho? Xpert ka intern Ban Jayega. ,non-persuassive,None,0,0,0,0,0,0,0,0,0
imggg76.png,The Dumb Doctor Hashmi TransioceTwets Hashmi ultra pro Maalish edition. ,persuassive,Neutral,0,0,0,0,0,Analogies,0,0,0
gay114.png,Gay couple at Italian Newspaper stall c.1960s.,non-persuassive,None,0,0,0,0,0,0,0,0,0
san5.png,Asharam ke muh me laddu futaaaaaaa on hearing Radhe Maa could be jailed,persuassive,Negatively persuasive,0,Hyperboles,0,0,0,0,0,Satire,0
img81.png,"Shivsena Then Vaha pe kokan ka baat , Shivsena Now Balasaheb on Ahmed Patel Ahmed Patel ki raah pe chalne wale Sanjay Raut. ",persuassive,Slightly Negatively persuasive,0,0,0,0,0,0,0,Satire,0
exa55.png,The hind Taliban has arrived! Now It's up to us whether we suffer them or we crush them. The choice is ours. MP BJP leader says woman  who cross Lasman-Rekha will be punished. ,persuassive,Negatively persuasive,0,0,0,0,Irony,0,0,0,Invective
img75.png,Ppa ne bole car denge tumhe nahi mujhe JCB chaiye Mazdoor Salaaa.. ,persuassive,Negatively persuasive,0,Hyperboles,0,0,0,0,0,0,0
san75.png,*Rhea Chakraborty allegedly 'not co-operating'with ED in probe Asaram Bapu: Rhea Aai Kya? ,persuassive,Slightly Negatively persuasive,0,0,0,0,0,0,0,Satire,0
data46.png,When you find a dank meme to send yo your friends ,non-persuassive,None,0,0,0,0,0,0,0,0,0
rhea123.png,Lockdown khatm hone ke baad aap utne hi safe hai jitne mithun da cycle ke piche dushman ki goli se ,persuassive,Neutral,0,0,0,0,Irony,Analogies,0,0,0
romann162.png,"Nenal Needu water Abhjeet is going to bring water for her Ind the meanwhile, Abhil fill, The bestie and gives water for monal Abba, Bhale undi ra mi traingle story.",non-persuassive,None,0,0,0,0,0,0,0,0,0
salman146.png,"Everyone is so busy prasing Jaoqvin phoenix for his ferformance as joker, that nobody noticed Salman Khan's guest oppearance in the movie, I mean, that car driver who hit the joker with his car. ",persuassive,Neutral,0,0,0,0,Irony,0,0,0,0
fiiile127.png,Me: we're gonna have to perform a cavity search he: but the detector didn't even- Me: maim it's just protocol ,non-persuassive,None,0,0,0,0,Irony,0,0,0,0
fiiile34.png,-How does it feel to be the same sex as Donald Trump? I dunno. how it fell to be the same sex as hitler's mom? ,persuassive,Negatively persuasive,0,0,0,0,0,Analogies,0,Satire,0
img111.png,Kyu...Hila dala na,non-persuassive,None,0,0,0,0,0,0,0,0,0
img124.png,Saala ye mere facebook pe ek banda itni sad shayri krta hai ab tou mai bhi uski girlfriend ko miss krne laga hoon. ,persuassive,Neutral,0,Hyperboles,0,0,0,0,0,0,0
fille79.png,"He acted in a movie chichhore where he showed that suicide is not a solution, instead we should fight and live and today he committed suicide life is so unfair. ",persuassive,Slightly Negatively persuasive,0,0,0,0,Irony,0,0,0,0
emo15.png,Husband : Aloo ke parathon mein aloo toh najar hi nahi aa rahe hai... Wife: Chup-chap khaa lo... Kashmiri pulav mein kashmir najar aata hai.. ,non-persuassive,None,0,0,0,0,0,0,0,0,0
meme_265.png,Aurat Ka Chakkar Babu Bhiya Aurat Ka Chakkar ,persuassive,Slightly Negatively persuasive,0,0,0,0,0,0,0,Satire,0
san147.png,Woh friendship day bhi manana zaruri h kya. ,non-persuassive,None,0,0,0,0,0,0,0,0,0
data35.png,Snakshi Ramayan Dekha ? Haa Hiran ko kisne mara tha? Salman Khan ne ,non-persuassive,None,0,0,0,0,0,0,0,0,0
eng_file145.png,"Me after getting 6,6,5 in ludo ",non-persuassive,None,0,0,0,0,0,0,0,0,0
salman288.png,# Real Cabinet Ministry of Road transport ,non-persuassive,None,0,0,0,0,0,0,0,0,0
imggg112.png,After seeing Mirzapur 2 trailer *Amazon prime *Disney Hotstar Netflix Zees Kaanp kahe rahi ho ? ,persuassive,Neutral,0,0,Personification,0,0,0,0,0,0
rhea108.png,Me after seeing Rhea on #aajtak TV interview ayee sali savitri jada hosyari matt dikha haan... ,persuassive,Slightly Negatively persuasive,0,0,0,0,0,0,Puns_and_wordplay,Satire,0
fiiile62.png,Tum hi ne meri zindagi kharab ki hai ,non-persuassive,None,0,0,0,0,Irony,0,0,0,0
exa137.png,"Israel isn't a legitimate state Legit meme, Indian context!: Late Stage Capitalism ",persuassive,Negatively persuasive,0,0,0,0,Irony,0,0,0,0
rhea63.png,Rhea Chakraborty aur Bhaj Souvik ke drugs paddler se rista. ,non-persuassive,None,0,0,0,0,0,0,0,0,0
ramdev173.png,Ptanajali release cronil medicine for corona virus. Ramdev baba right now: paisa hi paisa hoga ,persuassive,Neutral,0,Hyperboles,0,0,0,0,0,Satire,0
ramdev167.png,Maharashtra gov. ban coronil drug maharashtra rank 2nd in covid casses in India le baba ramdev- Gaand fate toh fate par nawabi na ghate. ,persuassive,Slightly Negatively persuasive,0,0,0,0,Irony,0,0,Satire,Invective
fiiile48.png,*Condom' ka packet dena... bhabhi pahle toh bhaiya aate the . aaj aap? tab mai gaanv gai thi ab wo gaye hue hai. ,persuassive,Slightly Negatively persuasive,0,0,0,0,Irony,0,0,0,0
fiiile104.png,when you're using your phone at night and your mom suddenly enters the room ,non-persuassive,None,0,0,0,0,0,0,0,0,0
img89.png,Baat karke toh dekho humse Agr pyaar na ho jaye toh block kar dena. ,non-persuassive,None,0,0,0,0,0,0,0,0,0
san107.png,With just one trailer he proved what a class actor He's! Brace yourselves dutt is back!! Sanju Baba is back !! #Raj Subscirbe>> Troll Bollywood on YT. ,persuassive,Slightly Positively persuasive,0,0,0,0,0,Analogies,0,0,0
eng404.png,Sasu Maa: Shadi se pehle maike se khana banana Seekh ke nahi aa sakti thi ? Ladki : oh Pls.. wo mera maika tha koi hotel management ka school nahi. ,persuassive,Neutral,0,0,0,0,Irony,0,0,0,0
eng515.png,"While playing holi: how i think, i look like holi hai how i actually look like ",non-persuassive,None,0,0,0,0,0,0,0,0,0
salman141.png,Proof that Salman Was behind the wheel ,non-persuassive,None,0,0,0,0,0,0,0,0,0
eng_file229.png,Tiktokers who moved to snack video now snack video is banned le youtubers to Them - Ee Lo.... Na kaat lo ,persuassive,Negatively persuasive,0,0,0,0,0,0,Puns_and_wordplay,Satire,0
eng614.png,"Bhai, bohot mushkil se crush ne friend request accept ki thi dosto ne bhabhi bhabhi comment kar ke block karwa diya ",non-persuassive,None,0,0,0,0,0,0,0,0,0
pic448.png,Beta tum se na ho payega. Humein tumhare lacchan bilkul theek nahin lag rahe hain. ,persuassive,Slightly Negatively persuasive,0,0,0,0,0,0,0,Satire,0
data85.png,what's the best part about dead baby jokes? They never get old ,persuassive,Slightly Negatively persuasive,0,0,Personification,0,0,0,0,0,0
eng600.png,"When I don't raeach home on time...!!! Mai toh kabhi itna late nahin hota , Jaroor traffic main hoga *Mom mera baccha kidnap hogya toh? ",persuassive,Neutral,0,Hyperboles,0,0,Irony,0,0,0,0
exa13.png,Correct selection of #Shweta after the pandit guy find out all his secrets are that guy Shweta ,persuassive,Slightly Negatively persuasive,0,Hyperboles,0,0,Irony,0,0,Satire,0
data29.png,Baathroom me kya giraya tha kattapa? Shampoo Giraya tha Rajmata Lekin tu to takla hai ,persuassive,Slightly Negatively persuasive,0,0,0,0,Irony,0,0,0,0
eng377.png,Dad after watching kabir singh: beta main toh mazak kar raha tha mai bharega bijli ka bill ,non-persuassive,None,0,0,0,0,0,0,0,0,0
romann165.png,"How many letters are there in english alphabets ? 23 without GST, 26 with GST ! ",non-persuassive,None,0,0,0,0,0,0,0,0,0
fille60.png,Actors like Sushant Singh Rajput Prove Bollywood's future is in safe hands ,non-persuassive,None,0,0,0,0,0,0,0,0,0
ramdev160.png,Patnajali coronil tablets Ramdev baba ke dawaai ,persuassive,Neutral,0,0,0,0,0,0,0,Satire,0
data33.png,When you hit the speed bump but it's starts screanning. ,persuassive,Slightly Negatively persuasive,0,0,Personification,0,0,0,0,0,0
eng568.png,Suna hai tune college mein ledki patai hai nehi papa mai yea sab kaam nehi karta mai sirf padahi karta hun toh kab karega BSDK chakka hai kya? ,persuassive,Slightly Negatively persuasive,0,0,0,0,Irony,0,0,0,Invective
fiiile15.png,"Aaj itne dino baad tumhari friend ghar aayi , bahot accha laga jeans pehen lo, payjaame mein tumhari khushi saaf nazar aa rahi hai. ",persuassive,Slightly Negatively persuasive,0,Hyperboles,0,0,0,0,0,0,0
san195.png,Even for a single secong we didn't feel like it's not Sanjay Dutt but Ranbir Kapoor in The Teaser of 'Sanju' Ranbir is Definitely back with a bang this time #Sanju #Sanjay Dutt #Ranbir Kapoor. ,non-persuassive,None,0,0,0,0,0,0,0,0,0
imggg102.png,"Kashmiri Pandits struggle for existence continuous Yakis, I am Kashmiri Pandits I love my Indentity Yaiks. ",persuassive,Neutral,0,0,0,0,0,0,0,0,0
rhea59.png,"her past: after getting 15cr: after seeing bublic certiclsm, meanwhile Mahesh Bhatt: Abhi hum zinda hai her present her future. ",persuassive,Neutral,0,0,0,0,0,Analogies,0,Satire,0
imgg28.png,"After article 370, every Indian be like :- Plot kidhar hai? ",persuassive,Slightly Negatively persuasive,0,0,0,0,Irony,0,0,Satire,0
meme_821.png,"Bhai, bohot mushkil se crush ne friend request accept ki thi Dosto ne bhabhi bhabhi comment kar ke block karwa diya ",non-persuassive,None,0,0,0,0,0,0,0,0,0
imggg113.png,Humare mann mein tumhare liye ijjat aur badh gayi hai ,non-persuassive,None,0,0,0,0,0,0,0,0,0
romann91.png,Chinese precident has finally spoken on corona virus. He said that tao shin tawo corona toshin pang chao tao tin. Tao chun 5G pong tou amu suan sun sian e tu muoa. ,persuassive,Negatively persuasive,0,0,0,0,0,0,0,0,Invective
fiiile70.png,Samuel crossley How did you know you were gay? wiki How. ,non-persuassive,None,0,0,0,0,0,0,0,0,0
fiiile118.png,Babny mazaa aaya ki nahi tumko aaya bohot mazaa aaya apna record hai aj tak koi bhi banda complaint leke nahi aaya. ,non-persuassive,None,0,0,0,0,0,0,0,Satire,0
imggg71.png,*When You're giving viva and every one the Answer except you* Viva Examiner: ,non-persuassive,None,0,0,0,0,0,0,0,0,0
eng_file178.png,"Birth Anniversary of former prime Minister of India, Atal Bihari Vajpayee ""Victory & Defeat are a part of life which are to be viewed with equanimity"" -Atal Bihari Vajpayee ",non-persuassive,None,0,0,0,0,0,0,0,0,0
fiiile47.png,"Nibba - mat ro baby , 3 may ko to milna hi hai hamko.. *Modi ji- ",non-persuassive,None,0,0,0,0,Irony,0,0,Satire,0
eng357.png,"Asli dost kon hai? jo exam me ek ""khansi"" par aapki taraf dekhe. Adbhut ",non-persuassive,None,0,0,0,0,0,0,0,0,0
eng_file226.png,"When Bhagalpurites asks for Airport"" Politicians nibba be like- ",persuassive,Slightly Negatively persuasive,0,0,0,0,Irony,0,0,Satire,0
imggg28.png,Chull mach rhi hai hamko bahut jayda,non-persuassive,None,0,0,0,0,0,0,0,0,0
san231.png,I don't know whether Sanjay Dutt was right or wrong but I know Ranbir could have other than Ranbir could have done his role so perfectly. ,non-persuassive,None,0,0,0,0,0,0,0,0,0
eng_file152.png,If Ronaldo was born in bihar ,persuassive,Neutral,0,0,0,0,Irony,0,0,Satire,0
eng_file14.png,"In bihar , this is called reaching great heights! ",persuassive,Slightly Negatively persuasive,0,0,0,0,0,0,0,Satire,0
salman286.png,"Divorced , Divorcesd, Divorced, Divorced, Divorced Dekha aapne shaadi karne ka natija ",persuassive,Slightly Negatively persuasive,0,0,0,0,0,Analogies,0,Satire,0
eeeng5.png,Jewellery mehengi resturaent me khana mahenga beauty parlor jana mahenga mitronn ! na khud biwi rakhta hu na kisiko rakhne dunga. ,persuassive,Slightly Negatively persuasive,0,0,0,0,Irony,0,Puns_and_wordplay,Satire,0
gay73.png,"When yo boy forgets to wear socks whenever you gotta sleep together I dunoo man, seems kinda gay to me. ",non-persuassive,None,0,0,0,0,0,0,0,0,0
san16.png,ye haat me paper pe likhke photo khichwake status pe dalna zaroori hai kya??,non-persuassive,None,0,0,0,0,0,0,0,0,0
eeeng21.png,"GST kya Hai ? Good night sweet dreams, take care ",non-persuassive,None,0,0,0,0,0,0,0,0,0
rhea77.png,*Rhea Chakraborty Sher ki umar jyada hai lekin abhi budha nahi hua hai abhi. ,persuassive,Slightly Negatively persuasive,Metaphors,Hyperboles,0,0,0,0,0,Satire,0
salman104.png,"Salman bata ""wheat"" ko hindi mein kya bolte hai.? Gayhoon Humeing toh pehle hi pata tha ",persuassive,Negatively persuasive,0,0,0,0,0,0,Puns_and_wordplay,Satire,0
eng_file190.png,Teacher : Chand kitni durr hai...? Me : Sir Seven Bench Aage Me : Sir Seven Bench Aage Me 7hench aage wali likki ,persuassive,Neutral,0,0,Personification,0,0,0,0,0,0
data97.png,exactly 10 am aaj... han malum hai.. tera breakup hogaya apne baap ko mat sikha chal ganna gaa aur nikal yaha se ,persuassive,Slightly Negatively persuasive,0,0,0,0,0,0,Puns_and_wordplay,0,0
salman210.png,After your at a Restaurant gets their meal served first. ,non-persuassive,None,0,0,0,0,0,0,0,0,0
imgg24.png,"After IPL geeting suspended.. People who have turned to Blitzpoker for Entertaniment bohot bohot dhaynawad, Ab tum jaa sakte ho. ",persuassive,Slightly Negatively persuasive,0,0,0,0,Irony,0,0,0,0
imggg83.png,Shuru Majboori me kiye the ab majja arha hai. ,non-persuassive,None,0,0,0,0,0,0,0,0,0
eng198.png,Bas ! ki aur hasu? ,non-persuassive,Neutral,0,0,0,0,0,0,0,0,0
salman187.png,Her Look is more dangerous than Salman Khan's Driving Disha Patani :P ,persuassive,Neutral,0,0,0,0,0,Analogies,0,0,0
eng560.png,When you over sleep after taking a nap on new years eve.. What year is It! ,non-persuassive,None,0,0,0,0,0,0,0,0,0
imggg137.png,After Breakup:- Her male best friend: Humko join karlo ,non-persuassive,None,0,0,0,0,0,0,0,0,0
meme_381.png,Life mein jab kabhi aapko finalcnial problem aati hai tab achanak he aapko pata chalta hai ki aapke saare rishtedar sudama hain ,non-persuassive,None,0,0,0,0,0,0,0,0,0
eng520.png,Me to my exams paas kyu aa rahe ho ,non-persuassive,None,0,0,0,0,0,0,0,0,0
romann171.png,"Aur batao ! kya tum bhi gst ka matlab G:- Good Night, S- Sweet dreams, T- Take care samajhte ho? ",non-persuassive,None,0,0,0,0,0,0,0,0,0
romann49.png,Seculars' reaction on mob lynching Seculars' reaction on bengal riots. ,persuassive,Slightly Negatively persuasive,0,0,0,0,0,0,0,Satire,0
romann95.png,Bdhai ho chacha @narendramodi GST is here. ,persuassive,Neutral,0,0,Personification,0,0,0,0,0,0
eng37.png,Ghar walon ko koi samjhao yaar ki subah hone mein aur neend puri hone mein farak hai ,non-persuassive,None,0,0,0,0,0,0,0,0,0
eeeng21.png,"GST kya Hai ? Good night sweet dreams, take care ",non-persuassive,None,0,0,0,0,0,0,0,0,0
eng519.png,"Sniper,- bhai Aaj Apsara Mili thi tushar:- Kaun Apsara Sniper:- Aapsara extra dark pencil ",non-persuassive,None,0,0,0,0,0,0,0,0,0
eng460.png,"Mom : beta tu mobile mein pura din karta kya hai ? Me: mom, ek ladki hai. ussi se baat karta hun Mom : chal tujhse kaun ladki baat karegi, memes dekhta hoga tu. Me : *cries in the corner* ",persuassive,Neutral,0,0,0,0,Irony,0,0,Satire,0
fiiile79.png,"Aaj itne dino baad tumhari friend ghar aayi , bahot accha laga jeans pehen lo, payjaame mein tumhari khushi saaf nazar aa rahi hai. ",persuassive,Slightly Negatively persuasive,0,Hyperboles,0,0,0,0,0,0,0
imggg10.png,When u haven't watch #Mrizapur But also want to try some dialogues of it. Gaand na marao vrna maa fula denge tumhari ,persuassive,Neutral,0,0,0,0,Irony,0,0,0,Invective
exa20.png,"My suboonscious watching me drink almond and soy milk as if it makes up for the fact that i still eat regular cheese, ice cream, and yogurt ",non-persuassive,None,0,0,0,0,0,0,0,0,0
fiiile48.png,*Condom' ka packet dena... bhabhi pahle toh bhaiya aate the . aaj aap? tab mai gaanv gai thi ab wo gaye hue hai. ,persuassive,Slightly Negatively persuasive,0,0,0,0,Irony,0,0,0,0
gay86.png,Uncle... mai ghar... mei paisa hai gaddi... aap do jooo me ladki one jo .. ladki now kumare.. beta ...haf gun...nai danda ...nhai aari dobara call kiya ot maar lunga tumahra..  ,persuassive,Slightly Negatively persuasive,0,0,0,0,0,0,Puns_and_wordplay,0,Invective
exa38.png,"Kashmiri Pandits After exides we are doing wel and settled in rest of India, Kashmiri Muslims 370 bad, we wnat 4G why J&K is UT. ",persuassive,Neutral,0,0,0,0,0,Analogies,0,Satire,0
eng87.png,Opinion poll exitpoll result ,persuassive,Slightly Negatively persuasive,0,0,0,0,Irony,0,0,Satire,0
eng360.png,Hey upar wale 2021 toh dkha doga na uppar wala iski guarantee me nahi de sakta ,non-persuassive,None,0,0,0,0,0,0,0,0,0
meme_393.png,Shah Rukh Khan Hod A Affair After Marriage Amir Khan Announce His Second Divorce Best Is Salman Khan Forever Single ,non-persuassive,None,0,0,0,0,0,0,0,0,0
romann39.png,"The Authority for Advance Rulings (Karnataka bench); ""Paratha is not roti, must be taxed at 18% GST'. *Roti Aisa kya hai usme, jo mujhme nahi hai ? ",persuassive,Neutral,0,0,Personification,0,0,0,Puns_and_wordplay,Satire,0
eng495.png,*After seeing my 20 missed calls* tumne call kiya tha...?? nahi 20 baar galti se laggaya tha..!! ,non-persuassive,None,0,0,0,0,0,0,0,0,0
imggg68.png,Ragendra Agrawal Business: Dill for Consoeration and pass. ,non-persuassive,None,0,0,0,0,0,0,0,0,0
data70.png,When freshers get to know that there is stage 2 after getting screened in- Ya Allah isse bhi Aage hota hai kya ,non-persuassive,None,0,0,0,0,0,0,0,0,0
rhea72.png,Rhea Chakraborty names Sara Ali Khan and Rakul Preet Singh for huying and consuming drugs before going to jail Aye tum log bhi chalo na mere saath. ,persuassive,Neutral,0,0,0,0,Irony,0,0,0,0
rhea129.png,"Love marriage , Arranged Marriage ",persuassive,Negatively persuasive,0,0,0,0,0,Analogies,0,Satire,0
romann83.png,great wall of china comes in the seven wonders of the world. Coz It is the first and only chinese product which lasted that long.... ,persuassive,Slightly Negatively persuasive,0,0,0,0,0,0,0,Satire,0
fiiile84.png,My only moods (gay judgement) gay fear ,persuassive,Slightly Negatively persuasive,0,0,0,0,Irony,0,0,0,0
romann87.png,"Afghanistan has Ashal ghani , Pakistan has Rahul Gandhi , Bangladesh has Mamta Banerji What your country have? ",persuassive,Slightly Negatively persuasive,0,0,0,0,0,0,0,Satire,0
eng48.png,Dear god I know I'm single but keep my friends also single forever. ,persuassive,Neutral,0,0,0,0,Irony,0,0,0,0
data26.png,Jada muh na fulao warna maa chod dene tumhari ,persuassive,Negatively persuasive,0,0,0,0,0,0,0,0,Invective
romann29.png,jab aap galat hote ho ab underground hone ka samay aa gya h. ,non-persuassive,None,0,0,0,0,0,0,0,0,0
eng535.png,"Friend I want, Friend I have",non-persuassive,None,0,0,0,0,0,0,0,0,0
eng299.png,When your salary is credited After paying Emis and bills ,non-persuassive,Neutral,0,0,0,0,0,0,0,0,0
eng_file32.png,"When your mom is beating you and says ""Agar roya to aur Maaroongi"" ",persuassive,Neutral,0,0,0,0,Irony,0,0,0,0
emo15.png,Husband : Aloo ke parathon mein aloo toh najar hi nahi aa rahe hai... Wife: Chup-chap khaa lo... Kashmiri pulav mein kashmir najar aata hai.. ,non-persuassive,None,0,0,0,0,0,0,0,0,0
fiiile10.png,my only two moods (gay judgement) gay fear ,persuassive,Slightly Negatively persuasive,0,0,0,0,Irony,0,0,0,0
eng603.png,Attendance ke piche mat bhago class me ek crush bnao Attendance jhak maar ke Aapke piche Aayegi. ,persuassive,Neutral,0,0,0,0,Irony,0,0,0,0
data98.png,When my best friend purposes his crush. Me: Shabash kachra shabash ,non-persuassive,None,0,0,0,0,0,0,0,0,0
gay78.png,When another gay is hired at your jop I'm the fucking Supreme. ,persuassive,Slightly Negatively persuasive,0,0,0,0,0,0,0,0,Invective
eng321.png,Me ajay devgan ka sabse bada fan hu... muh me vimal to nahi h tere... jhootha kahi ka... ,persuassive,Slightly Negatively persuasive,0,0,0,0,Irony,Analogies,0,0,0
salman151.png,They made us cry in 2015 now they will make us cry in 2017 Salman Khan rvcjnsta. ,non-persuassive,None,0,0,0,0,0,0,0,0,0
eng490.png,Pahle me saara din PUBG khelta tha fir ek din mausi ne kaha PUBG uninstall kar do mausi ab is duniya me nahi he,persuassive,Negatively persuasive,0,0,0,0,Irony,0,0,0,Invective
rhea19.png,Rhea Chakraborty requests Amit Shah for CBI investigation into Sushant Singh Rajput's death NDTV,persuassive,Slightly Negatively persuasive,0,0,0,0,Irony,0,0,Satire,0
emo47.png,Sarkar banane ke season mein hayats and lalits be like: Chale bhi aao ki hotel ka kaarobaar chale !,persuassive,Slightly Negatively persuasive,0,0,0,0,0,0,Puns_and_wordplay,Satire,0
eng375.png,"(Diromg exa,): when i am showing my answer sheet to my friend.. friend: ",non-persuassive,None,0,0,0,0,0,0,0,0,0
img46.png,Ky aneta banega re tu ,non-persuassive,None,0,0,0,0,0,0,0,0,0
fiiile45.png,Gf : Aj humne sex kiya kisi ko btana mat! Bf: ,persuassive,Neutral,0,0,0,0,Irony,0,0,0,0
exa189.png,Sad kyun ho ? mere parents mere haath pila karna chahate hai isme bura kya hai tum shaadi ke layak ho gayi ho but mujhe pila rang nehi pasand I love Pink. Galti ho geyi behen. ,non-persuassive,None,0,0,0,0,0,0,0,0,0
fille56.png,Sushant Singh Rajput dog fudge is no more !! he stopped eating too. couldn't bear the pain of the loss of his owner. ,non-persuassive,None,0,0,0,0,0,0,0,0,0
fiiile12.png,Son I have no problem with you being gay but couldn't you have found a nice indian boy? ,persuassive,Negatively persuasive,0,0,0,0,Irony,0,0,0,0
fiiile49.png,oye 'wheat' ko Hindi mein kya kehte hain ??? Gayhoon Tu gay hai? ,non-persuassive,None,0,0,0,0,0,0,0,0,0
imgg13.png,Some guy hacking apex to get respawn to fix titanfall the titanfall cummunity. ,non-persuassive,None,0,0,0,0,0,0,0,0,0
ramdev9.png,Baba Ramdev : Coronil was a Immunity booster not a corona vaccine whoole world: Aapko mazak lag raha hai? ,persuassive,Negatively persuasive,0,Hyperboles,0,0,Irony,0,0,Satire,0
imggg39.png,Chup! ekdam chup rahiye,non-persuassive,None,0,0,0,0,0,0,0,0,0
san62.png,I don't know whether Sanjay Dutt was right or wrong but I know that nobody other than Ranbir Could have done his role so perfectly ,non-persuassive,None,0,0,0,0,0,0,0,0,0
data28.png,*In 2040* Teacher:- Date of birth btao... Student:- 2020 Teacher:- Tauba Tauba Tauba... Sara mood kharab kar diya ,non-persuassive,None,0,0,0,0,0,0,0,0,0
fiiile10.png,my only two moods (gay judgement) gay fear ,persuassive,Slightly Negatively persuasive,0,0,0,0,Irony,0,0,0,0
eng260.png,Study in 2020 be like: yeh toh shuru hote hi khatam ho gaya.,non-persuassive,None,0,0,0,0,0,0,0,0,0
fiiile129.png,Everytime a gay person thinks I'm straight so I have to show them that I'm steering the same direction does this feel straight to you? ,persuassive,Neutral,0,0,0,0,Irony,0,0,Satire,0
gay32.png,She L khao meri Qasam cigarette nehi piyo gay. me: ok babe promise nehi piu ga. *After break - up in front of her campus* ,persuassive,Negatively persuasive,0,0,0,0,Irony,0,0,0,Invective
san181.png,Khalnayak kehte hai ,non-persuassive,None,0,0,0,0,0,0,0,0,0
salman97.png,Corporate needs you to find the differences between this picture and this picture. They're the same picture. ,persuassive,Neutral,0,0,0,0,0,Analogies,0,0,0
imggg64.png,Aakhir wo din aa hi gya ,non-persuassive,None,0,0,0,0,0,0,0,0,0
san3.png,Dhoni ka ab entry ho jald... *Sala* 2019 World Cup bhi khelna chahiye. ,persuassive,Neutral,0,0,0,0,Irony,0,0,0,0
salman1.png,Mistery solved Salman and his driver found ,non-persuassive,None,0,0,0,0,0,0,0,0,0
salman84.png,Best of 2015 laughts!,non-persuassive,None,0,0,0,0,0,0,0,0,0
romann129.png,"After knowing that, due to coronavirus preventive measures schools. colleges will remain shut till 31st march office employee be like: hum to gadhe hai...gadhe . ",persuassive,Slightly Negatively persuasive,0,Hyperboles,0,0,Irony,0,0,0,0
salman47.png,Jail dikhata hai madarjaat! ,persuassive,Slightly Negatively persuasive,0,0,0,0,0,0,0,0,Invective
eng_file19.png,Bhai meri wali alag h after breakup ab bol na madharch*d.,persuassive,Negatively persuasive,0,0,0,0,0,0,0,0,Invective
eng585.png,mujhe kuch nahi dikh raha maa ,non-persuassive,None,0,0,0,0,0,0,0,0,0
eng264.png,"Good night good n8, gd 98, gd. ",non-persuassive,None,0,0,0,0,0,0,0,0,0
romann157.png,"What is GST...? Good night, sweet dreams and...? Take care...! ",non-persuassive,None,0,0,0,0,0,0,0,0,0
img48.png,naughty sab ke sab haramkhor hai saale ,persuassive,Slightly Negatively persuasive,0,0,0,0,0,0,0,0,Invective
exa145.png,Shiv sene offers one lakh to anyone who staps Amir Khan what are those stickers on your cheeks? self defence!!! ,persuassive,Slightly Negatively persuasive,0,0,0,0,Irony,0,0,Satire,0
fiiile69.png,When she asks if your have a condom so you flash a chiken flavored top ramen season packet & slide in rao af ,persuassive,Negatively persuasive,0,0,0,0,0,0,0,0,Invective
salman164.png,Dear haters who are questioning his acting.. first try to give this look in front of camera & 30-40 crew members Then we will have a debate on acting. ,persuassive,Slightly Positively persuasive,0,Hyperboles,0,0,0,0,0,0,0
eng193.png,When someone asks you to share your food. ,persuassive,Neutral,0,0,0,0,Irony,0,0,0,0
salman14.png,Bas aise hi rahna 10 min aur... ,persuassive,Neutral,0,0,0,0,0,0,0,Satire,0
fiiile100.png,Saddest picture on internet today ,non-persuassive,None,0,0,0,0,0,0,0,0,0
eng_file223.png,Bahutan Acche Photo dale hai lo budbak jamun khao ,persuassive,Slightly Negatively persuasive,0,0,0,0,0,0,Puns_and_wordplay,Satire,0
img158.png,Khatam...bye bye..tata..!!! good bye...gaya....!!! ,non-persuassive,None,0,0,0,0,0,0,0,0,0
eng583.png,"Bhai, bohot mushkil se crush ne friend request accept ki thi dosto ne bhabhi bhabhi comment kar ke block karwa diya ",non-persuassive,None,0,0,0,0,0,0,0,0,0
emo33.png,DSLR pics upload krny waalo Adhaar card waali pic to upload kr k dikhaw. ,non-persuassive,None,0,0,0,0,0,0,0,0,0
san106.png,"""Tum kya leke aaye the aur kya leke jaoge"" ",non-persuassive,None,0,0,0,0,0,0,0,0,0
salman49.png,Ab se isi mein baitha karoonga... ,persuassive,Neutral,0,0,0,0,0,0,0,Satire,0
meme_129.png,How Much Do Your Love me ??? 78.00% Why Not 100%...? 28% GST on Luxari items..!,persuassive,Slightly Negatively persuasive,0,0,0,0,Irony,0,0,0,0
eng365.png,"*Me eating something after every 5 mins because I'm getting bored in this lockdown' my mind :- bhai, tun mota ho jayega.. My heart. ",non-persuassive,None,0,0,0,0,0,0,0,0,0
salman205.png,Salman Khan acting tere naam (Radhe) Radeh (Radhe) ,persuassive,Neutral,0,0,Personification,Alliteration,Irony,0,0,0,0
romann4.png,"GST kya hai ? Good Night, Sweet Dreams, Take Care. ",non-persuassive,None,0,0,0,0,0,0,0,0,0
eng32.png,"Do you drink ??, No Have girlfriend ? No Then how do you enjoy life ? PUBG. ",persuassive,Negatively persuasive,0,Hyperboles,0,0,Irony,0,0,0,0
gay24.png,Are emojis turning kids gay? fox news alert *Reddit Yes. ,persuassive,Neutral,0,0,0,0,Irony,0,0,0,0
san155.png,Ye manly nahi hai yaar May be I'm not a man ,non-persuassive,None,0,0,0,0,0,0,0,0,0
salman192.png,Me while watch race 3 yeh toh tatti hai... ,persuassive,Slightly Negatively persuasive,0,0,0,0,0,Analogies,0,0,0
eng_file10.png,If iron man was from bihar pandey ji ka beeta hoon chumma chipak ke leta hoon. ,persuassive,Negatively persuasive,0,0,0,0,0,Analogies,0,0,0
romann71.png,"Apni wife ko GST kaise samjhayen? patni-tum mujhse kitna pyar karte ho ? pati :- 72% patni :- 100% kyon nhi ?? pati : 28% to GST hai na pagli, luxari item par ! ",persuassive,Neutral,0,0,0,0,0,0,0,Satire,0
eng298.png,"Naam kya hai tumhara? Sir, Ananya pandey shukla ji hum iske jaate hai isne bahut struggle kiya hai. ",persuassive,Slightly Negatively persuasive,0,Hyperboles,0,0,Irony,0,0,Satire,0
rhea28.png,"Rhea Chakraborty hires expensive lawyer satish maneshinde who also handled cases of Salman khan and Sanjay dutt. Rhea don't have any movies role, or any kind of business, how she can hire such expensive lawyers? ",persuassive,Neutral,0,0,0,0,Irony,0,0,0,0
romann146.png,When you accidentally type ,non-persuassive,None,0,0,0,0,0,0,0,0,0
salman98.png,"Who is the best actor of bollywood Shahruk Khan, Ameer Khan, Salman Khan. ",persuassive,Slightly Negatively persuasive,0,0,0,0,0,0,0,Satire,0
salman21.png,"Salman Termed Rahman as "" Average"" check how the oscar winner gave him back. ",persuassive,Slightly Negatively persuasive,0,0,0,0,0,0,Puns_and_wordplay,0,0
eeeng37.png,Jai Sri Ram bolne valon ko jail bhej rhi hai didi PM Modi Jai shri Ram Kill Him bollywood award shows be like: ,persuassive,Negatively persuasive,0,Hyperboles,0,0,0,0,0,Satire,0
exa198.png,#shwetayourmicison #pandit pandit to shweta Pandit Shweta Dekh... Dekh na ,persuassive,Slightly Negatively persuasive,0,Hyperboles,0,0,0,0,0,Satire,Invective
eng_file116.png,"Radhika Apte , Radhika Kaapte, Radhika Naapte , Radhika Taapte ",persuassive,Slightly Negatively persuasive,0,0,0,0,0,0,Puns_and_wordplay,0,0
img60.png,Wwhn she doesn't bring dowry with her still that part! ,persuassive,Negatively persuasive,0,0,0,0,Irony,0,0,0,0
ramdev34.png,Kyu hilaa daala na ,persuassive,Neutral,0,0,0,0,0,0,0,Satire,0
salman282.png,I don't know who you are but I'll find you & Remake your film ,persuassive,Neutral,0,0,0,0,Irony,0,0,0,0
data35.png,Snakshi Ramayan Dekha ? Haa Hiran ko kisne mara tha? Salman Khan ne ,non-persuassive,None,0,0,0,0,0,0,0,0,0
img115.png,Kangana tweeting against Maharashtra govt. from her home town Ye mera gaon hai aur main yahaan ka jaykant shikre,persuassive,Neutral,0,0,0,0,0,0,0,Satire,0
fiiile91.png,What do you call a shirtless byomkeshbakshy byomkesh sexy! ,non-persuassive,None,0,0,0,0,0,0,0,0,0
salman198.png,Isme itne bhari gyaan ki zarurat bilkul nahi hai When you write 2 pages for 2 marks answer Teacher ,non-persuassive,None,0,0,0,0,0,0,0,0,0
meme_607.png,Kids Love This Faisal Real Girls Love This Faisal ,non-persuassive,None,0,0,0,0,0,0,0,0,0
img45.png,How to pose for photos after paying dowry. ,persuassive,Slightly Negatively persuasive,0,0,0,0,Irony,0,0,0,0
gay75.png,No one will marry you if your roti is not round! ,persuassive,Slightly Negatively persuasive,0,0,0,0,Irony,0,0,0,0
fille15.png,"Reportedly, the pet dog of Sushant singh Rajput called ""Fudge"" is being seen roaming in his house looking for the owner days are absolute love. may god give strenght to this beautiful soul.",persuassive,Positively persuasive,0,0,0,0,0,0,0,0,0
salman180.png,"Please bhagvaan itne talak ho rhe hain, ye abhishek bachhan kar aur karva do ! ",persuassive,Neutral,0,Hyperboles,0,0,0,0,0,0,0
data30.png,He : * I love you* She : Propose me in different style He: Kategi kya? ,persuassive,Slightly Negatively persuasive,0,0,0,Alliteration,0,0,Puns_and_wordplay,0,Invective
eng505.png,"Samosa khayega ? Nahi, Aaj upvas hai mera bhai mere taraf se hai meethi chatni dal ke dena ",non-persuassive,None,0,0,0,0,0,0,0,0,0
eng237.png,Relatives- padahi kaisi chal rahi hai? me- slow motion me ,non-persuassive,None,0,0,0,0,0,0,0,0,0
san111.png,When your friend gives you notes one day before exam Tum bahot mast kam karta hai bhai humko tumko thank you bolne ka hai. ,non-persuassive,None,0,0,0,0,0,0,0,0,0
gay70.png,Curry Chicken ,non-persuassive,None,0,0,0,0,0,0,0,0,0
romann191.png,PM Modi's pariksha pe charcha 2.0 programme ,non-persuassive,None,0,0,0,0,0,0,0,0,0
emo7.png,When you're waiding for friend at Lal chowk and he doesnt turn up when your friend is waiting at Lal chowkand but you dont turn up ,persuassive,Slightly Negatively persuasive,0,0,0,0,Irony,0,0,0,0
imggg146.png,Me to @Prime VideoIN after watching #Mirzapur2 Aapse better umeed kiye the hum ,non-persuassive,None,0,0,0,0,0,0,0,0,0
romann172.png,People at home when the hosts are making inside industry jokes lund samajh nahi aa raha kisi ko kuch. ,persuassive,Negatively persuasive,0,0,0,0,0,0,0,Satire,Invective
eng14.png,"#PUBJ banned in India, Meanwhile indian parents be like Aakhir wo din aa hi gya ",non-persuassive,None,0,0,0,0,0,0,0,0,0
gay59.png,Don't like gay men ? Maybe you just haven't met the right one yet,non-persuassive,None,0,0,0,0,0,0,0,0,0
rhea2.png,he post: after getting 15cr: after seeing public cristicusme meanwhile mahesh bhatt: her parent: her future welcome x rhea chakraborty ,persuassive,Neutral,0,0,0,0,0,Analogies,0,Satire,0
eng267.png,Desi guests be like ok chalo I'm leaving an hour later ol chalo I'm leaving 3 hours later ok chalo I'm leaving. ,persuassive,Slightly Negatively persuasive,0,Hyperboles,0,0,0,0,0,0,0
img63.png,Ye aapke sath ek chhota sa prank hua hai wo udhar camera ki taraf dekh kar hath hila dijiye ,persuassive,Neutral,0,0,0,0,0,0,0,Satire,0
eng303.png,Bhaiya Captain dikhana thode saste me ,persuassive,Negatively persuasive,0,0,0,0,0,0,0,Satire,0
meme_445.png,These Girls Proved That.. Logon Ki Tharak Kisi Ko Bhi Famous Kar Sakti Hai ,persuassive,Negatively persuasive,0,0,0,0,0,0,0,0,Invective
eng476.png,"When teacher says ""exam to easy hi hoga"" but you are completely t***d up ! ",persuassive,Slightly Negatively persuasive,0,0,0,0,Irony,0,0,0,Invective
eng175.png,"Jaa simran jaa, he is a responsible citizen ",persuassive,Slightly Negatively persuasive,0,0,0,0,Irony,0,0,0,0
salman83.png,Life of Bhai #Blackbuckpoaching case,persuassive,Neutral,0,0,0,0,0,0,0,Satire,0
img140.png,Seh lenge thoda ,non-persuassive,None,0,0,0,0,0,0,0,0,0
eng601.png,Desi guests be like ok chalo I'm leaving an hour later ok chalo I'm leaving 3 hours later ok chalo I'm leaving. ,persuassive,Slightly Negatively persuasive,0,Hyperboles,0,0,0,0,0,0,0
fiiile119.png,*Condom' ka packet dena... bhabhi pahle toh bhaiya aate the . aaj aap? tab mai gaanv gai thi ab wo gaye hue hai. ,persuassive,Slightly Negatively persuasive,0,0,0,0,Irony,0,0,0,0
data31.png,Papa kya ho jayega agar mai photographer ban bhi gaya toh phir tu internet lagwyega aur facebook par photography page banayega. ,persuassive,Slightly Negatively persuasive,0,0,0,0,Irony,0,0,0,0
img1.png,Dowry explained in essays in movies tv shows but when offered ,persuassive,Neutral,0,0,0,0,0,0,0,Satire,0
romann164.png,"Arshad warsi wins best actor awards for asur web - Series ! Congratulations Arshad , a well deserved Award.",persuassive,Positively persuasive,0,0,0,0,0,0,0,0,0
romann155.png,"Journalist : Why has Govt increased GST on alcohol based sanitiser? Le Nirmala Tal: Can't comment, i dont drink alcohol",persuassive,Neutral,0,0,0,0,Irony,0,0,Satire,0
eng390.png,Golgappe khate waqt jab bhaiya end mai sukhi puri dene se mana karde matlab wo to apna haq hai yaar.,non-persuassive,None,0,0,0,0,0,0,0,0,0
ramdev46.png,Divya Corona kit Kabhi kabhi lagta hai apun hi bhagwaan hai ,persuassive,Neutral,0,0,0,0,0,0,0,Satire,0
eng28.png,Mar har test pass karke dikhaonga chahe yeh mera blood test he kyo na ho ,non-persuassive,None,0,0,0,0,0,0,0,0,0
data81.png,When someone replies to me in english me to google translator: padh toh be kaa likha hai ,non-persuassive,None,0,0,0,0,0,0,0,0,0
eng456.png,Aaj thand bohot jyada hai sonu ko jaldi sula dena ,persuassive,Slightly Negatively persuasive,0,0,0,0,Irony,0,0,0,0
rhea96.png,With credit card without credit card ,persuassive,Neutral,0,0,0,0,0,Analogies,0,Satire,0
eng573.png,Thana kya hota hai? Tumhari koi GF hai? Nahi.. Police station ko kehte hain. ,persuassive,Neutral,0,0,0,0,0,0,Puns_and_wordplay,0,0
data83.png,*After hooking up* She: So when are we meeting next? He: Ya Allah Isse bhi Aage hota. ,persuassive,Negatively persuasive,0,Hyperboles,0,0,0,0,0,0,0
fiiile55.png,"When he asks you ""who taught ya that ? "" but it's your first time doing it ",non-persuassive,None,0,0,0,0,Irony,0,0,0,0
exa29.png,On January 1990 Je If and Islamic insurgents sends kashmiri pandits out of kashmir meanwhile BJP to Kashmiri Pandit. ,persuassive,Slightly Negatively persuasive,0,0,Personification,0,Irony,0,0,0,0
eng435.png,Surgical strike,non-persuassive,None,0,0,0,0,0,0,0,0,0
salman96.png,Happy or sad Chal Chal Ave ,non-persuassive,None,0,0,0,0,0,0,0,0,0
salman35.png,Tum toh meri jaan lekar hi rahoge... Footpath pe soti ho kya ,persuassive,Neutral,0,0,0,0,Irony,0,0,0,0
rhea15.png,nvas laugh Aur bhai...Aagaya Swaad ,persuassive,Slightly Negatively persuasive,0,0,0,0,0,0,0,Satire,0
emo4.png,"Mujhse baat karogi to hi m roti khaaunga.... Sachhi...?? Ha, verna 6 pranthe, paneer ki sabzi, kashmiri pulav, Ice Cream or 1 glass Doodh peekar bhookha hi so jaunga...!!! ",non-persuassive,None,0,0,0,0,0,0,0,0,0
rhea32.png,Satyamev jayate wo shareef sur gareeb dikhne ke liye shite suit lena zaruri hai kya? ,persuassive,Neutral,0,0,0,0,Irony,0,0,0,0
img166.png,New match Found Ramesh Suresh Lol Indian.com,non-persuassive,None,0,0,0,0,0,0,0,0,0
meme_780.png,"Girls before & after 21 days lockdown , Boys before & after 21 days lockdown",persuassive,Slightly Negatively persuasive,0,0,0,0,Irony,0,0,0,0
salman18.png,Corporate needs you to find the differences between this picture and this picture They're the same picture. ,persuassive,Neutral,0,0,0,0,0,Analogies,0,0,0
salman225.png,"Diye do haat , kya galat kiya? ",non-persuassive,None,0,0,0,0,0,0,0,0,0
salman228.png,Salamn Khan was born in 1967 people before 1967 ,persuassive,Slightly Negatively persuasive,0,Hyperboles,0,0,Irony,0,0,Satire,0
san191.png,Sanju Baba Sanju Baba (Beta) Sanju Baba Lite ,persuassive,Neutral,0,0,0,0,0,Analogies,0,Satire,0
san154.png,Apun ko kuchh samaj mein nahi aarela hai. ,non-persuassive,None,0,0,0,0,0,0,0,0,0
rhea90.png,Me after looking at my bank balance when you fealize it's 4 days to friday. ,non-persuassive,None,0,0,0,0,0,0,0,0,0
imggg114.png,Prime Minister Mr. Narendra Modi- lead grovernment's move of abrogation of Article 370 & 35 A from valley. ,non-persuassive,None,0,0,0,0,0,0,0,0,0
exa65.png,"I'm a Kashmiri Pandit, feel community's pain : Rahul Gandhi Kashmiri people**  Chutiya Samjha Hai mereko ",persuassive,Negatively persuasive,0,0,0,0,0,0,0,Satire,0
san28.png,Woh friendship day par poori gallery upload karna zaruri hai kya ,non-persuassive,None,0,0,0,0,0,0,0,0,0
fille24.png,After gettng internship & all stuffs about xpert: le me* bada mazedar app h be. ,non-persuassive,None,0,0,0,0,0,0,0,0,0
eng364.png,"Us dads my son is a digital marketr , Indian dads Bas din bhar laptop leke baitha rehta hain. ",persuassive,Slightly Negatively persuasive,0,0,0,0,Irony,0,0,0,0
romann7.png,"Friend : So as Console player, What's the most disppointed thing you have seen while playing console games me : this Hold to pay Respects ",non-persuassive,None,0,0,0,0,Irony,0,0,0,0
eng378.png,Girls after applying coconut oil expectation reality ,persuassive,Slightly Negatively persuasive,0,Hyperboles,0,0,0,0,0,0,0
salman296.png,Salman Khan and bail still a better love story than ' jab harry met sejal' ,persuassive,Neutral,0,0,0,0,0,Analogies,0,0,0
salman45.png,Crush : I am a big fan of Salman Khan. *Me trying to impress her: Ae gadi start kar ,persuassive,Neutral,0,0,0,0,0,0,0,Satire,0
romann40.png,Great wall of china comes in the seven wonders of the world. Coz It is the first and only chinese product which lasted that long.... ,persuassive,Slightly Negatively persuasive,0,0,0,0,0,0,0,Satire,0
emo16.png,Uddhav Thackeray Devendra Fadnavis Maharashtra CM. ,persuassive,Slightly Negatively persuasive,0,0,0,0,Irony,0,0,Satire,0
romann102.png,Godi papa please bacha lo bahot maar padh rahi hai thaane me I am sorry babu ,persuassive,Slightly Negatively persuasive,0,0,0,0,0,0,0,Satire,0
eng358.png,"If you even cared,you 'd acutally be here! Maaf karna guss3e me main zara idhar udhar bahak jata hoon. ",non-persuassive,None,0,0,0,0,0,0,0,0,0
eng297.png,Remember this Chempak this is him now ,persuassive,Slightly Negatively persuasive,0,0,0,0,Irony,Analogies,0,0,0
eng107.png,*During exam Me : iska answer kya tha. kal hi toh padha tha isse my mind : main tera boyfriend tu meri girlfriend. oh malnu. ,non-persuassive,None,0,0,0,0,0,0,0,0,0
eng_file238.png,"Bihari, Bihari, Fuck BC ",persuassive,Negatively persuasive,0,0,0,0,0,0,0,0,Invective
salman260.png,Sher to ek hi tha hamara sani deol !!! pakistan me pakistaniyon ko sirf mara hi nahi balki unka hand pump bhi ukhad laya!! ,persuassive,Positively persuasive,0,0,0,0,0,0,0,0,0
romann64.png,"Salman khan after destroying his enemy career kabhi kabhi lagta hai, apu hi bhagwan hai...! ",persuassive,Neutral,0,Hyperboles,0,0,Irony,0,0,0,0
meme_1156.png,Aisi madam mili hoti to aaj hum bhi IAS YAS ban gaye hote. ,non-persuassive,None,0,0,0,0,0,0,0,0,0
eng176.png,Duniya pe hoga mera raaj ye to apna rahu hai re baba. ,non-persuassive,None,0,0,0,0,0,0,0,0,0
romann81.png,"China's president finally spoke over corona...! he said that, ching pung susu, pong mung lula CKMKB, Pong shishi Taau Lu PKMKB.. ",persuassive,Negatively persuasive,0,0,0,0,0,0,0,0,Invective
fiiile4.png,Atma se pyar kro jism se nhi. - Sacha Ashiq ,persuassive,Slightly Negatively persuasive,0,0,0,0,Irony,0,0,0,0
salman20.png,dhokaa swabhaav hai mera ,persuassive,Slightly Negatively persuasive,0,0,Personification,0,Irony,0,0,0,0
salman157.png,Script Intne bhaari gyaan ki zarurat nahi hai ,non-persuassive,None,0,0,0,0,0,0,0,0,0
img163.png,Sharad Pawar on Media questions on Sunai nahi de raha hai ,persuassive,Slightly Negatively persuasive,0,0,0,0,0,0,0,Satire,0
exa129.png,Man who destroyed India's economy & growth man who broke be record taxing the poor & middle class man under whom intolerance & mob violence broke record. Happy Birthday Modiji ,persuassive,Negatively persuasive,0,0,0,0,Irony,0,0,0,0
eng3.png,Me on 13th February ab underground hone ka smay aa gya h. ,persuassive,Slightly Negatively persuasive,0,0,0,0,Irony,0,0,0,0
salman281.png,"Salman Khan after destroying his enemy carrer kabhi kabhi lagta hai, Apun hi Bhagwan hai...! ",persuassive,Neutral,0,Hyperboles,0,0,Irony,0,0,0,0
eng_file24.png,mai kya karega re baba jaan k? ,non-persuassive,None,0,0,0,0,0,0,0,0,0
img39.png,"Aapka sawal hai India's capital is : 1 Delhi, 2 Kolkata, 3 Chinai, 4 Mumbai. Hai? per kaise... maaf kar dijiye sir. ",persuassive,Negatively persuasive,0,0,0,0,0,0,0,Satire,Invective
data16.png,His beard was like.... ya allah! ,non-persuassive,None,0,0,0,0,0,0,0,0,0
salman179.png,Maarenge bhi hum aur bachaayenge bhi hum Indian moms basically: ,persuassive,Slightly Negatively persuasive,0,0,0,0,Irony,0,0,0,0
emo57.png,"BJB and NCP from government.""Meanwhile Udhav Thakrey: ek dum se waqt badal diye jazbaat badal diye, zindagi badal di. ",persuassive,Slightly Negatively persuasive,0,0,0,0,0,0,Puns_and_wordplay,Satire,0
emo46.png,Maha : Sena MP demands special parliament session ,non-persuassive,None,0,0,0,0,0,0,0,0,0
san120.png,We grant you many chngralulation on this auspicius occasion. wish for your good health and successful life. ,non-persuassive,None,0,0,0,0,0,0,0,0,0
meme_867.png,Hoy Kapil you know what I'm Learning Hindi.. Aisa kya ?? Wheat ko hindi mein kya bolte hai ?? Gayhoon!!! Babaji ka Thullu Maine to pehle hi pata tha.. Babaji ka thullu funny joke whatsap.,persuassive,Negatively persuasive,0,0,0,0,0,0,Puns_and_wordplay,Satire,0
salman102.png,Jacquline: Mujhe apni film me koi role de do le Salman: Pehle tu de ,persuassive,Slightly Negatively persuasive,0,0,0,0,0,0,Puns_and_wordplay,0,0
salman288.png,# Real Cabinet Ministry of Road transport ,non-persuassive,None,0,0,0,0,0,0,0,0,0
eng401.png,Papa kya ho jayega agar mai photographer ban bhi gaya toh phir tu internet lagwyega aur facebook par photography page banayega.,persuassive,Slightly Negatively persuasive,0,0,0,0,Irony,0,0,0,0
salman142.png,"Salman khant to katrina kaif tum saath ho, ya na ho, kya fark hai? ",persuassive,Slightly Negatively persuasive,0,0,0,0,Irony,0,Puns_and_wordplay,0,0
gay112.png,family members : so when r u going get a boyfriend so we all meet him haha me: (gay silence) ,persuassive,Neutral,0,0,0,0,Irony,0,0,0,0
img154.png,India should've broken bilateral relations with Pakistan long ago: Sanjay Raut. ,persuassive,Slightly Negatively persuasive,0,0,0,0,0,0,0,Satire,0
exa98.png,Islam is a peaceful religion in 1990 mosques issued deciarations that the kashmiri pandits were kafirs and that the males had to leave kashmir convert to Islam or be killed. ,persuassive,Negatively persuasive,0,0,0,0,Irony,0,0,0,0
fille80.png,*depression tum kab aaye? *nepotism sabse pehle me hi aaya! ,persuassive,Slightly Negatively persuasive,0,0,0,0,0,0,0,0,0
gay57.png,My Son is gay full movie ,non-persuassive,None,0,0,0,0,0,0,0,0,0
exa22.png,Everyone in grup:- please turn off your mic shweta Membership Shweta:- ,persuassive,Slightly Negatively persuasive,0,0,0,0,Irony,0,0,Satire,0
gay4.png,"Ab waqt aa gya hai bollywood ko yeh batane ka Raja ka beta Raja nahi banega, Raja wahi banega jo hakdaar hoga. ",persuassive,Positively persuasive,Metaphors,Hyperboles,0,0,0,0,0,0,0
romann118.png,The best humanity service we all Indians Do.. Bhaiya ... side stand upar karo.. ,persuassive,Neutral,0,0,0,0,Irony,0,0,Satire,0
eng_file31.png,10th Pass kar li hai..? Yes... Aur Science bhi le li.. Nahi Leni Thi ,persuassive,Slightly Negatively persuasive,0,0,0,0,Irony,0,0,0,0
img50.png,"I am not interested yaar, Mujhe suna he nahi hai ",non-persuassive,None,0,0,0,0,0,0,0,0,0
eng_file93.png,Normal people pregnant for 9 months Le in hindi serial - Pregnat for more than 2 years ,persuassive,Slightly Negatively persuasive,0,0,0,0,Irony,0,0,0,0
fiiile91.png,What do you call a shirtless byomkeshbakshy byomkesh sexy! ,non-persuassive,None,0,0,0,0,0,0,0,0,0
exa9.png,Mullas to Kashmiri Pandits sakte tum Yahan nahi reh sakta main ,persuassive,Slightly Negatively persuasive,0,0,0,0,Irony,0,0,0,0
ramdev82.png,Rahul kya Coronil se Corona khatam ho jayega? Pata nhi Anjali ,persuassive,Slightly Negatively persuasive,0,0,0,0,Irony,0,0,Satire,0
imggg94.png,Save Kashmir ,persuassive,Slightly Positively persuasive,0,0,0,0,0,0,0,0,0
img54.png,"Best UPSE Memes When selected candidates go crazy with dowry demands , during preparing for UPSE Joinging lesnaa after posting selected IAS.  ",persuassive,Neutral,0,Hyperboles,0,0,0,0,0,0,0
img31.png,"4. The ones that are wondering ""had it been the man said yes, who will pay whose dowry?"" ",persuassive,Neutral,0,0,0,0,0,0,0,Satire,0
exa18.png,When demanding human rights and freedom for themselves when asked about kashmiri pandits rights ,persuassive,Slightly Negatively persuasive,0,0,0,0,Irony,0,0,0,0
exa151.png,After exodus of Kashmiri Pandits Kashmiri Pandits in Kashmir Yahan nahi reh sakta main. ,persuassive,Neutral,0,0,0,0,0,0,0,Satire,0
img130.png,"When may relatives visit my home on the day of result... ""Aa gaye meri maut ka tamasha dekhne"" ",non-persuassive,None,0,0,0,0,0,0,0,0,0
eng251.png,kaha hai bhai? raste main kis raste main? barbadi ke... ,non-persuassive,None,0,0,0,0,0,0,0,0,0
fiiile125.png,Ho sakta hai unhe humse rishta nahi rakhna hai... koi baat nahi humari taraf se bhi koi jabardasti nahi hai,non-persuassive,None,0,0,0,0,Irony,0,0,0,0
san105.png,"Since most of the atm machines are running out of cash in India, Waiting for baba Ramdev to laugh patanjali atm machines soon Please launch it soon...waiting ",persuassive,Neutral,0,0,0,0,0,0,0,Satire,0
data59.png,Hey there wanna buy some chromosomes? I like dark humor memes. ! Embarrassing & funny similar worlds ,persuassive,Negatively persuasive,0,0,0,0,Irony,0,0,0,0
ramdev126.png,No - One Baba Ramdev in nowadays,persuassive,Neutral,0,Hyperboles,0,0,Irony,0,0,Satire,0
salman145.png,Mera hi jalwa,non-persuassive,None,0,0,0,0,0,0,0,0,0
romann6.png,"Anyone has questions ?? Sir, Income tax salary ka kitna % hota hai?? Beta , Income tax tho badi cheej hai, teri salary pe tho GST bhi maaf hogi !!! ",non-persuassive,None,0,0,0,0,Irony,0,0,0,0
romann176.png,"Oh, you went on your friend's you must be the best hacker ever.",non-persuassive,None,0,0,0,0,0,0,0,0,0
gay27.png,Cant understand 90% gf what me says and he is better than justin bieber leats his head on another man's sholder in a colorful twoel still not as gay as justin bieber.,persuassive,Negatively persuasive,0,0,0,0,0,Analogies,0,Satire,Invective
meme_345.png,I'm Virgin Me too Same here They are telling truth ,persuassive,Negatively persuasive,0,0,0,0,0,0,0,Satire,0
san118.png,Wo Bollywood me survive karne ke liye karan johar ki movie se debut karna jaruri hai kya? ,persuassive,Neutral,0,0,0,0,0,0,0,Satire,0
eng5.png,Wo Indian ladki se shaadi kiya toh baaraat mein naagin dance karna zaruri hai kya ? ,persuassive,Slightly Negatively persuasive,0,0,0,0,Irony,0,0,0,0
eng309.png,This Whats!! ,persuassive,Slightly Negatively persuasive,0,0,0,0,Irony,0,0,0,0
san17.png,Daily Vocab Besharam Unconscionable ,persuassive,Negatively persuasive,0,0,0,0,0,0,0,Satire,Invective
eng508.png,*Indian mother's Iogic* Aga tum kisi ki shaadi me nhi jaoge toh koi tumhaari shaadi me bhi nhi ayega...  ,persuassive,Slightly Negatively persuasive,0,Hyperboles,0,0,Irony,0,0,0,0
data15.png,Used The Selfie Stick Before it was cool ,non-persuassive,None,0,0,0,0,0,0,0,0,0
ramdev42.png,# Patanjali launches #Coronil. Baba # Ramdev be like Baba after making Coronil ,persuassive,Neutral,0,0,0,0,0,0,0,Satire,0
meme_1220.png,Arbaaz khan & Sohail khan upload resume on naukari. com after Salman Khan jailed for 5 years in blackbuck poaching case. ,persuassive,Slightly Negatively persuasive,0,0,0,0,0,0,0,Satire,0
eng355.png,"When your crush who friend-zoned you asks you answers in examination hall. dosti ki hai, nibhani to padegi ",non-persuassive,None,0,0,0,0,0,0,0,0,0
img132.png,Zoom Meetings on Monday Mornings Powercut on Monday Mornigs. ,non-persuassive,None,0,0,0,0,0,0,0,0,0
img55.png,"Tu lakdi ka baab ho ya nana, kanyadaan toh main hi karunga! ",persuassive,Neutral,0,0,0,0,0,0,0,Satire,0
salman172.png,After watching # Radhe Trailer physics be like: ,persuassive,Neutral,0,Hyperboles,0,0,0,0,0,0,0
salman95.png,Not a meme: just a still of lord Rama before the deer hunt for Seeta Mata ,persuassive,Slightly Negatively persuasive,0,0,0,0,0,0,0,Satire,0
exa107.png,India is so Intolerant Hum doosre gole par jaa raha hoon. ,persuassive,Slightly Negatively persuasive,0,0,0,0,Irony,0,0,0,0
fiiile23.png,dhokaa swabhaav hai mera ,persuassive,Slightly Negatively persuasive,0,0,Personification,0,Irony,0,0,0,0
eng477.png,Me : hey bhagwan kya main iss saal mingie ho jaunga? God : Agla sawal karo ,persuassive,Slightly Negatively persuasive,0,Hyperboles,0,0,0,0,0,0,0
gay15.png,Would a gay shop owner decline service to someone because they were straight ? No. because gay people aren't fucking assholes.well.... Technically ,persuassive,Negatively persuasive,0,0,0,0,0,0,0,0,Invective
data93.png,Principal : Students here's ur new teacher ! great her girls: Gud morning ma'm Boys:- Biyah ho gya tmhra? ,persuassive,Negatively persuasive,0,Hyperboles,0,0,Irony,0,0,0,0
san161.png,#Yo Radhe Maa Sored SRK after getting kissed by Radhe Maa. ,persuassive,Slightly Positively persuasive,0,0,0,0,0,0,0,Satire,0
salman66.png,Misty solved Salman and his driver found ,non-persuassive,None,0,0,0,0,0,0,0,0,0
fille36.png,"These people proved that age,weight, talent, colour Doesn't Matter ",persuassive,Slightly Negatively persuasive,0,0,0,0,0,0,0,Satire,0
fiiile89.png,"January 2019, January 2020",non-persuassive,None,0,0,0,0,0,0,0,0,0
eng177.png,We lost every thing mere pass ek scheme hai ,non-persuassive,None,0,0,0,0,0,0,0,0,0
salman252.png,"Someone, killing a bird is less punishable than killing an animal Salman Khan: ",persuassive,Neutral,0,0,0,0,Irony,0,0,Satire,0
eng439.png,"Jab khelte samay apki ball samne wali aunty ki balcony mai chali jaye , tab ap saare nibba: ",non-persuassive,None,0,0,0,0,0,0,0,0,0
salman196.png,aap devil ke piche devil aapke piche too much fun ,non-persuassive,None,0,0,0,0,0,0,0,0,0
romann210.png,Man.. ao meri man,persuassive,Positively persuasive,0,0,0,0,0,0,0,0,0
ramdev186.png,"# Baba Ramdev launces # Coronil medicine meanwhile trup: Aise game mai cheating hogi naa, toh mai nhi khelunga ",persuassive,Neutral,0,0,0,0,0,0,0,Satire,0
salman180.png,"Please bhagvaan itne talak ho rhe hain, ye abhishek bachhan kar aur karva do ! ",persuassive,Neutral,0,Hyperboles,0,0,0,0,0,0,0
eng319.png,"Jadoo teri nazar , khushboo tera badan haainn...what? ",persuassive,Neutral,0,0,0,0,0,0,Puns_and_wordplay,0,0
rhea4.png,Rhea Chakraborty sleeping peacefully SSR in her dream kem palty! ,non-persuassive,None,0,0,0,0,0,0,0,0,0
salman251.png,I am single because god is busy writtinge my love story. ghanta ladki pati nhin to kuchh bhi bolega kya... ,persuassive,Slightly Negatively persuasive,0,0,0,0,0,0,0,Satire,0
meme_490.png,When You become Monitor of the class and A new Girl Joins your School # Mirzapur2 ,non-persuassive,None,0,0,0,0,0,0,0,0,0
fille4.png,How many of you know Sushant Singh Rajput got 7th rank in AIEEE and he is a physics olympiad national award winner? ,persuassive,Positively persuasive,0,0,0,0,0,0,0,0,0
imggg84.png,When i scold my best friend in front of the whole class friend: ,non-persuassive,None,0,0,0,0,0,0,0,0,0
data106.png,"Hume toh apno ne loota, gairo me kaha dam tha Dost bhi aise mile, Jin chutiyo ke pass dimag kam tha ",non-persuassive,None,0,0,0,0,0,0,0,0,0
san176.png,Me: Chalo mast abhi thodi Padhai Karleta hunn. Mobile:- Nahi ,persuassive,Neutral,0,0,Personification,0,0,0,0,0,0
img178.png,You can be anything you want Doctor or Engineer ,persuassive,Neutral,0,0,0,0,Irony,0,0,0,0
romann160.png,"Amit Shah, Narendra Modi and Arun Jaitley while entering the Central Hall today before #GST Rolout. ",persuassive,Neutral,0,0,0,0,0,0,0,Satire,0
imggg38.png,"Kashmiri Pandits Massacred, No One bates an eye Jianangla village sees one poster and everybody loses their minds. ",persuassive,Slightly Negatively persuasive,0,0,0,0,Irony,Analogies,0,0,0
san164.png,Sanjay Dutt Ranvir Kapoor Scene Comparisoin ,persuassive,Neutral,0,0,0,0,0,Analogies,0,0,0
imggg144.png,"Relatives : Beta tumhare to 10th mei itne ache percent the, 12th mei talent khatam ho gya kya? Me: #Mirzapur 2 Talent toh bahot hai par mann nahi kiya. ",non-persuassive,None,0,0,0,0,0,0,0,0,0
rhea144.png,Rhea Chakraborty names Sara Ali Khan and Rakul Preet Singh for buying and consuming drugs before going to jail Aye tum log bhi chalo na mere saath ,persuassive,Neutral,0,0,0,0,Irony,0,0,0,0
meme_287.png,Me Encouraging Police For Beating Everyon On Road Khopdi Tod Saale ka ,persuassive,Slightly Negatively persuasive,0,0,0,0,Irony,0,0,0,Invective
romann124.png,My friend is the chef at an extermely fancy nyc resturant and this is an order he received today ,non-persuassive,None,0,0,0,0,0,0,0,0,0
eng528.png,Beti tum gaali toh nhi deti ho na? Arey vo sab chutiyapa mein bilkun nhi karti ,persuassive,Slightly Negatively persuasive,0,0,0,0,Irony,0,0,0,Invective
ramdev158.png,*Ayush ministry ruko zara. sabar karo ,persuassive,Neutral,0,0,0,0,0,0,0,Satire,0
meme_377.png,"Nibba - Mat ro baby , 3 may ko to milna hi hai hamko *Modi Ji ",non-persuassive,None,0,0,0,0,0,0,0,0,0
meme_881.png,"kya hua hai ? Nahi , Ladki chhod ke gayi - Nahi, RCB fan hai ? ",persuassive,Slightly Negatively persuasive,0,0,0,0,Irony,0,0,0,0
eng464.png,Dil cheez kya hai aap meri jaan lijiye jaan cheez kya hai aap mera aashirwad lijiye.. ,non-persuassive,None,0,0,0,0,0,0,0,0,0
fiiile95.png,man: why are there broken condoms on our couch? woman: would you please call our children by their real names? ,persuassive,Negatively persuasive,0,0,0,0,0,0,0,0,Invective
san78.png,Aj koi maal najar q nhi aa rha... ,persuassive,Slightly Negatively persuasive,0,0,0,0,0,0,0,Satire,0
meme_955.png,Kaha hai bhai ? Raste mein... Barbadi ke.. ,non-persuassive,None,0,0,0,0,0,0,0,0,0
eng493.png,Niche aaja Rajnigandha khilaunga... Galat Aadmi ko bula liya tune... iski maa ka zubaan kesari.... ,persuassive,Slightly Negatively persuasive,0,0,0,0,0,0,0,Satire,0
imggg93.png, Sanghis when someone brings up human rights abuse in Kashmir It's a total fabrication pure picton Not a chance Wrong. No. No way. It never happend. ,persuassive,Slightly Negatively persuasive,0,0,0,0,Irony,Analogies,0,0,0
eng606.png,"Din me neend mere pichhe... Aur raat me mai, neend ke pichhe... too much fun..! ",non-persuassive,None,0,0,0,0,0,0,0,0,0
eng521.png,"Arbaaz apna apna. ""Bhabhi hogi teri, aur shaadi hogi meri"" ",persuassive,Slightly Negatively persuasive,0,0,0,0,0,0,0,Satire,0
exa175.png,Before when kashmiri pandits use to ask politicians that they want to go their home kashmir politicians: *Kashmiri Pandits* kya matlab maa chuda lo? ,persuassive,Negatively persuasive,0,0,0,0,0,0,0,Satire,Invective
fille24.png,After gettng internship & all stuffs about xpert: le me* bada mazedar app h be. ,non-persuassive,None,0,0,0,0,0,0,0,0,0
emo29.png,If you don't study you'll be like him ! Actually I'm a graduate! ,non-persuassive,None,0,0,0,0,0,0,0,0,0
exa71.png,Kashmir Ki Azaadi Maangi thi... Olah Miya ne mujhe hi Azaad kar diya! ,persuassive,Neutral,0,0,0,0,Irony,0,0,Satire,0
romann95.png,Bdhai ho chacha @narendramodi GST is here. ,persuassive,Neutral,0,0,Personification,0,0,0,0,0,0
exa120.png,"Stranger : What is your name ? Person : Feroz Pandit Stranger: Are you  a Kashmiri Pandit ? Person: No , I'm a Kashmiri Muslim Stranger: But why is your surname ""Pandit""? Peron Visible frustrations. ",persuassive,Slightly Negatively persuasive,0,0,0,0,Irony,0,0,Satire,0
san60.png,Jb katne ki aukaat na ho to bhaukna bhi nahi chahiye. ,persuassive,Negatively persuasive,Metaphors,Hyperboles,0,0,0,0,0,0,0
fiiile91.png,What do you call a shirtless byomkeshbakshy byomkesh sexy! ,non-persuassive,None,0,0,0,0,0,0,0,0,0
eng_file145.png,"Me after getting 6,6,5 in ludo ",non-persuassive,None,0,0,0,0,0,0,0,0,0
meme_533.png,Maarenge bhi hum aur bachaayenge bhi hum Indian Moms basically. ,persuassive,Slightly Negatively persuasive,0,0,0,0,Irony,0,0,0,0
salman78.png,My boss when I reach office on time. Aisa pehli baar hua hai 17-18 saalon mein. ,non-persuassive,None,0,0,0,0,0,0,0,0,0
img67.png,Demands dowry insists on calling it...a gift,persuassive,Slightly Negatively persuasive,0,0,0,0,Irony,0,0,0,0
eng569.png,"Maa- Baap ke shayad decisions galat ho sakte hai, par unki niyat kabhi kharab ni hoti Lmao Noob . ",persuassive,Slightly Negatively persuasive,0,0,0,0,Irony,Analogies,0,0,0
data14.png,Mere pet me tumhare pyaar ki nishani h kyaa ?? lekin maine to aisa kuch nhi kiya!! Are tumne jo mujhe pyaar se bhel di thi na wo maine kha li oye zara thik thak hasi majak kiya karo meri jaan logi kya. wo to pahle hi tumhari h. ,non-persuassive,None,0,0,0,0,0,0,0,0,0
fiiile64.png,Long distance relationship ,non-persuassive,None,0,0,0,0,0,Analogies,0,0,0
imggg34.png,"Kashmiri pandits This is where they used to live This is where they are living now Over 3.5 lakhs kashmiri hindus were either killed, rapped or kickout of the volley, now they are living their life in campus outside jammu. but even these violence not even single hindu picked a gun. Salute to their sacrllice ",persuassive,Slightly Positively persuasive,0,0,0,0,0,Analogies,0,0,0
eng174.png,Every teacher ever ! In class A this is the worst class i have ever seen.. class B is far better than you. in class B this is the worst class i have ever seen.. class A is far better than you. ,persuassive,Slightly Negatively persuasive,0,0,0,0,Irony,0,0,0,0
imggg110.png,Emotional Speech about Kashmiri Pandits ,non-persuassive,None,0,0,0,0,0,0,0,0,0
img16.png,"-When MC was Mappilai- Enga pona katti kudutha neenga nagai rokaam nu evalo keppinga mobile datavum, 100 template kundunga pothum. ",persuassive,Negatively persuasive,0,0,0,0,0,0,0,Satire,0
meme_197.png,shadi ke baad tum mujhse pyar nahi krte ab exam clear hone ke bad kon padhta hai yrr ,persuassive,Slightly Negatively persuasive,0,0,0,0,Irony,Analogies,0,0,0
salman278.png,Name a friend who is crazy fan of Salman Khan ,non-persuassive,None,0,0,0,0,0,0,0,0,0
pic446.png,"Congress Leaders, every thime when Rahul Gandhi gives speech! seh lenge thoda. ",persuassive,Neutral,0,0,0,0,0,0,0,Satire,0
salman48.png,My Reaction when teacher makes me the monitor of the class ,non-persuassive,None,0,0,0,0,0,0,0,0,0
salman258.png,Haha creativel no politcs here....just life credits opinion poll exit pool ,persuassive,Neutral,0,0,0,0,Irony,0,0,Satire,0
eng339.png,hiring idiots to teach math hiring bigots to teach history hiring fatases to teach pe hiring an english teacher who can barely speak english ,persuassive,Slightly Negatively persuasive,0,Hyperboles,0,0,Irony,0,0,0,0
romann178.png,"Amit Shah, Narendra Modi and Arun Jaitley while entering the Central Hall today before #GST Rolout. ",persuassive,Neutral,0,0,0,0,0,0,0,Satire,0
exa211.png,#Shweta to 111 others on Zoom call Aao sunao pyar ki ek kahani. ,persuassive,Neutral,0,Hyperboles,0,0,0,0,0,Satire,0
exa56.png,"Jharkhand assembly election results bermo Yogeshwar Mahto, Rajendra PO. Singh ",non-persuassive,None,0,0,0,0,0,0,0,0,0
eng383.png,When you getting gold why go for tamba gully boy ,persuassive,Neutral,0,0,0,0,0,Analogies,0,0,0
img49.png,Ye aapke sath ek chhota sa prank hua hai wo udhar camera ki taraf dekh kar hath hila dijiye ,persuassive,Neutral,0,0,0,0,0,0,0,Satire,0
salman151.png,They made us cry in 2015 now they will make us cry in 2017 Salman Khan rvcjnsta. ,non-persuassive,None,0,0,0,0,0,0,0,0,0
san47.png,Sanju baba when.... #Boycottsadak2 was trending: Mujhe drugs do.. Drugs do... Drugs do... Drugs do...Drugs do....Sanju baba when.... #Boycottsadak2 was trending: Mujhe drugs do.. Drugs do... Drugs do... Drugs do...Drugs do...,persuassive,Slightly Negatively persuasive,0,0,0,0,0,0,0,Satire,0
san199.png,Kismat ho toh Sanju Baba Jaisi 308 Ladkiyon ke sath #Ghapa Ghap kiye lekin ek bhi ni aayi #MeToo Krne ,persuassive,Slightly Negatively persuasive,0,0,0,0,0,Analogies,0,0,Invective
meme_704.png,RaGa right now: Amethi Amethi Amethiyo Amethi ,persuassive,Neutral,0,Hyperboles,0,Alliteration,0,0,0,Satire,0
ramdev122.png,American Doctors and Scientists reading the formula to make #Coronil by Patanjali... Ye konsi lipi hai? ,persuassive,Neutral,0,Hyperboles,0,0,0,0,0,Satire,0
salman283.png,Me while watch race 3 yeh to tatti hai... ,persuassive,Slightly Negatively persuasive,0,0,0,0,0,Analogies,0,0,0
salman18.png,Corporate needs you to find the differences between this picture and this picture They're the same picture. ,persuassive,Neutral,0,0,0,0,0,Analogies,0,0,0
salman67.png,#SRz I am still a virgin... Fir 20 saal se evital kya callender taang ne ke liye kha rahe the... ,persuassive,Neutral,0,0,0,0,Irony,0,0,0,0
data90.png,AD The Jokester Chehre pe hasi aur aankhon me gum hai. kya Aapko bhi lagta hai 2GB ek din ke liye kam hai? ,non-persuassive,None,0,0,0,0,0,0,0,0,0
gay6.png,gay people be like someone:so how did you meet your boyfriend? :) gay person: ,persuassive,Slightly Negatively persuasive,0,0,0,0,Irony,0,0,0,0
fille75.png,"""I am an actor right now because of SRK. during school and college days. I used to watch his films. I have to achieve many things before i vecome even ""s"" of SRK. i still have the entire dvd set of SRK's fauji serial"" - Sushant Singh Rajput. ",non-persuassive,None,0,0,0,0,0,0,0,0,0
img19.png,"Logo ko ghar pahuchata jaa raa raha hai labours ko job dilwate jaa raha hai ,Kisi private govt ki tarah har field me xpert ki tarah kam kar raha hai yeh , isse roka na gaya to jald hi mumbai ka CM ban jaega. ",persuassive,Slightly Positively persuasive,0,0,0,0,0,0,0,Satire,0
salman41.png,"Divorced, Divorced, Divorced , Divorced Dekha aapne shaadi karne ka natija. ",persuassive,Slightly Negatively persuasive,0,0,0,0,0,Analogies,0,Satire,0
salman165.png,Salman Khan Shah Rukh Khan Amir Khan Irfan Khan,non-persuassive,None,0,0,0,0,0,0,0,0,0
eeeng34.png,That sad feeling... when we finally meet .. Monday ,non-persuassive,None,0,0,0,0,0,0,0,0,0
salman99.png,"3. mera brand name hai, tum nahi bol sakte, 4. Ye zarur petha khaate honge  4. Sun kabeer, nikalte hai ",persuassive,Neutral,0,0,0,0,0,0,0,Satire,0
img51.png,*Feminists Dowry * Feminists Husband's properties after divorce ,persuassive,Negatively persuasive,0,0,0,0,0,0,0,Satire,0
eeeng2.png,"The Authority for advance rullings (Karnataka bench): ""Paratha is not roti , must be taxed at 18% GST"". *Roti Aisa kya hai usme jo mujhme nahi hai? ",persuassive,Neutral,0,0,Personification,0,0,0,Puns_and_wordplay,Satire,0
rhea140.png,*In leaked chat messages Rhea Chakraborty says to her friend that Bhubaneswar has the best weed ever* Bhubaneswarites: jor jor se bolke sabko scheme bata de ,persuassive,Slightly Negatively persuasive,0,0,Personification,0,0,0,0,0,0
eng_file144.png,Hello Barry Allen Yes aaj se tumhara naam Bihari Alam ,persuassive,Slightly Negatively persuasive,0,0,0,0,0,0,0,Satire,0
eng179.png,"Sad kyun ho? mere parents mere haat pila karna chahate hai isme bura ky ahai tum shaadi ke layak ho gayi ho , but mujhe pila rang nehi pasand i love pink galti ho geyi behen",non-persuassive,None,0,0,0,0,0,0,0,0,0
img112.png,Are o falhu Sanjay Raut Mumbai tera baap ki nahi *Beby Penovin* ,persuassive,Slightly Negatively persuasive,0,0,0,0,0,0,0,0,Invective
img170.png,And Then I said I became a lawyer to do justice ,non-persuassive,None,0,0,0,0,0,0,0,0,0
salman170.png,"Ek tha Student Before joining , during coaching in exam after result.",non-persuassive,None,0,0,0,0,0,0,0,0,0
eng61.png,10% cashback on your order 80rs delivery chagres. ,non-persuassive,None,0,0,0,0,0,0,0,0,0
rhea98.png,*Deleted scene from badshah mobie between two lovers* Tyagraj to Gayetri Bachchan: Sorry Babu ,non-persuassive,None,0,0,0,0,0,0,0,0,0
salman159.png,Happy Birthday Salman Khan 51 years of virginity! Inspiration for single men in India. ,persuassive,Neutral,0,0,0,0,Irony,0,0,Satire,0
eng348.png,"*Crush tum aap pehele se badal gai ho. *Me lo aap amkeup hi itna mehenga ho gaya hai, toh isme mera kya kasoor. ",persuassive,Slightly Negatively persuasive,0,Hyperboles,0,0,Irony,0,0,0,0
eng442.png,"Jab we met ""Aap convince hogaye ya main aur bolu? ",non-persuassive,None,0,0,0,0,0,0,0,0,0
san37.png,""" A man is known by the company he keeps"" - Aesop 's fables # Asaram Verdict "" A man is known by the company he keeps"" -Aesop",persuassive,Slightly Positively persuasive,0,0,0,0,Irony,0,0,0,0
gay1.png,Tumhe Agar food nahi dena toh mat dalo atleast yehh ch*tiyagiri mat karo yaar. you con't feel their pain ,persuassive,Negatively persuasive,0,0,0,0,0,0,0,0,Invective
eng582.png,Vijay Shankar made 14 runs off 19 at no. 4 Aur  kya Chahiye ,non-persuassive,None,0,0,0,0,0,0,0,0,0
eeeng14.png,Heavy rain inderdev also want's to clear his stock before 30th june GST effect. ,persuassive,Neutral,Metaphors,0,0,0,0,0,Puns_and_wordplay,0,0
gay0.png,Oye 'wheat' ko Hindi mein kya kehte hain ??? Gayhoon Tu gay hai? ,non-persuassive,Neutral,0,0,0,0,0,0,Puns_and_wordplay,0,0
eng322.png,"Coffee only once & proved to be too expensive for me"" : Hardik Pandya.",persuassive,Slightly Negatively persuasive,0,Hyperboles,0,0,0,0,0,Satire,0
san6.png,Kitni ladkiyo ke sath soye ho aaj tak mummy yeh ldki chida rhi hai ,persuassive,Slightly Negatively persuasive,0,0,0,0,0,0,0,Satire,0
fille25.png,Sushant Singh Rajput's this T-shirt had more IQ than whole of the starkids combined. ,persuassive,Neutral,0,0,0,0,Irony,0,0,0,0
eng492.png,"Your crush , Her borther, Her father, Her ex, Her crush , You ",persuassive,Neutral,0,Hyperboles,0,0,0,Analogies,0,0,0
gay135.png,"Me to sir: sir , wheat ko hindi mein kya bolte hai? Sir: Gehu (gehu) * everyone starts laughing in the class* confused sir to everyone* Aap muskura kyu rahe hai ",persuassive,Negatively persuasive,0,0,0,0,0,0,Puns_and_wordplay,Satire,0
salman163.png,teri maa ,persuassive,Slightly Negatively persuasive,0,0,0,0,0,0,0,0,Invective
san2.png,Kaun hai be tu? pradhan montri? Nahi ,persuassive,Slightly Negatively persuasive,0,0,0,0,0,0,0,Satire,Invective
data49.png,Friend : Tune meri itni achi pic pe haha react kyu kiya bey Me: Humare yaha aisa hi hota hai. ,non-persuassive,None,0,0,0,0,0,0,0,0,0
eng412.png,"Bjijli kahan se aati hai ! mama ke yahan se. kaise ?? jab bhi bijli jaati hai tab papa bolte hai.. kaat di ""saalon ne ! ",non-persuassive,None,0,0,0,0,0,0,0,0,0
fiiile31.png,Aaj thand bohot jyada hai sonu ko jaldi sula dena ,persuassive,Slightly Negatively persuasive,0,0,0,0,Irony,0,0,0,0
img19.png,"Logo ko ghar pahuchata jaa raa raha hai labours ko job dilwate jaa raha hai ,Kisi private govt ki tarah har field me xpert ki tarah kam kar raha hai yeh , isse roka na gaya to jald hi mumbai ka CM ban jaega. ",persuassive,Slightly Positively persuasive,0,0,0,0,0,0,0,Satire,0
rhea98.png,*Deleted scene from badshah mobie between two lovers* Tyagraj to Gayetri Bachchan: Sorry Babu ,non-persuassive,None,0,0,0,0,0,0,0,0,0
romann133.png,Thir umpire while making that decision ,persuassive,Neutral,0,0,0,0,Irony,0,0,0,0
salman215.png,"""I will watch dangal first day first show for my langot yaar Aamir Khan"" -Salman Khan amar-prem forever #Deadpool #Troll Bollywood.",persuassive,Slightly Positively persuasive,0,0,0,0,0,0,Puns_and_wordplay,0,0
exa45.png,Many Unhappy 'Returns' of the Day... .goi,persuassive,Slightly Negatively persuasive,0,0,0,0,0,0,Puns_and_wordplay,Satire,0
rhea1.png,"Desh balal raha hai DDLJ in 1995 , Sadma in 1983 Jalebi in 2018 Aage badh raha hai ",persuassive,Slightly Negatively persuasive,0,0,0,0,Irony,0,0,0,0
eng337.png,When I see girls wearing ton of makeup on face and talking about Natural Beauty.. 'Gunaah hai yeh !',persuassive,Slightly Negatively persuasive,0,0,0,0,Irony,0,0,0,0
exa81.png,Badi Mushkil se 'Hydroxychloroquine' Bolna Seekha Tha... Ab Ye Naya Aa gaya 'Antonia Edvige Albina Maino' ,persuassive,Neutral,0,0,0,0,0,0,0,Satire,0
rhea85.png,*his credit card declin* rhea ma'am: ,persuassive,Neutral,0,0,0,0,Irony,0,0,Satire,0
eng59.png,Toh maine kaha bhaiyyaa pikachu jiggleypuff se zyaada cute hai ,non-persuassive,None,0,0,0,0,0,0,0,0,0
emo26.png,Samsung camera Oppo camera. ,non-persuassive,None,0,0,0,0,0,0,0,0,0
romann132.png,"Hindustan hai, chal jata hai ",persuassive,Neutral,0,0,0,0,Irony,0,0,0,0
fille94.png,After getting Internship & all stuffs about Xpert Le me* bada mazedar app h be ,non-persuassive,None,0,0,0,0,0,0,0,0,0
salman136.png,Carrer kharab kr deta hoon fir 50 crone ki file se 1 crore ki chairity kr ke sabka mu band kar dunga offcours acting achi kar leto ho bhai 'you are a part of his death. ,persuassive,Negatively persuasive,0,0,0,0,0,0,0,0,0
eng198.png,Bas ! ki aur hasu? ,non-persuassive,Neutral,0,0,0,0,0,0,0,0,0
emo32.png,When you're waiting for friend at lal chowk and the doesnt turn up when your friend is waiting at lal chowk and but you don't turn up.,persuassive,Slightly Negatively persuasive,0,0,0,0,Irony,0,0,0,0
eng_file227.png,Kapish I watch series like a movie and movies like a series ,persuassive,Neutral,0,0,0,0,Irony,0,0,0,0
img119.png,"Tu ladki ka baab ho ya nana, Kanyadaan toh main hi karunga! ",persuassive,Neutral,0,0,0,0,0,0,0,Satire,0
rhea69.png,Maharastra pulice arrest ragutic tv aur bhai... Aagaya Swaad Canvas Latgh. ,persuassive,Slightly Negatively persuasive,0,0,0,0,0,0,0,Satire,0
eng504.png,Timepass hi hona hai to game khel liya karo kisi ki betiyaan khilauna nahi hain,persuassive,Slightly Negatively persuasive,0,0,0,0,0,0,0,0,0
romann35.png,Galat fehmi bahut badi galat fehmi Abhi kuch der aur so jaata hu. subah 5 baje uth ke padhunga. ,non-persuassive,None,0,0,0,0,0,0,0,0,0
eng230.png,"When your best friend makes plans without you ""Aaj toh apna bad luck hi kharab hai"" ",non-persuassive,None,0,0,0,0,0,0,0,0,0
exa153.png,Tushar... Shweta be like... Sab ko batana padega na ,persuassive,Neutral,0,Hyperboles,0,0,Irony,0,0,Satire,0
romann22.png,How much do you love me ??? 78.00% why not 100%...? 28% GST on Lusurious Items..! ,persuassive,Slightly Negatively persuasive,0,0,0,0,Irony,0,0,0,0
exa106.png,You Intorduced the word 'Intolerance' Into Indian Media I'll find ya and tolerate ya ,persuassive,Neutral,0,0,0,0,0,0,0,Satire,0
eng_file182.png,"*Random kid born in mumbai* BhBhBh, es baby say it, bhaiya lochnachi gand maru. ",persuassive,Negatively persuasive,0,0,0,0,0,0,0,0,Invective
eeeng8.png,"How many letters are there in english alphabets? 23 Without GST, 16 with GST! ",non-persuassive,Neutral,0,0,0,0,Irony,0,0,0,0
san165.png,Teacher-Internship ke liye college ki degree lena zaroori hai Sanju BaBa -xpert hai na..... ,non-persuassive,None,0,0,0,0,0,0,0,0,0
data47.png,what's the best part about dead baby jokes? They never get old ,persuassive,Slightly Negatively persuasive,0,0,Personification,0,0,0,0,0,0
romann242.png,What is GST...? good night sweet dream and..? Take care...! ,non-persuassive,None,0,0,0,0,0,0,0,0,0
salman239.png,When a website asks you to read terms and Conditions Itne bhaari gyaan ki zarurat nahi hai. ,non-persuassive,None,0,0,0,0,0,0,0,0,0
romann196.png,Jin whatsapp group ka daily turnover 20 messages se adhik hai. ve sabhi july 1 se GST k daire mein mane jaenge!! ,non-persuassive,None,0,0,0,0,0,0,0,0,0
romann171.png,"Aur batao ! kya tum bhi gst ka matlab G:- Good Night, S- Sweet dreams, T- Take care samajhte ho? ",non-persuassive,None,0,0,0,0,0,0,0,0,0
eeeng3.png,"Tamil movie prices Bse rate - 150, 28% GST, 10% Ent. tax - 15 , Total 207, Non - Tamil Movies: Base Rate - 150,  28% GST- 42, 20% Ent. tax - 30 Total - 222 Goyyala theatre ku ponaa dhaana da ",persuassive,Slightly Negatively persuasive,0,0,0,0,Irony,0,0,0,0
san244.png,Kaun hai be tu? pradhan montri? Nahi ,persuassive,Slightly Negatively persuasive,0,0,0,0,0,0,0,Satire,Invective
exa227.png,Correct selection of #Shweta after the pandit guy find out all his secrets are that guy Shweta ,persuassive,Neutral,0,Hyperboles,0,0,0,0,0,Satire,0
img56.png,The daily hera pheri meme project viral tweets on hera pheri memes the daily hera pheri meme project the viral translations. The deily hera pheri meme. ,non-persuassive,None,0,0,0,0,0,0,0,0,0
salman45.png,Crush : I am a big fan of Salman Khan. *Me trying to impress her: Ae gadi start kar ,persuassive,Neutral,0,0,0,0,0,0,0,Satire,0
salman149.png,Achha likh leta hai tu.. ,non-persuassive,None,0,0,0,0,Irony,0,0,0,0
fille77.png,"These smiles are enough to melt millions of hearts dear Sushant, you will always be remembered we all love you very much ",non-persuassive,None,0,0,0,0,0,0,0,0,0
eng380.png,Us pyaaz ko toh pata bhi nahin tha ki wo diya bhi ban sakti thi ,non-persuassive,None,0,0,0,0,0,0,0,0,0
fiiile62.png,Tum hi ne meri zindagi kharab ki hai ,non-persuassive,None,0,0,0,0,Irony,0,0,0,0
eng120.png,Mai jo jee raha hu wajah tum ho. Oxygen ki toh koi value hi nahi hai... ,non-persuassive,None,0,0,0,0,0,0,0,0,0
romann142.png,When you are about to start and she coughs ,non-persuassive,None,0,0,0,0,0,0,0,0,0
san197.png,Note Hazaaron ke khula chhutta karaane aayi ,non-persuassive,None,0,0,0,0,0,0,0,0,0
data13.png,After trying the dangerous skull breaker chailenge.... ,persuassive,Negatively persuasive,0,0,0,0,Irony,0,0,0,0
fiiile67.png,When your boss says you have to work on saturday ,non-persuassive,None,0,Hyperboles,0,0,0,0,0,0,0
salman140.png,"He is on bicycle! footpaths are safe... I Reapeat, footpaths are safe! ",persuassive,Neutral,0,0,0,0,0,0,0,Satire,0
eng_file207.png,"roses are red her puss was tight Bihar: 7-Yr-Old boy fractures left hand: Doctor Casts Plaster on Right India, I'M Sorry About The Memes, You're The Best. ",persuassive,Negatively persuasive,0,0,0,0,0,0,Puns_and_wordplay,0,Invective
exa7.png,Frusted #Pandit ! Ek secret kya bta dia Shweta* Pandit* Tune to puri duniya mein tamasha bnva dia ,persuassive,Slightly Negatively persuasive,0,0,0,0,Irony,0,0,Satire,0
eng526.png,Babuji exam se dar nahi lagta slow internet se lagta hai ,non-persuassive,None,0,0,0,0,0,0,0,0,0
data91.png,"Russia Has developed the first coronvirus vaccine, Announces putin le Indians: ""Tera yaar hoon main"" ",persuassive,Slightly Positively persuasive,0,0,0,0,0,0,Puns_and_wordplay,Satire,0
imggg103.png,When Munna gets beaten by Guddu Poori kundali nikaalo uski. ,non-persuassive,None,0,0,0,0,0,0,0,0,0
salman3.png,Salman Khan is the iphone of bollywood. same acting in every movie high market value no improvements and blind fan following ,persuassive,Slightly Negatively persuasive,0,0,0,0,0,Analogies,0,0,0
salman216.png,Two big mysteries of 2015 why katappa killed Bahubali who was driving Salman's car. ,persuassive,Neutral,0,0,0,0,Irony,0,0,0,0
eng_file95.png,Sister : aaj khana mai banaungi Dad: Mom: Brothers: Seh lenge thoda ,persuassive,Neutral,0,Hyperboles,0,0,0,0,0,0,0
salman148.png,Salman Khan Shah ruh Khan ,non-persuassive,None,0,0,0,0,Irony,0,0,0,0
gay62.png,When a good person comes into your life at the wrong time ,non-persuassive,None,0,0,0,0,0,0,0,0,0
romann116.png,"""6 Item or tax 3?? bahut naainsaafi hai ye"" ",non-persuassive,None,0,0,0,0,0,0,0,0,0
salman139.png,"Salman Khans fans reacton from getting arrested to getting bail in 2 days ,Salman Khan is the ipnone of bollywood same acting in every movie, high market value no imporvements and bund fan following. ",persuassive,Slightly Negatively persuasive,0,0,0,0,0,Analogies,0,Satire,0
fiiile64.png,Long distance relationship ,non-persuassive,None,0,0,0,0,0,Analogies,0,0,0
rhea120.png,Help me obi-elon your my only hope,non-persuassive,None,0,0,0,0,0,0,0,0,0
san75.png,*Rhea Chakraborty allegedly 'not co-operating'with ED in probe Asaram Bapu: Rhea Aai Kya? ,persuassive,Slightly Negatively persuasive,0,0,0,0,0,0,0,Satire,0
rhea66.png,Rhea's carrer is now over ,non-persuassive,None,0,0,0,0,0,0,0,0,0
exa100.png,"1 Million Innocent Kashmiri Pandits Thrown of of Kashmir , no one bats an eye 1 stone peiter punished by Indian Army, everyone loses their mind. ",persuassive,Positively persuasive,0,0,0,0,Irony,0,0,0,0
fiiile44.png,Aaj thand bohot jyada hai sonu ko jaldi sula dena ,persuassive,Slightly Negatively persuasive,0,0,0,0,Irony,0,0,0,0
data106.png,"Hume toh apno ne loota, gairo me kaha dam tha Dost bhi aise mile, Jin chutiyo ke pass dimag kam tha ",non-persuassive,None,0,0,0,0,0,0,0,0,0
eng373.png,While writing exam *paper kilakargi *brain **song plays** Yow yen nee wera ! oru flow la poikitu irukum bodhu yara mapandhuoluen ya naanu! ,non-persuassive,None,0,0,0,0,0,0,0,0,0
eng_file165.png,HOw bihar boys dress every function ,persuassive,Slightly Negatively persuasive,0,0,0,0,0,0,0,Satire,0
meme_487.png,"Pehle Shadi Mein Dulhan Ki Taraf Sirf Dulhan Taiyar Hoti Thi Ab Photo Upload Ke Chakkar Mein Sari Girls "" Dulhan"" Ki Tarah Taiyar hoti Hai ",persuassive,Slightly Negatively persuasive,0,Hyperboles,0,0,0,0,0,0,0
romann36.png,Jo Dushman Ki maut par bhi dukhi ho woh hai Shree Ram,persuassive,Positively persuasive,0,0,0,0,0,0,0,0,0
romann179.png,Kaha hai bhai ? raste mein. kis raste mein? barbadi ke..,non-persuassive,None,0,0,0,0,0,0,0,0,0
eng240.png,This is what all the indian cricketing fraternity is saying right now to #dhoni and #jadhav. #india vs england. thodi si bhi koshish na ki tune...!! ,persuassive,Slightly Negatively persuasive,0,0,0,0,Irony,0,0,0,0
romann119.png,25 din me paisa double koi sense hai iss baat ki ? humein bahut lag rahi thi uss waqt ,persuassive,Neutral,0,0,0,0,0,0,0,Satire,0
img79.png,"While Sanjay Raut praises Sachin Vaze as 'honest' and 'capable', latter names Shiv sena leaders in Antilia explosives case Opindia staff ! 14 march , 2021",persuassive,Slightly Negatively persuasive,0,0,0,0,Irony,0,0,Satire,0
fille65.png,*Backbencher *Exams it beats faster everytime you come closer ,non-persuassive,None,0,0,0,0,0,0,0,0,0
salman55.png,* Amaal Mallik trolled Salman bhai fans on Twitter* meanwhile SRK and his fans: ,persuassive,Neutral,0,0,0,0,0,Analogies,0,Satire,0
romann34.png,Hello modi sant kem cho? New phone... who dis? ,persuassive,Neutral,0,0,0,0,0,0,0,Satire,0
romann239.png,"Samosa khayega? Nahi , Aaj Upvas Hai Mera Bhai mere taraf se hai, Meethi chatni dal ke laana ",non-persuassive,None,0,0,0,0,0,0,0,0,0
fiiile65.png,What it's like living with my husband.... ,non-persuassive,None,0,0,0,0,0,Analogies,0,0,0
ramdev92.png,Coronil Baba Ramdev Ayush Ministry Baba Ramdev ,persuassive,Neutral,0,Hyperboles,0,0,0,0,0,Satire,0
img5.png,Kids Invite their girl at home men invite their girl at cafe legends invite their girl at haweli. ,persuassive,Neutral,0,0,0,0,Irony,0,0,0,0
ramdev134.png,"Patanjali launched a medicine for COVID-19 treamenr, named it 'coronil'. It claims 100% recovery rate of covid patients in 7 days. Public to other successful pharmacist *Tume isey apni galti nahi maate? ",persuassive,Neutral,0,0,0,0,0,0,0,Satire,0
eng460.png,"Mom : beta tu mobile mein pura din karta kya hai ? Me: mom, ek ladki hai. ussi se baat karta hun Mom : chal tujhse kaun ladki baat karegi, memes dekhta hoga tu. Me : *cries in the corner* ",persuassive,Neutral,0,0,0,0,Irony,0,0,Satire,0
rhea79.png,tu bhool gaya hai hume ,non-persuassive,None,0,0,0,0,0,0,0,0,0
romann197.png,"*Raghunandan aap mujhse kuchh bhi puchh sakte hain* *Acha ek qns haI i bet aap sawal kar sakte* *aisa kya hai aap puch li jiye* *GST ka ful form bta dijiye . * Itna easy qns hai yeh , GST ka matlab good night, sweet dreams take care *Aap rehne dijiye aase nhi ho payega. ",non-persuassive,None,0,0,0,0,0,0,0,0,0
salman63.png,Vicky kaushal and katrina dating exactly the opposite of the movie Sanju happend #VickyKaushal ,persuassive,Neutral,0,0,0,0,Irony,0,0,0,0
salman212.png,"*Perfect School exists - English teacher, Physics Teacher, Math Teacher, History Teacher, G.K Teacher, Hindi Teacher ",persuassive,Neutral,0,0,0,0,Irony,0,0,Satire,0
san211.png,Tension kaiko leta hai ?Yele channa kha ,non-persuassive,None,0,0,0,0,0,0,0,0,0
meme_807.png,Life Mein Jab Kabhi Aapko Financial Problem Aati Hai Tab Achanak He Aapko Pata Chalta Hai Ki Aake Sare Rishtedar Sudama Hain ,non-persuassive,None,0,0,0,0,0,0,0,0,0
img150.png,Shivsena to Sanjay Raut after kangana's office demolished Itna naam bhi nai karna tha ,persuassive,Neutral,0,0,0,0,0,0,0,Satire,0
salman213.png,2016 in memes do you use condom in India? No...we use censor board fivicol ka jod hai... tootega nahi!!!!.... ,persuassive,Neutral,0,0,0,0,Irony,0,0,0,0
eng497.png,"I am an actress, Tik - Tok Acha toh phir mai bhi Armay men hu PUBG khelta hu ",persuassive,Slightly Negatively persuasive,0,0,0,0,0,Analogies,0,Satire,0
san160.png,Ram Rahim ke jail aane ke baad ab Asaram Radhe Maa se apni feelings whare karte hue ,persuassive,Neutral,0,0,0,0,0,0,0,Satire,0
data90.png,AD The Jokester Chehre pe hasi aur aankhon me gum hai. kya Aapko bhi lagta hai 2GB ek din ke liye kam hai? ,non-persuassive,None,0,0,0,0,0,0,0,0,0
romann14.png,"Aur Batao ! kya tum bhi gst ka matlab G:- Good Night , S:- Sweet Dreams, T :- Take Care samjhe ho ? ",non-persuassive,None,0,0,0,0,0,0,0,0,0
san107.png,With just one trailer he proved what a class actor He's! Brace yourselves dutt is back!! Sanju Baba is back !! #Raj Subscirbe>> Troll Bollywood on YT. ,persuassive,Slightly Positively persuasive,0,0,0,0,0,Analogies,0,0,0
salman166.png,Aise kaise bhenchod,persuassive,Negatively persuasive,0,0,0,0,0,0,0,0,Invective
fille30.png,Support them Not Them Troll munters ,non-persuassive,None,0,0,0,0,0,0,0,0,0
salman44.png,"Mre baare mein itna mat sochna court mein aata hoon, jail mein nahi. ",non-persuassive,None,0,0,0,0,0,0,0,0,0
salman218.png,"Sister : Physics says, things expand when heated Me : so? Sis : that means, I'm not fat... I 'm Hot calm down calm down",non-persuassive,None,0,0,0,0,0,0,0,0,0
salman88.png,Logic in Salman Khan's movies This hai bhai Ab mai chalta hun ,persuassive,Neutral,0,0,Personification,0,0,0,0,0,0
romann198.png,""" Chehra koi nahi dekhta, dil accha hona chahiye"" koi sense hai is baat ko? hume bahot lag rahi thi uss time ",non-persuassive,None,0,0,0,0,0,0,0,0,0
salman240.png,"Mere bare mein itna mat sochna.. dil mein aata hoon , Samajh mein nahi* -Slaman Khan. Kick ",non-persuassive,None,0,0,0,0,0,0,0,0,0
exa127.png,Here I am for the 495th time knowing I'm lactose intolerant ,non-persuassive,None,0,0,0,0,0,0,0,0,0
meme_436.png,Her Look is more dangerous than Salman Khan's Driving ,persuassive,Neutral,0,0,0,0,0,Analogies,0,0,0
romann135.png,"Oh , I disagree with your politics? tell me how evil I am. ",non-persuassive,None,0,0,0,0,0,0,0,0,0
salman102.png,Jacquline: Mujhe apni film me koi role de do le Salman: Pehle tu de ,persuassive,Slightly Negatively persuasive,0,0,0,0,0,0,Puns_and_wordplay,0,0
san123.png,"Did you know ? Anushka Sharma is playing the role of Rajkumar Hirani & Abhijat in the movie Sanju She is playing the role of biographer to whom Sanju revelas his story and asks her to write a book on him, just like in reality Sanjay Dutt narrated his story yo Rajkumar hirani and Abhijat joshi-the screenwriter. ",non-persuassive,None,0,0,0,0,0,0,0,0,0
fiiile52.png,"*Middle school gym class* ""Hey pass the ball back"" Me: gay fear ",persuassive,Slightly Negatively persuasive,0,0,0,0,Irony,0,0,0,0
eeeng25.png,Bas atni angrezi aawe hume inshallah boys played well. ,persuassive,Negatively persuasive,0,0,0,0,Irony,0,0,Satire,0
gay49.png,"""Thank you, Carl..."" ",non-persuassive,None,0,0,0,0,0,0,0,0,0
imggg54.png,When you're the only one with a portable charger on a trip Jalwa hai hamara yahan. ,non-persuassive,None,0,0,0,0,0,0,0,0,0
eng294.png,Show me the best medicine to cure cough I said best Perfect... ,persuassive,Slightly Negatively persuasive,0,Hyperboles,0,0,Irony,Analogies,0,0,0
fiiile8.png,When a stalkin a guys insta account and u tryna find any hints if he gay or not. ,persuassive,Slightly Negatively persuasive,0,0,0,0,Irony,0,0,0,0
romann69.png,Jin what sapp group ka daily turnover 20 messages se adhik hai. ve sabhi july 1 se GST k Daiyre mein maine jaenge!! ,non-persuassive,None,0,0,0,0,Irony,0,0,0,0
fiiile23.png,dhokaa swabhaav hai mera ,persuassive,Slightly Negatively persuasive,0,0,Personification,0,Irony,0,0,0,0
data1.png,Kbhi bhi niyam badal sakta hai Sher ki umar jyada h lekin budha nhi hua h abhi tak ab hamko badla lena hai ,non-persuassive,None,0,0,0,0,0,0,0,0,0
exa67.png,Pandit Boy: My ex-girlfriend was s'x addict do not share this secret. Shweta to 111 people in zoom meeting: ,persuassive,Slightly Negatively persuasive,0,0,0,0,Irony,0,0,Satire,0
gay15.png,Would a gay shop owner decline service to someone because they were straight ? No. because gay people aren't fucking assholes.well.... Technically ,persuassive,Negatively persuasive,0,0,0,0,0,0,0,0,Invective
data84.png,Thana kya hota hai? Tumhari koi GF hai? Nahi.. Police Station ko kehte hain. ,non-persuassive,None,0,0,0,0,0,0,0,0,0
eng_file204.png,CRUX. How NDA Retained Its Hold Over Bihar ,non-persuassive,None,0,0,0,0,0,0,0,0,0
img53.png,Saala ye mere facebook pe ek banda itni sad shayri krta hai ab tou mai bhi uski girlfriend ko miss krne laga hoon. ,persuassive,Neutral,0,Hyperboles,0,0,0,0,0,0,0
eng391.png,Daya dekho phir ek chutiye ki gaand me khujli huyi funniest -non- veg -hindi-memes -1 - jokes king. ,persuassive,Slightly Negatively persuasive,0,0,0,0,0,0,0,0,Invective
eng_file213.png,Bihar arteee! ,persuassive,Slightly Negatively persuasive,0,0,0,0,0,0,Puns_and_wordplay,0,0
romann100.png,Friend : I just can't understand 'GST'. Can you please explain it to me? me: ,persuassive,Neutral,0,0,0,0,0,0,0,Satire,0
romann173.png,When I open my books before the day of exam my books:- you still remember me?? ,non-persuassive,None,0,0,0,0,0,0,0,0,0
fiiile51.png,maine kaha tha hum jab bhi sex krenge gullak me 10 ruppee dalenge to phir is me 100 rupee ke 2 note kaise aaye har koi tumhari tarah kanjoos nahi hota. ,persuassive,Slightly Negatively persuasive,0,0,0,0,Irony,0,0,0,Invective
exa77.png,Tushar... Shweta be like.... Sab ko batana padega na ,persuassive,Neutral,0,Hyperboles,0,0,0,0,0,Satire,0
salman165.png,Salman Khan Shah Rukh Khan Amir Khan Irfan Khan,non-persuassive,None,0,0,0,0,0,0,0,0,0
san132.png,Sanju baba iss ne apne dimagh ko pareshan nahi kiya true say dutt saab. ,non-persuassive,None,0,0,0,0,0,0,0,0,0
fiiile99.png,69...Some call II Nasty... some call it romantic dinner for 2 ,persuassive,Negatively persuasive,0,0,0,0,0,0,Puns_and_wordplay,0,0
eng478.png,"Woh din ab dur nahi hai jab movie start hone se pahle dikhaenge main mukesh , mai din me 2 baar maggi khata tha :p ",persuassive,Slightly Negatively persuasive,0,0,0,0,0,0,0,Satire,0
gay43.png,"Salman bata ""Wheat"" ko hindi mein kya bolte hai.? Gayhoon humein tho pehle hi pata tha ",persuassive,Negatively persuasive,0,0,0,0,0,0,Puns_and_wordplay,Satire,0
romann182.png,"Kya soch kar aaye the ? ke saheb 15 lakh degaa sabaasi dega? kyon? ab tu de.. GST de!!"" ",non-persuassive,None,0,0,0,0,0,0,0,0,0
eng560.png,When you over sleep after taking a nap on new years eve.. What year is It! ,non-persuassive,None,0,0,0,0,0,0,0,0,0
san236.png,Astrologer to Smriti Irani : You will be the Precident of India one day. ,non-persuassive,None,0,0,0,0,0,0,0,0,0
data20.png,Assad my son exploede better than yours. lol Hamid.,persuassive,Negatively persuasive,0,0,0,0,0,0,Puns_and_wordplay,0,0
fiiile90.png,When u can't control ur population growth so u legalize gay marriage India ,persuassive,Slightly Negatively persuasive,0,0,0,0,Irony,0,0,Satire,0
eng452.png,When a cracker doesn't burst after lighting it dhokha swabhaw hai mera ,non-persuassive,None,0,0,0,0,0,0,0,0,0
fiiile14.png,maine kaha tha hum jab bhi sex krenge gullak me 10 ruppee dalenge to phir is me 100 rupee ke 2 note kaise aaye har koi tumhari tarah kanjoos nahi hota. ,persuassive,Slightly Negatively persuasive,0,0,0,0,Irony,0,0,0,Invective
salman258.png,Haha creativel no politcs here....just life credits opinion poll exit pool ,persuassive,Neutral,0,0,0,0,Irony,0,0,Satire,0
data23.png,"Picture Pakistan Showing , Picture Pakistan not showing ",persuassive,Negatively persuasive,0,0,0,0,Irony,0,0,0,0
salman254.png,Your reaction when bae dosen't reply even after seen. ,non-persuassive,None,0,0,0,0,0,0,0,0,0
eng292.png,Maa woo rahi aapki bahu tu poore khandaan ki muth marvayega. ,persuassive,Negatively persuasive,0,0,0,0,0,0,0,0,Invective
exa171.png,Mujhe kyu toda?,persuassive,Neutral,0,0,0,0,0,0,0,Satire,0
img70.png, *Feminist Dowry Husband's property after divorce ,persuassive,Negatively persuasive,0,0,0,0,0,0,0,Satire,0
salman161.png,Best of 2015 Laughs! ,non-persuassive,None,0,0,0,0,0,0,0,0,0
romann157.png,"What is GST...? Good night, sweet dreams and...? Take care...! ",non-persuassive,None,0,0,0,0,0,0,0,0,0
romann64.png,"Salman khan after destroying his enemy career kabhi kabhi lagta hai, apu hi bhagwan hai...! ",persuassive,Neutral,0,Hyperboles,0,0,Irony,0,0,0,0
eng262.png,Shradha kapoor marrying her photographer rohan shreshtha in 2020 photographer ban jaao bahut scope hai ,persuassive,Slightly Negatively persuasive,0,0,0,0,Irony,0,0,0,0
data10.png,"Teacher. So , There phases of matter are Solid, Liquid and Gas. 1st Benchers: Sir, you forgot the 4th, Last Benchers: Ya Allah isse aage bhi hota hai? ",non-persuassive,None,0,0,0,0,0,0,0,0,0
romann100.png,Friend : I just can't understand 'GST'. Can you please explain it to me? me: ,persuassive,Neutral,0,0,0,0,0,0,0,Satire,0
gay106.png,"""Samantha always told herself that she'd never make it to 21. she was right... but he did""",non-persuassive,None,0,0,0,0,0,0,0,0,0
eng_file198.png,"Ek Bihari, Sau Bimari. Do Bihari Ladai ki taiyari 99Bol.com. ",persuassive,Negatively persuasive,0,0,0,0,0,0,Puns_and_wordplay,Satire,0
eng386.png,That face you make when your teacher asks u to solve a problem. ,non-persuassive,None,0,0,0,0,0,0,0,0,0
rhea102.png,"Mere flat pe loan hai 55 lakh ka. jiska emi 17 hazar hai, ab kaise chukaungi? yeah kaunsa bank hai re baba itna sasta loan deta hai. ",persuassive,Neutral,0,0,0,0,Irony,0,0,0,0
romann167.png,"GST Kya hai? Good night sweet dreams, take care ",non-persuassive,None,0,0,0,0,0,0,0,0,0
eng284.png,IQ kharidugi ,persuassive,Negatively persuasive,0,0,0,0,0,0,0,Satire,0
gay125.png,It's not gay if we call them lightsabers. ,non-persuassive,None,0,0,0,0,0,0,0,0,0
fille83.png,Is this the greatest power in the universe ,persuassive,Neutral,0,Hyperboles,0,0,0,0,0,Satire,0
data18.png,Duniya Pe hoga mera Raaj Ye toh apna Raju Hai re baba.. ,non-persuassive,None,0,0,0,0,0,0,0,0,0
data103.png,"#Aajse TumharaNaam Hello, Michael Jakson Speaking... ",persuassive,Slightly Negatively persuasive,0,0,0,0,0,0,Puns_and_wordplay,Satire,0
eng_file18.png,When customer says: Bhaiya Humesha Yahi se kapde kharidte hai. But you just oppend your shop 2 days ago ,non-persuassive,None,0,0,0,0,0,0,0,0,0
data76.png,His beard was like.... ya allah! ,non-persuassive,None,0,0,0,0,0,0,0,0,0
exa132.png,Pracetamo 500 mg #Shweta Dekha apnne best friend ko secrets na bataane ka nateeja ,persuassive,Slightly Negatively persuasive,0,Hyperboles,0,0,0,0,0,0,0
eng622.png,When a new friend tries to be oversmart teri umar ka beta hai mera ,non-persuassive,None,0,0,0,0,0,0,0,0,0
san67.png,Sanjay Dutt lasts lesser in jail than Arvind Kejriwal in Power. ,persuassive,Slightly Negatively persuasive,0,0,0,0,0,Analogies,0,Satire,0
exa145.png,Shiv sene offers one lakh to anyone who staps Amir Khan what are those stickers on your cheeks? self defence!!! ,persuassive,Slightly Negatively persuasive,0,0,0,0,Irony,0,0,Satire,0
meme_206.png,Going into Exam Hall Leaving Exam Hall ,non-persuassive,None,0,0,0,0,0,0,0,0,0
fiiile46.png,Suhagaraat hai ghunghat utha rha hun main... bhai update dete rehna hum online hai. ,persuassive,Slightly Negatively persuasive,0,0,0,0,0,0,0,Satire,0
data64.png,*When you buy beer for your friend* Friend- Mallik Itna kharcha ho gya hai to chips bhi le hi lete hai. ,non-persuassive,None,0,0,0,0,0,0,0,0,0
eng29.png,25 Years old and unmarried how she looks what her famil sees. ,persuassive,Negatively persuasive,0,0,0,0,Irony,0,0,0,0
romann2.png,"The South Park episode "" Band in China,"" which fittingly caused the saries to get banned in China, was publicly screened by protesters in the streets of Hong Kong. South Park 'Band in China' Episode Screened in Hong Kong Streets After China Banned Series - IGN. ",persuassive,Slightly Negatively persuasive,0,0,0,0,Irony,0,0,0,0
salman170.png,"Ek tha Student Before joining , during coaching in exam after result.",non-persuassive,None,0,0,0,0,0,0,0,0,0
salman79.png,Bhai ko ye gift kardu to chalega? ,non-persuassive,None,0,0,0,0,0,0,0,0,0
romann108.png,while scrollig I found this meme which I made in february :) I shouldn't have said that *me now I definitely should not have said that we played chine jokes on me ,non-persuassive,None,0,0,0,0,0,0,0,0,0
eng_file89.png,"Offline Exam Pen & Paper Online Exam Pen, Paper, Google , Books , Sliders, Laptop, Smartphone, Whatsapp Group, Friends Connected On Conference Calls & Some Snacks Just in case ",persuassive,Slightly Negatively persuasive,0,0,0,0,Irony,0,0,0,0
salman151.png,They made us cry in 2015 now they will make us cry in 2017 Salman Khan rvcjnsta. ,non-persuassive,None,0,0,0,0,0,0,0,0,0
salman205.png,Salman Khan acting tere naam (Radhe) Radeh (Radhe) ,persuassive,Neutral,0,0,Personification,Alliteration,Irony,0,0,0,0
salman270.png,"Teri baat dil mein aayi, samajh mein nahi!!!! Salman Khan funny pictures- Majakia.com - page 4",persuassive,Neutral,0,Hyperboles,0,0,0,0,0,Satire,0
ramdev56.png,Apna to aatank hi khatam ho gaya hai ,persuassive,Neutral,0,0,0,0,0,0,0,Satire,0
data53.png,Vi dekh saamne drop gir raha hai. Jaldi chal ye drop hame hi melega. *After 2 minutes* Bhai tu revive matt kar warna tu bhi pela jayega bhaag yahan se ,non-persuassive,None,0,0,0,0,0,0,0,0,0
meme_1024.png,"Two people fighting Others- Please dont fight Me - Khopdi tod, khopdi tod sale ka. ",non-persuassive,None,0,0,0,0,0,0,0,0,0
romann121.png,"Sau baar shukriya, sau shukriya hundred baar shukriya, billion baar shukriya . ",persuassive,Slightly Positively persuasive,0,0,0,Alliteration,0,0,0,0,0
salman178.png,When Aishwarya Rai marries to abhishek bachchan and you can't destroy his career because Abhishek Bachchan never had a carrer. ,persuassive,Slightly Negatively persuasive,0,0,0,0,Irony,0,0,Satire,0
eng547.png,"Asli dost kon hai? jo exam me ek ""khansi"" par aapki taraf dekhe Adbhut. ",non-persuassive,None,0,0,0,0,0,0,0,0,0
salman59.png,To all The people who think they are too smart. Create ur own identity 1st n'GET A LIFE'. Wait! I am sure u don't have any #patheticLosers ,persuassive,Slightly Negatively persuasive,0,0,0,0,Irony,0,0,0,0
salman102.png,Jacquline: Mujhe apni film me koi role de do le Salman: Pehle tu de ,persuassive,Slightly Negatively persuasive,0,0,0,0,0,0,Puns_and_wordplay,0,0
eng425.png,"""Working"" These Days ",non-persuassive,None,0,0,0,0,0,0,0,0,0
imggg52.png,Dheere dheere seekh rahe ho ,non-persuassive,None,0,0,0,0,0,0,0,0,0
rhea11.png,Sushant mere sapno me aaye the aur kaha jao tell the truth-Rhea 50 rupya kaat overacting ka ,persuassive,Slightly Negatively persuasive,0,0,0,0,0,0,0,Satire,0
imggg34.png,"Kashmiri pandits This is where they used to live This is where they are living now Over 3.5 lakhs kashmiri hindus were either killed, rapped or kickout of the volley, now they are living their life in campus outside jammu. but even these violence not even single hindu picked a gun. Salute to their sacrllice ",persuassive,Slightly Positively persuasive,0,0,0,0,0,Analogies,0,0,0
meme_438.png,First With Katrina Kaif And Now With Aishwarya Salman Khan Be Like Driver... Gaadi Nikal ,persuassive,Neutral,0,0,0,0,Irony,0,0,Satire,0
salman148.png,Salman Khan Shah ruh Khan ,non-persuassive,None,0,0,0,0,Irony,0,0,0,0
san96.png,Haan Haan ab bolo isko bhi maine help kiya hai ,non-persuassive,None,0,0,0,0,0,0,0,0,0
romann204.png,What is GST Aija Replied It's a Abbreviation of Good- night sweet dream take care .,non-persuassive,None,0,0,0,0,0,0,0,0,0
img49.png,Ye aapke sath ek chhota sa prank hua hai wo udhar camera ki taraf dekh kar hath hila dijiye ,persuassive,Neutral,0,0,0,0,0,0,0,Satire,0
eng548.png,Me after watching student of the year 2 trailer ye to tatti hai ,persuassive,Slightly Negatively persuasive,0,0,0,0,0,Analogies,0,0,Invective
rhea145.png,Sorry babu Sorry Babu main tumhe aur ni loot sakti sorry babu ,persuassive,Slightly Negatively persuasive,0,0,0,0,Irony,0,0,0,0
fille7.png,"Sushant Singh Rajput's family has decided that Sushant's Childhood home (In Rajiv Nagar, Patnaj will be turned into a memorial. His Thousands of books, personal telescope, flight simulator And other belongings will be kept there for his fans and admires. ",non-persuassive,None,0,0,0,0,0,0,0,0,0
rhea127.png,"Dharti lok ,Patal lok ",persuassive,Neutral,0,0,0,0,0,0,Puns_and_wordplay,0,0
eng_file87.png,"Hater: srk is ugly! Me : I'm sorry, last time srk checked he was an actor ,not your mirror ",persuassive,Slightly Negatively persuasive,0,0,Personification,0,0,0,0,0,0
san89.png,Best Sanjay Dutt Dialogues must know for every fan ,non-persuassive,None,0,0,0,0,0,0,0,0,0
eng499.png,Andmin tu bhi bhrast ho gaya ,persuassive,Neutral,0,0,0,0,0,0,0,Satire,0
eng_file242.png,"Jo dosti nibhaye , vo Bihari jo apni baaton se sabko hasaye, vo Bihari Dil tutne par jo UPSC clear kr jaye , vo Bihari ",persuassive,Slightly Negatively persuasive,0,0,0,0,Irony,0,0,0,0
fille30.png,Support them Not Them Troll munters ,non-persuassive,None,0,0,0,0,0,0,0,0,0
salman119.png,When you feel down and out in life. ,persuassive,Slightly Negatively persuasive,0,0,0,0,0,0,0,Satire,0
fiiile76.png,When he ask if you have any sex toys 35 hilariously funny sex memes we can't get Enough of I Your tango. ,persuassive,Neutral,0,0,0,0,0,0,0,Satire,0
salman210.png,After your at a Restaurant gets their meal served first. ,non-persuassive,None,0,0,0,0,0,0,0,0,0
meme_205.png,"Jab We Met ""Aap convince hogaye ya main aur bolu ? ",non-persuassive,None,0,0,0,0,0,0,0,0,0
salman23.png,Itne bhaari gyaan ki zarurat nahi hai ,non-persuassive,None,0,0,0,0,0,0,0,0,0
data67.png,40 April 'Lockdown Extended fill 40th April in West Bengal' Ya Allah isse bhi aage hota hai kya ,non-persuassive,None,0,0,0,0,0,0,0,0,0
salman238.png,Salman fans before watching Sultan mast move hogi Sultan Maza aayega Salman Fans after watching Sultan Salaa chiken bol k kauwa briyani khilaya. Haha... Sultan isnt upto the mark :P Copy of 7 films : P Salman khan (Y) ,persuassive,Negatively persuasive,0,0,0,0,0,0,0,Satire,Invective
imggg132.png,Amazon prime whole year- After announcing #Mirzapur2 release date- Chand pe hai apun. ,non-persuassive,None,0,0,0,0,0,0,0,0,0
eng289.png,Girls in normal mood girls in selfie mood. ,persuassive,Negatively persuasive,0,Hyperboles,0,0,Irony,0,0,0,0
fiiile128.png,When relatives see you in public with an opposite gender ,non-persuassive,None,0,Hyperboles,0,0,Irony,0,0,0,0
img136.png,"Aata hai, jaata hai, phir waapas aajaata hai ",non-persuassive,None,0,0,0,0,0,0,0,0,0
gay45.png,Oye 'wheat' ko Hindi mein kya kehte hain ??? Gayhoon Tu gay hai? ,non-persuassive,None,0,0,0,0,0,0,0,0,0
img107.png,"I am not interested yaar, Mujhe sunna he nahi hai ",non-persuassive,None,0,0,0,0,0,0,0,0,0
san165.png,Teacher-Internship ke liye college ki degree lena zaroori hai Sanju BaBa -xpert hai na..... ,non-persuassive,None,0,0,0,0,0,0,0,0,0
exa80.png,#Bihar Result NDA supporter be like... mithai baat dijiye khushi ka mahol hai . ,persuassive,Neutral,0,Hyperboles,0,0,0,0,0,0,0
imggg17.png,"Kshmiri Pandits After exides we are going well and settled in rest of India, Kashmiri Muslims 370 badi,we want,4G why J&K in ut. ",persuassive,Neutral,0,0,0,0,0,Analogies,0,Satire,0
salman4.png,"I don't care what you think about me I was a Salman Khan, I am a Salman Fan and I will always be a Salman Fan. No matter what will happen, my love for Salman will always be same. ",persuassive,Positively persuasive,0,0,0,0,0,0,0,0,0
san4.png,Radhey Maa ,non-persuassive,None,0,0,0,0,0,0,0,0,0
eng_file139.png,"You can Insult a Bihari SSR, Pankaj Tripathi, Sanjay Mishra, Aryabhatta, Ashoka, HC Verma, Manoj Bajpayee, Anand Kumar, Rajendra Prasad But you can't match their level ",persuassive,Positively persuasive,0,0,0,0,0,Analogies,0,0,0
img86.png,"""Bole neta ji Maharashtra govt has committed to be in power for 5 years. Shiv Sena works on its Commitments if anyone's feeling joyous over CM's (future friend) remarks, let it be for 3 years, Shiv Sena does not stab anyone in the back. -Sanjay Rout. ",non-persuassive,None,0,0,0,0,0,0,0,0,0
fiiile73.png,When you're having sex and your head keeps slamming into the wall so he puts a pillow up to help you ,persuassive,Neutral,0,0,0,0,0,0,0,0,0
eng_file106.png,Nobody Teachers & students during Corona virus pandemic Abhi to saara karobaar phone par hi chalta hai ,persuassive,Slightly Negatively persuasive,0,0,0,0,0,Analogies,0,0,0
eng264.png,"Good night good n8, gd 98, gd. ",non-persuassive,None,0,0,0,0,0,0,0,0,0
img71.png,Goest to a night club remobes chappal outside. ,persuassive,Neutral,0,0,0,0,Irony,0,0,0,0
salman121.png,Funny meme Aa raha hoon bhe**hod... tu bahar mil.... kabir singh vs Salman Khan,persuassive,Negatively persuasive,0,0,0,0,0,0,0,0,Invective
data98.png,When my best friend purposes his crush. Me: Shabash kachra shabash ,non-persuassive,None,0,0,0,0,0,0,0,0,0
ramdev198.png,Medicine banane mai mera bhut experience hai ,persuassive,Neutral,0,0,0,0,0,0,0,Satire,0
eng235.png,exam hall me koshish kar lo first line puchne ki kisi se bhi... main likh ke deta hu.. koi nahi aayega ,persuassive,Neutral,0,Hyperboles,0,0,0,0,0,0,0
salman197.png,The gap between bhai's hand and her back shows respect sallu offers to female fans ,persuassive,Slightly Positively persuasive,0,0,0,0,0,0,0,0,0
eng541.png,One of the happiest moments when you & your crush wear same colour dress unexpectedly ,persuassive,Neutral,0,0,0,0,0,0,0,0,0
salman211.png,When you're making cold coffee but don't close the dhadkan properly. ,non-persuassive,None,0,0,0,0,0,0,0,0,0
salman100.png,"Your group has ? Bollywood has Salman Khan, Tollywood has Rana Daggubati , Kollywood has chiyaan Vikram. Your Ground has.? Twitter BLB 247 Snapchat: BELIKEBRO.COM belikebro sarcasm meme follow @be like bro. ",non-persuassive,None,0,0,0,0,0,0,0,0,0
fille73.png,Happy Birthday Sushant Singh Rajput Man who took perfiction to another level,non-persuassive,None,0,0,0,0,0,0,0,0,0
eng64.png,ye to apna shayaam hai kya mast body banaya hai re baba aurat ka chakkar babu bhaiya aurat ka chakkar. ,persuassive,Negatively persuasive,0,0,0,0,0,0,0,Satire,0
salman255.png,"Mere baare mein itna mat sochna court mein aata hoon, jail mein nahin... ",non-persuassive,None,0,0,0,0,0,0,0,0,0
fiiile122.png,She: Khao meri qasam cigrette nehi piyo gay. Me: Ok babe promise nehi piu ga. *After break - up in front of her campus* ,persuassive,Negatively persuasive,0,0,0,0,Irony,0,0,0,Invective
exa158.png,Listen what Modiji has to say for Kashmiri Pandits ,non-persuassive,None,0,0,0,0,0,0,0,0,0
meme_1073.png,Mummy... Pet dard  Aur khilo... laddu tu mat sikha gutka khane wale ,persuassive,Slightly Negatively persuasive,0,0,0,0,Irony,0,0,0,0
rhea115.png,"Salman Khan after destroying his enemy career kabhi kabhi lagta hai, apun hi bhagwan hai....! ",persuassive,Neutral,0,Hyperboles,0,0,Irony,0,0,0,0
salman4.png,"I don't care what you think about me I was a Salman Khan, I am a Salman Fan and I will always be a Salman Fan. No matter what will happen, my love for Salman will always be same. ",persuassive,Positively persuasive,0,0,0,0,0,0,0,Satire,Invective
eng491.png,Advantage of having a best friend *Aapko apne Aaspass jaanwaro ki kami meehsoos nahi hogi* ,non-persuassive,None,0,0,0,0,0,0,0,0,0
eng_file212.png,Every chath puja exists.... le non bihari friends:- thekua lana bhul ni jana re... ,persuassive,Slightly Negatively persuasive,0,0,0,0,0,0,Puns_and_wordplay,0,0
rhea128.png,"Breaking news Mahesh Bhatt is liks my father figure, Contery to what people made out of our relationgship aaya Rhea Chakraborty chamgadar ko ulta latkane se morr nhi banta ",persuassive,Negatively persuasive,0,0,0,0,0,Analogies,0,Satire,0
data49.png,Friend : Tune meri itni achi pic pe haha react kyu kiya bey Me: Humare yaha aisa hi hota hai. ,non-persuassive,None,0,0,0,0,0,0,0,0,0
gay0.png,Oye 'wheat' ko Hindi mein kya kehte hain ??? Gayhoon Tu gay hai? ,non-persuassive,Neutral,0,0,0,0,0,0,Puns_and_wordplay,0,0
romann166.png,"When teacher catches me eating lunch during class and says "" class ke bahar murga ban jao"" Then me indicating towards my classmate: Areye bhi to tha wahan. ",non-persuassive,None,0,0,0,0,0,0,0,0,0
fiiile90.png,When u can't control ur population growth so u legalize gay marriage India ,persuassive,Slightly Negatively persuasive,0,0,0,0,Irony,0,0,Satire,0
img23.png,Thappad se daar nahi lagta saab kanyadaan se lagta hai ,persuassive,Slightly Negatively persuasive,0,Hyperboles,0,0,0,0,0,0,0
eng410.png,When kids don't study Inidan mom's reaction - Chappal nikalu kya ,persuassive,Slightly Negatively persuasive,0,0,0,0,0,0,0,Satire,0
eng_file101.png,"When -Your mom is bating you and says ""Agar roya to aur maaroongi"" ",persuassive,Slightly Negatively persuasive,0,0,0,0,Irony,0,0,0,0
salman218.png,"Sister : Physics says, things expand when heated Me : so? Sis : that means, I'm not fat... I 'm Hot calm down calm down",non-persuassive,None,0,0,0,0,0,0,0,0,0
exa150.png,"Bas special state mat manga modi ji dna wali baat hm bhool gaye, aap bhie bhool jaiye. ",persuassive,Neutral,0,0,0,0,0,0,0,Satire,0
eng155.png,If the Harry potter was from India follow tathaagat for more. ,non-persuassive,None,0,0,0,0,0,0,0,0,0
eng622.png,When a new friend tries to be oversmart teri umar ka beta hai mera ,non-persuassive,None,0,0,0,0,0,0,0,0,0
exa219.png,#Pandit to #Shweta #Shwetayourmicison saala saanp ko paal raha tha ,persuassive,Slightly Negatively persuasive,0,Hyperboles,0,0,0,0,0,Satire,0
rhea16.png,CBI officer nupur sen slapped Rhea chakraborty Meanwhile Rhea to Mahesh bhatt Mujhe kaise bhi karke yaha se nikaal mere bhai ,persuassive,Slightly Negatively persuasive,0,0,0,0,0,0,0,Satire,0
eeeng10.png,"The Authority for advance rullings (Karnataka bench): ""Paratha is not roti , must be taxed at 18% GST"". *Roti Aisa kya hai usme jo mujhme nahi hai? ",persuassive,Neutral,0,0,Personification,0,0,0,Puns_and_wordplay,Satire,0
salman38.png,Salman Khan be like ,persuassive,Neutral,0,0,0,0,Irony,0,0,Satire,0
img0.png,"One side love. no calls , no texts, nothing.but there is someone who thinking about you every second. ",persuassive,Slightly Positively persuasive,0,0,0,0,0,0,0,0,0
romann213.png,PR tested positive for covid Bahut galat hua re deva ,non-persuassive,None,0,0,0,0,0,0,0,0,0
fiiile84.png,My only moods (gay judgement) gay fear ,persuassive,Slightly Negatively persuasive,0,0,0,0,Irony,0,0,0,0
meme_750.png,"Dil to sabke pass hota hai, lekin sab dilwale nahi hote books bhi sab ke pass hote hai, lekin sab padhne wale nahi hote ",non-persuassive,None,0,0,0,0,0,0,0,0,0
rhea122.png,*Rhea Chakraborty Says Ready for Arrest* Other B-celebrities Involved: lagta hai g*nd fatne waali hai ,persuassive,Slightly Negatively persuasive,0,0,0,0,0,0,0,Satire,Invective
imggg90.png,This scene has separate fan base Chutiya hai yeh important nahi h hamara ladka hai yeh important hai ,persuassive,Neutral,0,0,0,0,Irony,0,0,0,Invective
romann137.png,"""Kya soch kar aaye the? ke saheb 15 lakh degaa? sabaasi dega ? kyon? ab tu de... GST de!!"" ",non-persuassive,None,0,0,0,0,0,0,0,0,0
salman150.png,Shah Rukh Khan had a affair after marriage Aamir Khan Announce his second divorce best is Salman khan forever Single. ,non-persuassive,None,0,0,0,0,0,0,0,Satire,0
pic351.png,Her Single look is more dangerous Than Rahul Gandhi's Speeches ,persuassive,Neutral,0,0,0,0,0,Analogies,0,0,0
salman231.png,Harshvardhan: Vicky and katrina are in relationship Salman bhai. #Vicky Kaushal #Katrina Kaif # Harshvardhan kapoor #Salman Khan,non-persuassive,None,0,0,0,0,0,0,0,0,0
eng404.png,Sasu Maa: Shadi se pehle maike se khana banana Seekh ke nahi aa sakti thi ? Ladki : oh Pls.. wo mera maika tha koi hotel management ka school nahi. ,persuassive,Neutral,0,0,0,0,Irony,0,0,0,0
imggg69.png,No (CAA) ,persuassive,Neutral,0,0,0,0,0,0,0,0,Invective
romann174.png,me* dono alag alag hote hain kya ? ,persuassive,Neutral,0,0,0,0,Irony,0,0,0,0
eng_file104.png,Voter find their names in dead persons list in bihar polls I guess I'm dead voter. ,persuassive,Slightly Negatively persuasive,0,0,0,0,Irony,0,0,Satire,0
eng520.png,Me to my exams paas kyu aa rahe ho ,non-persuassive,None,0,0,0,0,0,0,0,0,0
romann230.png,"Amit Shah, Narendra Modi and Arun Jaitley while entering the Central Hall today before # GSTRollOut ",persuassive,Neutral,0,0,0,0,0,0,0,Satire,0
eng_file105.png,Pados vali aunty to mummy Bhabiji aap apni beti se khana bnvaya karo varna shadi ke baad kaise bnaegi le me who is watching sninchan- Prblem kya hai bhai ? ,persuassive,Slightly Negatively persuasive,0,0,0,0,0,0,Puns_and_wordplay,0,0
imggg157.png,"*12 years old boy* Ye masturbation kya hota hai-Me- abe baval chij hai, ye ! sara sistam hil jata hai !",persuassive,Negatively persuasive,0,Hyperboles,0,0,0,0,0,0,0
eng426.png,"When your best friend got himself in trouble and when his dad calls you, your are supportive like- all is well ! ",persuassive,Positively persuasive,0,0,0,0,Irony,0,0,0,0
eng538.png,Today's kid despacito! Me when i was kid* Kitne Armaan maad maad maad maad maad maad.... ,non-persuassive,None,0,0,0,0,0,0,0,0,0
img96.png,Maha: Sena MP Demands Special Parliament Session ,non-persuassive,None,0,0,0,0,0,0,0,0,0
san245.png,30 Ka tha... Jab Underworld ne bola ye kya criminal banega.. iska chapter close. ,persuassive,Slightly Negatively persuasive,0,Hyperboles,0,0,0,0,0,Satire,0
fiiile129.png,Everytime a gay person thinks I'm straight so I have to show them that I'm steering the same direction does this feel straight to you? ,persuassive,Neutral,0,0,0,0,Irony,0,0,Satire,0
meme_640.png,Arrey... Maaa Ch*di Padhi Hai.. Arey bhai bhai bhai.... After spending one night In Jail with Aasharaam Salman Khan Blackbuck case ultimate funny meme compilation - YouTube. ,persuassive,Slightly Negatively persuasive,0,Hyperboles,0,0,0,0,0,Satire,Invective
eeeng4.png,Wife ... How much do u love me? Husband....72% wife...why not 100% ? !! Husband...28% GST on * luxurious items...* #Budget 2017,persuassive,Slightly Negatively persuasive,0,0,0,0,Irony,0,0,0,0
eng_file42.png,We should never tell Rohan what has happened in the fam. Or that his brother is adopted Never! We're great at secre! keeping RU guys Mind? I'm standing right here! ,persuassive,Neutral,0,0,0,0,Irony,0,0,0,0
romann167.png,"GST Kya hai? Good night sweet dreams, take care ",non-persuassive,None,0,0,0,0,0,0,0,0,0
eeeng41.png,before GST After GST 28% on cosmetics Indians can relate... Dedicated to GoT fans from India... ,persuassive,Slightly Negatively persuasive,0,Hyperboles,0,0,Irony,Analogies,0,0,0
rhea96.png,With credit card without credit card ,persuassive,Neutral,0,0,0,0,0,Analogies,0,Satire,0
fille3.png,It is Sushant Singh Rajput who made us believe in the character of Mahi M.S. Dhoni (Ticket Collector) Hats off to you love. ,persuassive,Slightly Positively persuasive,0,0,0,0,0,Analogies,0,0,0
eng322.png,"Coffee only once & proved to be too expensive for me"" : Hardik Pandya.",persuassive,Slightly Negatively persuasive,0,Hyperboles,0,0,0,0,0,Satire,0
fille14.png,Sushant Singh Rajput's father files an FIR Againts Rhea Chakraborty for Abetting the suicide of his son hope that the reason behind the Sushant's Death comes out soon. ,non-persuassive,None,0,0,0,0,0,0,0,0,0
data1.png,Kbhi bhi niyam badal sakta hai Sher ki umar jyada h lekin budha nhi hua h abhi tak ab hamko badla lena hai ,non-persuassive,None,0,0,0,0,0,0,0,0,0
imggg33.png,When demanding human rights and freedom for the mselves when asked about kashmiri pandits' rights ,persuassive,Slightly Negatively persuasive,0,0,0,0,Irony,0,0,0,0
romann16.png,That moment when you get your GST cheque. ,persuassive,Neutral,0,0,0,0,0,0,0,Satire,0
eng349.png,Jab bhi mai ghar me akela reheta hu.. sala har aavaj bhoot ki lagti hai... ,persuassive,Slightly Negatively persuasive,0,Hyperboles,0,0,0,0,0,0,Invective
eng363.png,"Tag that friend samosha khayega ?? Nahi , Aaj upvas hai , Bhai meri taraf se hai , meethi chatni daal ke laana.",non-persuassive,None,0,0,0,0,0,0,0,0,0
romann177.png,Jo dushman ki maut par bhi dukhi ho woh hai shree ram ,persuassive,Slightly Positively persuasive,0,0,0,0,0,0,0,0,0
fille67.png,"This is just too sad. Rest in peace , star Sushant Singh Rajput Desi Dank Memes. ",non-persuassive,None,0,0,0,0,0,0,0,0,0
rhea97.png,Her father my crush Me Her ,persuassive,Neutral,0,Hyperboles,0,0,0,Analogies,0,0,0
romann206.png,"Odi ranikig to virat kohli bas yahi tak tha , jo tha. ",non-persuassive,None,0,0,0,0,0,0,0,0,0
ramdev78.png,Patanjali lunches it's medicine 'CORONIL' claims drug can cure corona with in 14 days *Ramdev baba Kabhi Kabhi lagta hai apun hi scientist hai ,persuassive,Neutral,0,Hyperboles,0,0,Irony,0,0,Satire,0
emo39.png,"Samosa bhi khaunga ,Momos bhi khaunga, pani puri bhi , chole bhature bhi , sab kuch khaunga. ",non-persuassive,None,0,0,0,0,0,0,0,0,0
imggg101.png,Kashmiri Pandits : * exists* Sanghis: I can milk you ,persuassive,Slightly Negatively persuasive,0,0,0,0,Irony,Analogies,0,0,0
eng_file60.png,"UP Bihar ke ladko ka dil chahe pyaar mein toote , chahe dosti mein ego se toote, chahe relatives ke taunts se toote ya phir chahe Engineering mein year-back se toote.. phir unka dil UPSC crack karke hi kahin lagta hai !! ",persuassive,Slightly Negatively persuasive,0,Hyperboles,0,0,Irony,0,0,0,0
img25.png,Papa ne bole car denge tumhe nahi mujhe JCB chaiye Mazdoor Salaaa.. ,persuassive,Negatively persuasive,0,Hyperboles,0,0,0,0,0,0,0
img86.png,"""Bole neta ji Maharashtra govt has committed to be in power for 5 years. Shiv Sena works on its Commitments if anyone's feeling joyous over CM's (future friend) remarks, let it be for 3 years, Shiv Sena does not stab anyone in the back. -Sanjay Rout. ",non-persuassive,None,0,0,0,0,0,0,0,0,0
img121.png,"Mujhe Emotionally Todkar, Mazaak Udaya ja Raha hai... ",persuassive,Slightly Negatively persuasive,0,Hyperboles,0,0,Irony,0,0,0,0
meme_1174.png,"Pehle shadi mein dulhan ki tarah sirf dulhan taiyar hoti thi Ab photo upload ke chakkar mein sari girls ""Dulhan"" Ki tarah taiyar hoti hai ",persuassive,Slightly Negatively persuasive,0,Hyperboles,0,0,0,0,0,0,0
img80.png,"Every time you talk to your wife, you should always remind yourself.... 'This conversation will be recorded for training and quality purposes' ",persuassive,Neutral,0,Hyperboles,0,0,0,0,0,0,0
san106.png,"""Tum kya leke aaye the aur kya leke jaoge"" ",non-persuassive,None,0,0,0,0,0,0,0,0,0
romann55.png,"Business, When they lose Input tax credit Galti kiye ",non-persuassive,None,0,0,0,0,0,0,0,0,0
san125.png,Daru piya...? toh ghar jao na Bhen**chod ,persuassive,Negatively persuasive,0,0,0,0,Irony,0,0,0,Invective
eng_file108.png,nalaiq.com Ohh Sh !tt..!! Bina Status Daale hi pizza khaa liya.. ,non-persuassive,None,0,0,0,0,0,0,0,0,0
gay61.png,I Called justin bieber gay he hit me with his purse. ,persuassive,Slightly Negatively persuasive,0,0,0,0,Irony,0,0,Satire,0
fiiile16.png,Main paida hi hot hui thi Gand nahi jala tumhari maa ka. ,persuassive,Negatively persuasive,0,0,0,0,Irony,0,0,0,Invective
salman39.png,Arey... maa ch*di padi hai arey bhai bhai bhai...  Yes I'M Vergin after spending one night in jail with Aasharam. ,persuassive,Slightly Negatively persuasive,0,0,0,0,0,0,0,0,0
data13.png,After trying the dangerous skull breaker chailenge.... ,persuassive,Negatively persuasive,0,0,0,0,Irony,0,0,0,0
img103.png,We can't get married without a dowry... It is the Laaaaaaw,persuassive,Neutral,0,Hyperboles,0,0,0,0,0,0,0
eng192.png,"Me : tmne muje fb par unfriend kyun kiya ? She : mere bf ke pas pasword he mera shayad usne kya hoga, lol Me: sala jalta he mujhse ",persuassive,Slightly Negatively persuasive,0,0,0,0,Irony,0,Puns_and_wordplay,0,Invective
san103.png,Wo larki patane k liye food share karna jaruri hai kya ? ,persuassive,Neutral,0,0,0,0,Irony,0,0,0,0
romann74.png,GST Implemented New India born good night ,persuassive,Neutral,0,0,0,0,Irony,0,0,Satire,0
salman226.png,"Hum tum mein itne ched karenge ki tum confuse ho jaoge ki saans kahan se le, aur padein kahan se! ",persuassive,Slightly Negatively persuasive,0,Hyperboles,0,0,0,0,0,0,0
eng199.png,Savage...! hmm...is it tasty? you wants try? sure: ,non-persuassive,None,0,0,0,0,0,0,0,0,0
salman297.png,Jail dikhata hai Madarjaat! ,persuassive,Slightly Negatively persuasive,0,0,0,0,0,0,0,0,Invective
san234.png,"Did you know ? Anushka Sharma is playing the role of Rajkumar Hirani & Abhijat in the movie Sanju She is playing the role of biographer to whom Sanju revelas his story and asks her to write a book on him, just like in reality Sanjay Dutt narrated his story yo Rajkumar hirani and Abhijat joshi-the screenwriter. ",non-persuassive,None,0,0,0,0,0,0,0,0,0
fille92.png,I've stopped taking myself seriously because noe I understand how ficle my thoughts are. -- Sushant Singh Rajput ,non-persuassive,None,0,0,0,0,0,0,0,0,0
romann210.png,Man.. ao meri man,persuassive,Positively persuasive,0,0,0,0,0,0,0,0,0
eng516.png,Making plans in karan johar movies making plans in Anurag kashyap movies ,persuassive,Slightly Negatively persuasive,0,0,0,0,Irony,Analogies,0,0,0
data22.png,Chinese Restaurant Indian Restaurant Middle-Eastorn Restaurant ,persuassive,Negatively persuasive,0,0,0,0,0,0,Puns_and_wordplay,0,0
imggg15.png,"Kangana Ranaut talking about Ram mandir, Kashmiri pandits, Pok & More things... #Kangana Ranaut Maharashtra People: Are Kahna Kya  Chahte ho ?? ",persuassive,Slightly Negatively persuasive,0,0,0,0,Irony,0,0,Satire,0
meme_548.png,Bhad me jaaye Rally.. Jaldi Bhago Chota Bheem Shuru Hone Wala Hai ,persuassive,Slightly Negatively persuasive,0,0,0,0,0,0,0,Satire,0
fille57.png,"Remembering Sushant Singh Rajput on his birthday His mother passed away 2 month s before his 12th board exams , That some year in 2002 he shood 7th rank in AIEEE started his career with TV serial Pavitr Rishta. One of the best actor bolywood lever had. ",persuassive,Positively persuasive,0,0,0,0,0,0,0,0,0
data9.png,"Mujhe divorce chahiye, mere pati active nahi hai.. Lekin tumhare pati to kabaddi champion hai Yahi to problem hai, sirf touch karke bhag jaate hai ",persuassive,Slightly Negatively persuasive,0,0,0,0,Irony,Analogies,0,0,0
eng_file235.png,Dil ki baatein dil tk hi rkha kro verna block ho jaoge ,persuassive,Slightly Negatively persuasive,Metaphors,0,0,0,0,0,0,0,0
fiiile3.png,Women deserve equal rights and lefts ,persuassive,Positively persuasive,0,0,0,0,0,0,Puns_and_wordplay,0,0
rhea70.png,Paisa gayab roast Rhea Chakraborty. ,non-persuassive,None,0,0,0,0,0,0,0,0,0
eng_file230.png,"""Sarkarein aayengi, sarkarein jaayengi. Magar ye Desh rehna chahiye,"" remembering Atal Bihari Vajpayee ji on his death anniversary. A leader boyond politic al parties . a prime minister beyond excellence and a true son of Bharat Mata. Humble Tributes! ",persuassive,Slightly Positively persuasive,0,0,0,0,0,0,0,0,0
imggg139.png,My books this days be like #Mirzapur 2 jabb v kuch karne jate hain 2 min main dheh jate hain. ,non-persuassive,None,0,0,0,0,0,0,0,0,0
salman300.png,Very few people know that Salman Khan was the inspiration for new I phone's camera design,persuassive,Neutral,0,0,0,0,Irony,0,0,Satire,0
eng_file43.png,"When a bihari guy return to his village from Delhi and start saying 'Mai* instead of *Hum"". Ise kehte hain angrez! ",persuassive,Slightly Negatively persuasive,0,0,0,0,Irony,Analogies,0,0,0
exa43.png,Ate a whole carton of ICE Cream lactose Intolerant ,non-persuassive,None,0,0,0,0,0,0,0,0,0
romann98.png,Bdhai ho chacha @narendramodi GST is here. ,persuassive,Neutral,0,0,Personification,0,0,0,0,0,0
imggg36.png,When you're waiting for friend at Lal chown and he doesnt turn up When your friend is waiting at Lal chowk and but you don't turn up ,persuassive,Slightly Negatively persuasive,0,0,0,0,Irony,0,0,0,0
salman301.png,"Salman Khan says' I am virgin I will save myself for hte one"" Indian Public Ye Badhiya Tha Guru. ",persuassive,Neutral,0,Hyperboles,0,0,Irony,0,0,0,0
imggg15.png,"Kangana Ranaut talking about Ram mandir, Kashmiri pandits, Pok & More things... #Kangana Ranaut Maharashtra People: Are Kahna Kya  Chahte ho ?? ",persuassive,Slightly Negatively persuasive,0,0,0,0,Irony,0,0,Satire,0
eng_file186.png,Me - Building ka naam firoz palace rakhna hai Bihari contractor-arre chinta kahe karte ho lalla *after 5 years* Piroj Place ,persuassive,Slightly Negatively persuasive,0,0,0,0,0,0,Puns_and_wordplay,0,0
meme_716.png,Voting modi by Watching Ads of Gujarat Development Is Like Buying Axe Deo & Expecting Such Blonce Gais Will Get Attracted to U ! ,persuassive,Neutral,0,0,0,0,0,Analogies,0,Satire,0
eng438.png,When you see Aunties and girls wearing backless for a shadi function during winters. Mma hai kya bhosdike mama hai... tereko daar nahi lagta. ,persuassive,Slightly Negatively persuasive,0,0,0,0,Irony,0,0,Satire,Invective
imggg74.png,My parents explaning about my exam results to my relatives: Jab bhi kuch karne jaate hain 2 minute mei dheh jaate hain. ,non-persuassive,None,0,0,0,0,0,0,0,0,0
eng514.png,"Physics viva ekam be like.. how does led hight works? rendu dura cell battery la connect panna work aagun sir.. Uff... tell me SI unit? SI na sub inspector sir, unit aa ...Avar  control in iruka unit nu ninakuran.. ",non-persuassive,None,0,0,0,0,0,0,0,0,0
fiiile93.png,Ladki ko ladka aisa chahiye jo kabir singh jaisa pyaar kare lekin cigarette or daru na piye aise kaise chalgegaa didi. ,persuassive,Slightly Negatively persuasive,0,0,0,0,Irony,0,0,0,0
fiiile64.png,Long distance relationship ,non-persuassive,None,0,0,0,0,0,Analogies,0,0,0
imggg141.png,"yes the rumor is true, #Mirzapur2 trailer has a lot of meme templates members* manadhe idhantha ",non-persuassive,None,0,0,0,0,0,0,0,0,0
img46.png,Ky aneta banega re tu ,non-persuassive,None,0,0,0,0,0,0,0,0,0
fille91.png,Sushant Singh Rajput's this T-shirt had more IQ than whole of the starkids combined ,persuassive,Neutral,0,0,0,0,Irony,0,0,0,0
san185.png,@newt_sch bohot kuch life me ,non-persuassive,None,0,0,0,0,0,0,0,0,0
romann74.png,GST Implemented New India born good night ,persuassive,Neutral,0,0,0,0,Irony,0,0,Satire,0
fiiile63.png,Google maps:* go straight* karan joker: rocking whore. ,persuassive,Negatively persuasive,0,0,0,0,0,0,Puns_and_wordplay,Satire,0
eng393.png,"Ammi to relatives : hum ne kabhi apne bachon ko nahi roka, har cheez apne marzi se karte hain. my Sister ye konse bachon ki baat ho rahi ",non-persuassive,None,0,0,0,0,0,0,0,0,0
fille27.png,Jo bollywood teri mitti song ke nahi balki apna time aayega jaise behude song ko award deta ho kaise maan lun ki wo Sushant Singh Rajpoot ke saath insaaf karta hoga. ,persuassive,Slightly Negatively persuasive,0,0,0,0,Irony,0,0,0,0
ramdev10.png,Patanjali has lunched Covid -19 medicines *Le Indians Abhi maza ayega na bhidu.,persuassive,Neutral,0,Hyperboles,0,0,0,0,0,Satire,0
fille38.png,"Is kartik Aaryan , like Sushant Singh Rajput, To become a target.? ",non-persuassive,None,0,0,0,0,0,0,0,0,0
romann29.png,jab aap galat hote ho ab underground hone ka samay aa gya h. ,non-persuassive,None,0,0,0,0,0,0,0,0,0
salman280.png,Aise kaise bhenchod ,persuassive,Negatively persuasive,0,0,0,0,0,0,0,0,Invective
romann185.png,#GST_MEMES Gst portal not working properly on due date But taxpayer have to pay late fee penalty cheating hai yeeeee ,persuassive,Slightly Negatively persuasive,0,0,0,0,Irony,0,0,Satire,0
romann84.png,When I said nuke the chinese I meant put the take out in the microwave. ,persuassive,Slightly Negatively persuasive,0,0,0,0,Irony,0,Puns_and_wordplay,Satire,0
fille45.png,The time when Shah Rukh Khan invited Sushant Singh Rajput on his show. ,non-persuassive,None,0,0,0,0,0,0,0,0,0
gay63.png,Maaf karna.. gusse me idhar udhar nikal jaata hu ,non-persuassive,None,0,0,0,0,0,0,0,0,0
ramdev63.png,"Baba Ramdev providing ""Coronil"" Medicine ",persuassive,Neutral,0,0,0,0,0,0,0,Satire,0
eng_file204.png,CRUX. How NDA Retained Its Hold Over Bihar ,non-persuassive,None,0,0,0,0,0,0,0,0,0
exa104.png,"I don't Understand people who post pictures with the boyfriend/Girlfriend and caption it as *Mine!"" Humein chahiye bhi nahi, tum hi rakho. ",non-persuassive,None,0,0,0,0,0,0,0,0,0
emo18.png,"When a relative gets something for me, from pardes Me: When mom says 'Thaw aith..pagah lagi paans!"" Me: ",non-persuassive,None,0,0,0,0,0,0,0,0,0
romann106.png,"Hello Mr Xi, welcome to India , Hi Mr Modi, How are you? I am told China is very beautiful, I have been never been there , Realy ? let me show you some pics. ",non-persuassive,None,0,0,0,0,0,0,0,0,0
salman274.png,"Salman Khan is the Iphone of Bollywood. Same acting in every movie. High market value no improvements and blind fan following. Salman Khans ture crusader against Nepotism To fight against this evil system, be decided not to have kids. ",persuassive,Slightly Negatively persuasive,0,0,0,0,0,Analogies,0,0,0
eng_file218.png,Shobhit paroha Pic 1-: Bihari While Preparing for IAS. Pic 2-: Bihari after clearing IAS. ,persuassive,Negatively persuasive,0,0,0,0,0,Analogies,0,0,0
eng61.png,10% cashback on your order 80rs delivery chagres. ,non-persuassive,None,0,0,0,0,0,0,0,0,0
rhea40.png,For Sushant Singh Rajput for Mahest Bhatt Dear boys.... Ankita jaisi ko dil pe Rakho. ,persuassive,Negatively persuasive,0,0,0,0,Irony,0,0,0,0
img51.png,*Feminists Dowry * Feminists Husband's properties after divorce ,persuassive,Negatively persuasive,0,0,0,0,0,0,0,Satire,0
salman147.png,Chal jhootha ,non-persuassive,None,0,0,0,0,Irony,0,0,0,0
fiiile33.png,To be honest I experience same sex attraction ,non-persuassive,None,0,0,0,0,Irony,0,0,0,0
img78.png,Idhar Jio ka network achha hai. ,non-persuassive,None,0,0,0,0,0,0,0,0,0
exa5.png,#Shwetayourmicison Shweta #Pandit ki Ijjat ,persuassive,Slightly Negatively persuasive,0,Hyperboles,0,0,Irony,0,0,Satire,0
eng196.png,"Best memory of school life notes copy karte samay - ""ye ky alikha h bey.."" jo samaj aa rha hai wo likh baaki aise hi ",non-persuassive,None,0,0,0,0,0,0,0,0,0
exa97.png,"Maar to diya tumne Bekasoor tabrez Ansari ko kal uski Aulaad Badla le to ye mat kehna Muslman Aatankwadi hai  Bekasoor to Dr. Narang, Tyagi, Saxena, Gupta, Ramlingam bhi the, faraq ye hai unki aulaad kabhi atankawadi nahi banegi. ",persuassive,Neutral,0,0,0,0,0,0,0,Satire,0
img40.png,We can't get married without a dowry... It is the Laaaaaaw ,persuassive,Neutral,0,Hyperboles,0,0,0,0,0,0,0
eng534.png,Bear grylls- Modi ji yaha jungle me hiran itni kaam kyu hai? Modi ji bhai ka naam suna hai. ,persuassive,Slightly Negatively persuasive,0,0,0,0,0,0,0,Satire,0
data12.png,"Ya allah ab ye bow kahan se lau? har koi bol rha hai ""take a bow Shami "" ",non-persuassive,None,0,0,0,0,0,0,0,0,0
meme_687.png,Ab kya karein ? Congres ka naam BJP Rakhte Hai.. ,persuassive,Neutral,0,0,0,0,0,0,0,Satire,0
imgg25.png,Raat ko unke ghar ke samne ek poster lagaya jata tha. jispe naam likhe hote the ke agla number inka aayega. ,persuassive,Negatively persuasive,0,0,0,0,0,0,0,0,Invective
romann177.png,Jo dushman ki maut par bhi dukhi ho woh hai shree ram ,persuassive,Slightly Positively persuasive,0,0,0,0,0,0,0,0,0
img21.png,Indina parents after their property in order to marry their daughter what did it cost? Everything- ,persuassive,Negatively persuasive,0,0,0,0,0,0,0,Satire,0
salman24.png,When a wetare asks you to read tema and cosdions Intne bhaari gyaan ki zarurat nahi hai. ,non-persuassive,None,0,0,0,0,0,0,0,0,0
romann192.png,Carry's video deleted by youtube memers and fans to youtube- oye!! wapas rakh use This is the right time to react care for carryminati the best  ,persuassive,Slightly Negatively persuasive,0,0,0,0,0,0,0,0,Invective
romann93.png,"Excuse me bhai sahab, Aap bataooge ki Gujarati Khana kaha milega ",non-persuassive,None,0,0,0,0,0,0,0,Satire,0
san174.png,"Hasaan Raazi, Sanju and Now ur: Surgical strike! This man won cur hearts with his performance in these movies one of the finest actors Vicky Kaushal one of the finest actors meme - Hindi Memes. ",persuassive,Slightly Positively persuasive,0,0,0,0,0,Analogies,0,0,0
ramdev118.png,Patanjali claimed they found cure Mazak tha bhai maaf kar do ,persuassive,Slightly Negatively persuasive,0,0,0,0,Irony,0,0,Satire,0
romann60.png,"Tobrez Ansari was lynched on suspician of biko thaft whole loft, media whole community used his clooth for thair propaganda, for victim card, made in international media Yesterday , 3 including 2 sadhus were lynched for rumours of theft , not a single person is concerned, because secularism! ",persuassive,Negatively persuasive,0,0,0,0,0,0,0,0,0
img50.png,"I am not interested yaar, Mujhe suna he nahi hai ",non-persuassive,None,0,0,0,0,0,0,0,0,0
imggg142.png,When you brake up for 25th time with your girlfriend. your friend: Aap Ch*tiya hain ,non-persuassive,None,0,0,0,0,0,0,0,0,0
fille36.png,"These people proved that age,weight, talent, colour Doesn't Matter ",persuassive,Slightly Negatively persuasive,0,0,0,0,0,0,0,Satire,0
exa5.png,#Shwetayourmicison Shweta #Pandit ki Ijjat ,persuassive,Slightly Negatively persuasive,0,Hyperboles,0,0,Irony,0,0,Satire,0
salman181.png,*You need a dandi to play darndiya -I have one *Let's have some majama in my pajama* *Do you want put the 'Ratri in my Navratri. ,persuassive,Negatively persuasive,0,0,0,0,0,0,Puns_and_wordplay,0,0
fiiile69.png,When she asks if your have a condom so you flash a chiken flavored top ramen season packet & slide in rao af ,persuassive,Negatively persuasive,0,0,0,0,0,0,0,0,Invective
gay8.png,"*Middle school gym class* ""Hey pass the ball back"" Me: gay fear. ",persuassive,Slightly Negatively persuasive,0,0,0,0,Irony,0,0,0,0
romann82.png,I bought a red hat made in china and all i got was a stupid president. ,persuassive,Slightly Negatively persuasive,0,0,0,0,0,0,0,Satire,0
gay109.png,Me judging every gay boy's instagram Myhkanos? for summer? Groundbreaking. ,non-persuassive,None,0,0,0,0,0,0,0,0,0
san61.png,""" A man is known by the company he keeps"" - Aesop 's fables # Asaram Verdict "" A man is known by the company he keeps"" -Aesop",persuassive,Positively persuasive,0,0,0,0,Irony,0,0,0,0
salman211.png,When you're making cold coffee but don't close the dhadkan properly. ,non-persuassive,None,0,0,0,0,0,0,0,0,0
ramdev141.png,"Patanjali launches Ayurvedic medicine Coronil for coronavirus Baba ramdev to WHO:- Tum kaha reh gayi, hum kaha phuch gayi. ",persuassive,Neutral,0,0,0,0,0,0,0,Satire,0
eng315.png,Mummy ... pet dard aur khilao... laddu tu mat skha... gutka khane wale ,persuassive,Slightly Negatively persuasive,0,0,0,0,Irony,0,0,0,0
data105.png,"Ye Allah isse bhi aage hota hai kya hota hai, tereko pata nahi hai lekin hota hai ",persuassive,Slightly Negatively persuasive,0,0,0,0,0,0,Puns_and_wordplay,0,0
romann233.png,"Anyone has, question?? Sir, Income tax salary ke kitna hota hai?? beta , income tax tho badi chee hai, teri salary pe tho GST maaf hoga!!! ",non-persuassive,None,0,0,0,0,0,0,0,0,0
exa20.png,"My suboonscious watching me drink almond and soy milk as if it makes up for the fact that i still eat regular cheese, ice cream, and yogurt ",non-persuassive,None,0,0,0,0,0,0,0,0,0
san124.png,"Teacher - plz can someone ipe off the blackboard for me ? First henchers who want to set Impress Mai...merko sab ata hai, mai expet hu ",non-persuassive,None,0,0,0,0,0,0,0,0,0
salman39.png,Arey... maa ch*di padi hai arey bhai bhai bhai...  Yes I'M Vergin after spending one night in jail with Aasharam. ,persuassive,Slightly Negatively persuasive,0,0,0,0,0,0,0,Satire,Invective
salman132.png,#Rea; Cabomet  Ministry of Road transport ,non-persuassive,None,0,0,0,0,0,0,0,0,0
img54.png,"Best UPSE Memes When selected candidates go crazy with dowry demands , during preparing for UPSE Joinging lesnaa after posting selected IAS.  ",persuassive,Neutral,0,Hyperboles,0,0,0,0,0,0,0
salman109.png,"adidas, abibas ",persuassive,Slightly Negatively persuasive,0,0,0,0,Irony,0,Puns_and_wordplay,Satire,0
eeeng31.png,When he heard GST means #Good AndSimple Tax #gstrollcut #GST Tefied. ,persuassive,Neutral,0,0,0,0,Irony,0,0,Satire,0
rhea122.png,*Rhea Chakraborty Says Ready for Arrest* Other B-celebrities Involved: lagta hai g*nd fatne waali hai ,persuassive,Slightly Negatively persuasive,0,0,0,0,0,0,0,Satire,Invective
data2.png,*When quests/relatives visit your house:- Abhi ayega na bhidu ,non-persuassive,None,0,0,0,0,0,0,0,0,0
gay76.png,Once you go curry you don't have to worry Once you go curry you don't have to worry- funny indian I meme.... ,persuassive,Neutral,0,0,0,0,Irony,0,Puns_and_wordplay,0,0
exa40.png,Ya toh zimmedaari uthao desh ko badalne ki ya nikal lo desh ko intolerant bol kar ,persuassive,Slightly Negatively persuasive,0,0,0,0,Irony,0,0,Satire,0
gay85.png,#HighonMX Gf: Baby phone ka pasword batao. Bf: Nahi bataunga ,non-persuassive,None,0,0,0,0,0,0,0,0,0
imggg9.png,When you ask dad to take arts after 12th visudh police laike hi tuma yup rho! ,persuassive,Slightly Negatively persuasive,0,0,0,0,0,0,0,0,Invective
ramdev4.png,Apna to aatank hi khatam ho gaya hai ,persuassive,Neutral,0,0,0,0,0,0,0,Satire,0
fille82.png,"Sushant Singh Rajput's family has decided that Sushant's childhood home (In Rajiv Nagar. patna) will be turned into a memorial his thousands of books, personal telescope, flight simulator and other belongings will be kept there for his fans and admirers. ",non-persuassive,None,0,0,0,0,0,0,0,0,0
imggg69.png,No (CAA) ,persuassive,Neutral,0,0,0,0,0,0,0,0,Invective
imggg105.png,Chutiya hai yeh Important nahi humara ladka hai yeh important hai ,persuassive,Slightly Negatively persuasive,0,0,0,0,Irony,0,0,0,Invective
img90.png,"Police have arrested a woman for allegedly posing as a man and marrying two woman for getting dowry in Nainital The woman created as account on facebook in the name of Krishna Sen in 2013, chatted with several women, and enticed then to marry her. She also beat one of the wives for dowry. ",persuassive,Negatively persuasive,0,0,0,0,Irony,0,0,0,0
romann59.png,Yahi power mujhe bhi chahiye ,non-persuassive,None,0,0,0,0,0,0,0,0,0
img69.png,Stop giving your daughters to beggars,persuassive,Positively persuasive,0,0,0,0,0,0,0,Satire,0
ramdev93.png,"Patanjali launches coronil Ayurvediv drug to cure Covid -19 patents, Ramdev Claims 100% patents recovered in 7 daus, Meanwhile Glenmark: Dukaan jama raha tha. aap log aake berojgar kar die. ",persuassive,Neutral,0,Hyperboles,0,0,0,0,0,Satire,0
ramdev59.png,Patanjali announces dedicine to cure corona scientists all over the world: Asli kaam toh yeh kar rahe hain. hum to bas apni marwa rahe hain ,persuassive,Neutral,0,0,0,0,0,0,0,Satire,0
rhea33.png,"With credit card , without credit card 50 rupya kaat overacting ka",persuassive,Neutral,0,0,0,0,0,Analogies,0,Satire,0
img34.png,When your parents support love marriage but you don't have a partner ,persuassive,Neutral,0,0,0,0,Irony,0,0,0,0
romann12.png,"GST Kya hai ? Good Night, Sweet Dreams, Take Care. ",non-persuassive,None,0,0,0,0,0,0,0,0,0
ramdev110.png,*Le CEO Balkrisha Never meade coronavirus medicine patanjali CEO Balkrishna on 'Coronil' says never claimed it can cure covid Doctor & Scientists Haame maloom hai chal apne baap ko mat sikha. ,persuassive,Slightly Negatively persuasive,0,0,0,0,Irony,0,0,Satire,0
ramdev103.png,Baba Ramdev released Coronil. Le Modiji right now- Ab jaake Aaya mere bechain dil ko Qaraar. ,persuassive,Slightly Negatively persuasive,Metaphors,0,0,0,0,0,0,Satire,0
romann99.png,Aise hi andar ghus gaya.. kuch kar nahi raha ye ,non-persuassive,None,0,0,0,0,Irony,0,0,0,0
fille47.png,Sushant sees kriti on a street. total stranger. kriti says no politely he persists. Kuch to hai tumse raasta consent ka kisko kya pta'  ,persuassive,Neutral,0,0,0,0,Irony,0,Puns_and_wordplay,0,0
rhea10.png,Rhea : Sushant came into my dream last night & asked me to tell the truth kya acting kar rahi hai ,persuassive,Slightly Negatively persuasive,0,0,0,0,Irony,0,0,Satire,0
fiiile67.png,When your boss says you have to work on saturday ,non-persuassive,None,0,Hyperboles,0,0,0,0,0,0,0
rhea80.png,How it started How it's Going,non-persuassive,None,0,0,0,0,0,0,0,0,0
fille74.png,Sushant Singh Rajput's father files an fir againsts Rhea Chakraborty for abetting the suicide of his son hope that the reason behind the Sushant's death comes out soon. ,non-persuassive,None,0,0,0,0,0,0,0,0,0
salman290.png,When has tot his first Ocar. Aisa pehli baar hua hai 18 saalon mein. ,persuassive,Neutral,0,0,0,0,0,0,0,Satire,0
romann155.png,"Journalist : Why has Govt increased GST on alcohol based sanitiser? Le Nirmala Tal: Can't comment, i dont drink alcohol",persuassive,Neutral,0,0,0,0,Irony,0,0,Satire,0
fille89.png,NCB to Rhea: Who all known to you and Sushant were taking drugs? Rhea: Mai Jeb me leke thodi ghoomti hun. ,persuassive,Slightly Negatively persuasive,0,Hyperboles,0,0,0,0,0,0,0
salman174.png,Me after lockdown. when I meet people who avoided work from home giving all possible reasons meri aankhon me to dekh ,non-persuassive,None,0,0,0,0,0,0,0,0,0
romann56.png,Wife ... How much do u love me? Husband....72% wife...why not 100% ? !! Husband...28% GST on * luxurious items...* #Budget 2017,persuassive,Slightly Negatively persuasive,0,0,0,0,Irony,0,0,0,0
eng287.png,"Gym trainer - Bhai jada weight mat utha mar jayega bhosdike... Me- Main nahi marega, nahi marega main. bhagvaan hai apun. ",persuassive,Slightly Negatively persuasive,0,Hyperboles,0,0,0,0,0,0,Invective
fiiile8.png,When a stalkin a guys insta account and u tryna find any hints if he gay or not. ,persuassive,Slightly Negatively persuasive,0,0,0,0,Irony,0,0,0,0
emo51.png,Diddleman : Muhe ladki dekhni ha Nice nice nice me nice. ,non-persuassive,None,0,0,0,0,0,0,0,0,0
romann204.png,What is GST Aija Replied It's a Abbreviation of Good- night sweet dream take care .,non-persuassive,None,0,0,0,0,0,0,0,0,0
imggg25.png,After Breakup:- Her male best friend: Humko join kar lo ,non-persuassive,None,0,0,0,0,0,0,0,0,0
data12.png,"Ya allah ab ye bow kahan se lau? har koi bol rha hai ""take a bow Shami "" ",non-persuassive,None,0,0,0,0,0,0,0,0,0
eng474.png,"After IPL, fans be like mujhe IPL teams ke naam na sunai dete hai na dikhai dete hai, sirf ek mulkh ka naam sunai deta hai..""India"" Indian cricket fans be like : P- Akash.",persuassive,Slightly Negatively persuasive,0,0,0,0,Irony,0,0,0,0
eng188.png,Bro inum 49 days la IPL varuthu... Atha vera yen thambi nyabagam paduthura manasu ellam orae punna iruku. ,persuassive,Neutral,0,Hyperboles,0,0,0,0,0,0,0
eng_file85.png,"There are no words like Hindu or Hinduism in Hindu scriptures. What was the original name of Hinduism? Sanatana Dharma Rightcousess foreever It was Perslans who came to India during 6th century B.C. gave the name Hinduism meaning the "" rellgion of the people who are living near river Indus,"" In persian hte letter H and S are pronaurcord almost the same so they mistake the word sind (Sanskrit name for ",persuassive,Negatively persuasive,0,0,0,0,Irony,0,0,0,0
romann51.png,"Tamil movie prices Bse rate - 150, 28% GST, 10% Ent. tax - 15 , Total 207, Non - Tamil Movies: Base Rate - 150,  28% GST- 42, 20% Ent. tax - 30 Total - 222 Goyyala theatre ku ponaa dhaana da ",persuassive,Slightly Negatively persuasive,0,0,0,0,Irony,0,0,0,0
romann209.png,Friend - bro sometime you say you want to become engineer sometime you say you want to become you tuber why?? *le me I have a multiple passion disorder. ,persuassive,Neutral,0,0,0,0,0,0,Puns_and_wordplay,0,0
san95.png,"Being a boy is not eaxy as it seems to be ! High expectations from family which kills them from inside! Even after giving their best they get criticised by many , They have to leave their passion behind to support their family, Get cheated by girl who they love truly which breaks their heart. ",persuassive,Positively persuasive,0,0,0,0,Irony,0,0,0,0
eng157.png,India ma ch#tiyo ki kami he ke ,persuassive,Negatively persuasive,0,0,0,0,0,0,0,0,Invective
exa115.png,"Kareena Kapoor blessed with a baby boy le karan johar-we will make, kapoor and sons part 20.",persuassive,Neutral,0,0,0,0,0,0,0,Satire,0
ramdev5.png,Tera kaam ho gaya tu ja ,persuassive,Neutral,0,0,Personification,0,0,0,0,Satire,0
meme_1038.png,"eik dost dosre dost se, yaar jab log shadi se itne tang hain to woh shadi hi kyon karte hain. dosra dost bywaqof eql badam khane se nahi bike tohkar kahne se ati hain. ",persuassive,Neutral,0,Hyperboles,0,0,Irony,Analogies,0,0,0
san54.png,"""Vo vote dalne ke, bad ungli dikhana, jaruri hai.... ",non-persuassive,None,0,0,0,0,0,0,0,0,0
romann111.png,I have an army ,non-persuassive,None,0,0,0,0,0,0,0,0,0
salman83.png,Life of Bhai #Blackbuckpoaching case,persuassive,Neutral,0,0,0,0,0,0,0,Satire,0
eng_file25.png,I have more fans than Alia I have an AC ,persuassive,Slightly Negatively persuasive,0,0,0,0,0,0,Puns_and_wordplay,Satire,0
eng524.png,"Hello sir , mai aapki nayi officer hoon ,Office ke pahle din  sir wo mere papa hain ",persuassive,Neutral,0,0,0,0,Irony,0,0,Satire,0
eng447.png,Going into exam hall leaving exam hall ,non-persuassive,None,0,0,0,0,0,0,0,0,0
salman76.png,"I'm virgin metoo , same here, They are telling truth ",persuassive,Negatively persuasive,0,0,0,0,0,0,0,Satire,0
rhea119.png,*6th class chintu made app. software engineer: aisa kheech ke lafa dunga *me with a cs degree. ,persuassive,Slightly Negatively persuasive,0,Hyperboles,0,0,Irony,0,0,0,0
eng_file67.png,When you first bought the toothbrush v/s Toothbrush After using for 3 weeks ,persuassive,Slightly Negatively persuasive,0,0,0,0,0,Analogies,0,0,0
romann112.png,"The south park episoe *band in china,"" which fatingly caused the series to get baneed in chain, was publicly screened by protesters in the streets of Hong Kong South park ' band in china' episode screened in Hong Kong streets after banned series- IGN. ",persuassive,Slightly Negatively persuasive,0,0,0,0,Irony,0,0,0,0
gay56.png,Selfie while driving so gay haindi naman siguro. CTTO #NK Pinas ,non-persuassive,None,0,0,0,0,0,0,0,0,0
eng_file237.png,Tumko pata hai Salman... Kya...?? Hum dono ko ek hi family ne Dhokha diya hai ,persuassive,Slightly Negatively persuasive,0,0,0,0,Irony,0,0,0,0
eng509.png,Aandar tak jayega kya ? bilkul jayega madam apke liye to khada kiya kiya hai Thik hai tho.... Ghuma ke picche se lelo. ,persuassive,Slightly Negatively persuasive,0,0,0,0,0,0,Puns_and_wordplay,0,Invective
fille9.png,Indian's when someone says they're Also Indian's when someone actor commit's sucide out of depression. ,persuassive,Slightly Negatively persuasive,0,0,0,0,Irony,0,0,0,0
imggg121.png,Computer: Press any button to continue Me : *Presses Power button* Computer: Bhosdike ,persuassive,Neutral,0,0,Personification,0,Irony,0,0,0,Invective
romann102.png,Godi papa please bacha lo bahot maar padh rahi hai thaane me I am sorry babu ,persuassive,Slightly Negatively persuasive,0,0,0,0,0,0,0,Satire,0
romann131.png,Agar is dfa tum fail huway to mujhe amma mat kehna On rusult ky ahua ,non-persuassive,None,0,0,0,0,0,0,0,0,0
romann207.png,"What is GST..? Good night, sweet dreams and..? Take care...! ",non-persuassive,None,0,0,0,0,0,0,0,0,0
eng_file245.png,"BJP India India ""Sarkar Aayegi Jayegi, Magar yeh desh rahna chahiye""",persuassive,Slightly Positively persuasive,0,0,Personification,0,0,0,Puns_and_wordplay,0,0
fiiile92.png,Reply nahi karna toh message bhi seen mat kiya karo Zyada bezzati feel hoti hai ,non-persuassive,None,0,0,0,0,0,0,0,0,0
eng_file90.png,"That Moment When Others Did paid marketing to win elections but you made yourself a meme: RJD's Anant Singh retains seat by margin of 35,757 vote in Mokama, Bihar. ",persuassive,Slightly Negatively persuasive,0,0,0,0,Irony,0,0,Satire,0
salman84.png,Best of 2015 laughts!,non-persuassive,None,0,0,0,0,0,0,0,0,0
eng200.png,"2 mins of silence for those 13-17 year girls who think their boyfriends will marry them Don't laugh, at least they're a relationship. not like you and me/ ",persuassive,Slightly Negatively persuasive,0,0,0,0,Irony,0,0,0,0
salman62.png,"Haha! creativel no politics here....just life Credits: Opinion poll , Exitpoll Result. ",persuassive,Slightly Negatively persuasive,0,0,0,0,Irony,0,0,Satire,0
data108.png,When my best friend purposes his crush. Me: Shabash kachra shabash ,non-persuassive,None,0,0,0,0,0,0,0,0,0
eng353.png,jubba kesari ye to kuchh jyaada hi ho gaya ,persuassive,Slightly Negatively persuasive,0,Hyperboles,0,0,Irony,0,0,0,0
eng_file78.png,"9 yo old me going to school on my bday bel like:- Bunty ne 2 chocolate di thi to usko 2 dunga , Rhea ne apne bay p Chocolate nhi di thi English wali ma'am ko bhi 2 chocolates Chocolates dene Rahul ko sath le jaunga. ",non-persuassive,None,0,0,0,0,0,0,0,0,0
eng550.png,Saala aaj tak ek baat samajh nhi aai jisko bhi mobile do vo sidha Gallery men hi kyon ghusta hain ! ,non-persuassive,None,0,0,0,0,0,0,0,0,0
eng359.png,*Tamilans *Hindiass  Come on Ji....learn hindi....! *Tamills * Hindiass you learn man... why me?,persuassive,Slightly Negatively persuasive,0,0,0,0,Irony,0,0,0,0
data5.png,"Serious men meme teplates Aukat mein reh , What an a attitude I can't deal presntlive minds like you , Mai aap ki baat hi nhi kar raha. ",persuassive,Slightly Negatively persuasive,0,Hyperboles,0,0,0,0,0,0,0
romann148.png,When your friend says he hasn't studied aynthing but then asks for an extra sheet ,persuassive,Neutral,0,0,0,0,0,0,0,Satire,0
imggg81.png,"yes , the rumor is true. #Mirzapur2 trailer has a lot of meme templets memers* Manadhe Idhantha. ",non-persuassive,None,0,0,0,0,0,0,0,0,0
fiiile50.png,She : Khao meri qasam cigatette nehi piyo gay. Me: ok babe promise nehi piu ga. *After break-up in front of her campus* ,persuassive,Negatively persuasive,0,0,0,0,Irony,0,0,0,Invective
romann148.png,When your friend says he hasn't studied aynthing but then asks for an extra sheet ,persuassive,Neutral,0,0,0,0,0,0,0,Satire,0
eng471.png,Dad : keha ja rahe ho ? Me : school ja raha hu... extra class hai. dad : jo khel tum ab khel rahe ho. Main yeh khel pehle khel chuka hoon. ,non-persuassive,None,0,0,0,0,0,0,0,0,0
san71.png,"Is just doing awesome job in ""The kapil Sharma Show"" ",non-persuassive,None,0,0,0,0,0,0,0,0,0
eng411.png,"""Noramaly"" When my friends tell me their problems.",non-persuassive,None,0,0,0,0,0,0,0,0,0
salman89.png,Is your relationship going well now with Salman Khan? *Ic reporter* Yess it's going really well. we're playing on having a baby together.. VIa Confused  Love him or hate him but we can't deny the fact that he has an awesome sense of humour. ,persuassive,Neutral,0,0,0,0,Irony,0,0,Satire,0
meme_18.png,"Aise Kaise Bhenchod Salman Khan Mems Went Viral After Salman Khan Gets Bail, Salman.... ",persuassive,Negatively persuasive,0,0,0,0,0,0,0,0,Invective
data81.png,When someone replies to me in english me to google translator: padh toh be kaa likha hai ,non-persuassive,None,0,0,0,0,0,0,0,0,0
eng211.png,Bas life mein kuch aisa karna hai ke uske upar Akshay Kumar movie bana de. ,persuassive,Neutral,0,Hyperboles,0,0,0,0,0,0,0
exa153.png,Tushar... Shweta be like... Sab ko batana padega na ,persuassive,Neutral,0,Hyperboles,0,0,Irony,0,0,Satire,0
fiiile55.png,"When he asks you ""who taught ya that ? "" but it's your first time doing it ",non-persuassive,None,0,0,0,0,Irony,0,0,0,0
emo64.png,Ye apke sath ek chhota sa prank hua hai wo udhar camera ki taraf dekh kar hath hila dijiye. ,persuassive,Slightly Negatively persuasive,0,0,0,0,0,0,0,Satire,0
eng434.png,"Crush enters the class my friends looking at me , my friendly teacher who knows everything my reaction. ",non-persuassive,None,0,0,0,0,0,0,0,0,0
imggg60.png,Kashmiri Pnadits asking for investigation regarding mass killings kya matlab maa chuda lo? ,persuassive,Negatively persuasive,0,0,0,0,Irony,0,0,Satire,Invective
gay65.png,I'm so fucking gay I can't even think straight ,persuassive,Neutral,0,0,0,0,Irony,0,Puns_and_wordplay,0,0
salman244.png,The floor is Indian Law ,persuassive,Neutral,0,0,0,0,Irony,0,0,0,0
salman20.png,dhokaa swabhaav hai mera ,persuassive,Slightly Negatively persuasive,0,0,Personification,0,Irony,0,0,0,0
san177.png,Tu Kitna tez bhag skta hai ,non-persuassive,None,0,0,0,0,0,0,0,0,0
salman61.png,Kya Banana Chate Ho? Xpert ka intern Ban Jayega. ,non-persuassive,None,0,0,0,0,0,0,0,0,0
eeeng13.png,Aliya do you know the full form of GST ? Goodnight sweetdreams takecare,persuassive,Neutral,0,0,0,0,0,0,0,Satire,0
gay7.png,"Barista: We're out of iced coffee, is regular coffee okay? Me: Uh, thanks, but I'a gay. ",non-persuassive,None,0,0,0,0,0,0,0,0,0
imggg113.png,Humare mann mein tumhare liye ijjat aur badh gayi hai ,non-persuassive,None,0,0,0,0,0,0,0,0,0
imggg86.png,"Relatives : Veta tumhare to 10th mei itne ache percent the, 12th mei talent khatam ho gya kya? Me: Talent toh bahot hai par mann nahi kiya. ",non-persuassive,None,0,0,0,0,0,0,0,0,0
romann200.png,Friend : I just can't  understand 'GST'. Can you please explain it to me? me: ,persuassive,Neutral,0,0,0,0,0,0,0,Satire,0
eng_file191.png,I request to all members Binod is just a joke But this time #Jisticefornmalapanta please like and share Bihari Memes ,persuassive,Slightly Negatively persuasive,0,0,0,0,0,0,0,0,0
meme_607.png,Kids Love This Faisal Real Girls Love This Faisal ,non-persuassive,None,0,0,0,0,0,0,0,0,0
data59.png,Hey there wanna buy some chromosomes? I like dark humor memes. ! Embarrassing & funny similar worlds ,persuassive,Negatively persuasive,0,0,0,0,Irony,0,0,0,0
data39.png,* In 2040 * Teacher :- Date of Birth btao... Student :- 2020 Teacher :- Tauba Tauba Tauba... Sara mood kharab kar diya ,non-persuassive,None,0,0,0,0,0,0,0,0,0
fiiile80.png,Papa kya ho jayega agar mai photographer ban bhi gaya toh pahir tu internet lagwayega aur facebook par photography page banayega. ,persuassive,Slightly Negatively persuasive,0,0,0,0,Irony,0,0,0,0
emo7.png,When you're waiding for friend at Lal chowk and he doesnt turn up when your friend is waiting at Lal chowkand but you dont turn up ,persuassive,Slightly Negatively persuasive,0,0,0,0,Irony,0,0,0,0
eng25.png,"Show me the best Simran , I said best, Perfecton. ",persuassive,Slightly Negatively persuasive,0,0,0,0,Irony,0,0,0,0
img92.png,"Cabinet Minister, Ministry of Memes in...  Nothng few people who get afraid when people chant jai Shri Ram, ",persuassive,Neutral,0,0,0,0,0,0,0,Satire,0
exa212.png,"Kashmiri Pandits After exodes we are doing wel and settled in rest of India, Kashmiri Muslims 370 bad, we wnat 4G why J&K is UT. ",persuassive,Neutral,0,0,0,0,0,Analogies,0,Satire,0
exa191.png,Aage ki story suna de shweta ,persuassive,Neutral,0,Hyperboles,0,0,0,0,0,Satire,0
imggg52.png,Dheere dheere seekh rahe ho ,non-persuassive,None,0,0,0,0,0,0,0,0,0
eng344.png,10 Rupey ke pakode palat behen ke lode ,persuassive,Negatively persuasive,0,0,0,0,0,0,0,Satire,Invective
eng44.png,Dinesh kartik seeing vijay shankar bat at no.4 be like ,persuassive,Slightly Negatively persuasive,0,0,0,0,Irony,0,0,0,0
meme_197.png,shadi ke baad tum mujhse pyar nahi krte ab exam clear hone ke bad kon padhta hai yrr ,persuassive,Slightly Negatively persuasive,0,0,0,0,Irony,Analogies,0,0,0
salman106.png,Opinion poll exitpoll result ,persuassive,Slightly Negatively persuasive,0,0,0,0,Irony,0,0,Satire,0
eng215.png,Friend:- bhai bahar jana h koi idea de Me:- ,non-persuassive,None,0,0,0,0,0,0,0,0,0
gay19.png,Uncle... mai ghar... mei paisa hai gaddi... aap do jooo me ladki one jo .. ladki now kumare.. beta ...haf gun...nai danda ...nhai aari dobara call kiya ot maar lunga tumahra..  ,persuassive,Slightly Negatively persuasive,0,0,0,0,0,0,Puns_and_wordplay,0,Invective
salman242.png,#Iharatka tenorr when ladki waley ask . Lakda krta kya hai His parents ,persuassive,Slightly Negatively persuasive,0,Hyperboles,0,0,0,0,0,0,0
san196.png,"Others: ""36 Aayegi, 36 Jayegi par apni wali apni mummy layegi"" Sanju Baba: ""308 Aayegi , 308 Jayegi par Apni Wali apni Mummy Layegi"" ",persuassive,Slightly Negatively persuasive,0,Hyperboles,0,0,0,0,0,Satire,0
eng429.png,Today News Chennai mai student ko thapad marne par teacher par 50 hazar ka jurmana... Backbenchers : Iss hisab se to mere 4-5 crore rupee dub gye... ,non-persuassive,None,0,0,0,0,0,0,0,0,0
romann161.png,"Xi Jinping in chinese newspapers , Xi Jinping in Hong Kong newspapers , Xi Jinping in American Newspapers. ",persuassive,Slightly Negatively persuasive,0,0,Personification,0,0,0,0,Satire,0
eng538.png,Today's kid despacito! Me when i was kid* Kitne Armaan maad maad maad maad maad maad.... ,non-persuassive,None,0,0,0,0,0,0,0,0,0
meme_829.png,"Love marriage be like Aaj khicdi banau ya pulav pahle bana le, fir naam rakhenge ",persuassive,Slightly Negatively persuasive,0,0,0,0,Irony,0,0,Satire,0
imggg30.png,Boss:- What's your plan for the next month ? le project manager:- Matlab Aisa bilkul mmediate nahi soche hai but.. sochenge,non-persuassive,None,0,0,0,0,0,0,0,0,0
romann92.png,"Well, I'm asking you, condie. who is leading china ? ",non-persuassive,None,0,0,0,0,0,0,0,Satire,0
fille29.png,NCB to Rhea:who all known to you and Sushant were taking drugs ? Rhea: Mai jeb me leke thodi ghoomti hun,persuassive,Slightly Negatively persuasive,0,Hyperboles,0,0,0,0,0,0,0
ramdev114.png,"Yolo man!!! hoping the best, waiting for ayush ministry's approval it's a jalwa yahan bhi hoga , wahan bhi hoga ab toh saare jahan mein hoga kya... mera hi jalwa! ",non-persuassive,None,0,0,0,0,0,0,0,0,0
salman170.png,"Ek tha Student Before joining , during coaching in exam after result.",non-persuassive,None,0,0,0,0,0,0,0,0,0
eng593.png,"Tow people fighting others - please dont fight Me - Khopdi tod, Khopdi tod sale ka ",non-persuassive,None,0,0,0,0,0,0,0,0,0
data72.png,After watching #KunalKamraroast Allah maaf kare bahot manhus lag rahe ho mat karo rehne do ,non-persuassive,None,0,0,0,0,0,0,0,0,0
img38.png,"To be honest, I don't even feel bad for my husband when I act crazy anymore I mean he chose this life. ",non-persuassive,None,0,0,0,0,0,0,0,0,0
eng313.png,Being JCB khudai fan Salman: chalo jcb aaya hai khudai dekhte hai ,non-persuassive,None,0,0,0,0,0,0,0,0,0
san216.png,Mom - beta ek kaam karoge ? Me- Nahi  ,non-persuassive,None,0,0,0,0,0,0,0,0,0
eng210.png,Roses are red violets are blue khaa meri kasam ? mar jaayenga tu ,non-persuassive,None,0,0,0,0,0,0,0,0,0
imggg134.png,Remember Radhiya from Mirzapur Ab Intni Gold finger Rehegi toh Babuji tel lagane bolenge hi na. ,non-persuassive,None,0,0,0,0,0,0,0,0,0
rhea0.png,*Rhea Chakraborty Sher ki umar jyada hai lekin budha nahi hua hai abhi ,persuassive,Slightly Negatively persuasive,Metaphors,Hyperboles,0,0,0,0,0,Satire,0
imggg92.png,"Gonna tell my kids: Abey, padai-likhayi mai dhyan lagao. IAS YAS bano.",non-persuassive,None,0,0,0,0,0,0,0,0,0
san37.png,""" A man is known by the company he keeps"" - Aesop 's fables # Asaram Verdict "" A man is known by the company he keeps"" -Aesop",persuassive,Slightly Positively persuasive,0,0,0,0,Irony,0,0,0,0
san200.png,Salman Khan and Asaram Bapu will be in Same Jail Bhai Khatre Meing..!! Bhai Khatre Mein..!! ,persuassive,Slightly Negatively persuasive,0,0,0,0,0,0,0,Satire,0
eng342.png,iphone users outside inside tag an iphone user! ,persuassive,Slightly Negatively persuasive,0,0,0,0,Irony,Analogies,0,0,0
exa61.png,"Shaadi karunga to sirf ""S"" se naam shuru hone waali ladki se Tag Shakshi , Shweta, Shalini or any other ""S"" waali Tag them : P ",persuassive,Slightly Negatively persuasive,0,Hyperboles,0,0,Irony,0,0,Satire,0
romann106.png,"Hello Mr Xi, welcome to India , Hi Mr Modi, How are you? I am told China is very beautiful, I have been never been there , Realy ? let me show you some pics. ",non-persuassive,None,0,0,0,0,0,0,0,0,0
romann201.png,"Teacher: unless there are any other questions, you're free to leave kid:*Raise hand: Rest of the class: ",non-persuassive,None,0,0,0,0,0,0,0,0,0
data60.png,"Techer ; So, Three phase of matter are Solid, liquid and gas. 1st benchers: Sir , you forgot the 4th , plasma last benchers: ya Allah isse aage bhi hota hai? ",non-persuassive,None,0,0,0,0,0,0,0,0,0
romann197.png,"*Raghunandan aap mujhse kuchh bhi puchh sakte hain* *Acha ek qns haI i bet aap sawal kar sakte* *aisa kya hai aap puch li jiye* *GST ka ful form bta dijiye . * Itna easy qns hai yeh , GST ka matlab good night, sweet dreams take care *Aap rehne dijiye aase nhi ho payega. ",non-persuassive,None,0,0,0,0,0,0,0,0,0
eng_file240.png,Kyun krein vichar thike to hai Nitish Kumar Bihar Election. ,persuassive,Negatively persuasive,0,0,0,0,0,0,Puns_and_wordplay,Satire,0
imgg9.png,You sit on a throne of lies ,non-persuassive,None,0,0,0,0,0,0,0,0,0
data37.png,Arab men are abusive!!' Did someone say abu yusef?,persuassive,Negatively persuasive,0,0,0,0,0,0,Puns_and_wordplay,0,0
eng168.png,How much do you lobe me ??? 78.00% why no 100%...? 28% GST on luxurious items..! ,persuassive,Slightly Negatively persuasive,0,0,0,0,0,0,Puns_and_wordplay,0,0
img104.png,Kangana fan arrested for Threatening Sanjay Raut. ,non-persuassive,None,0,0,0,0,0,0,0,0,0
salman51.png,Prem Ratan Dhan Payo ,persuassive,Slightly Negatively persuasive,0,0,0,0,0,0,0,Satire,0
data59.png,Hey there wanna buy some chromosomes? I like dark humor memes. ! Embarrassing & funny similar worlds ,persuassive,Negatively persuasive,0,0,0,0,Irony,0,0,0,0
salman173.png,Saste painter bhoi what he thinks about himself ! and what everyone thinks about him! ,persuassive,Slightly Negatively persuasive,0,0,0,0,0,0,0,Satire,0
romann138.png,Jo main padhta hoo wo exam main nahi aata hai aur jo main nahi padhta hoon wo definitlely aata hai ,non-persuassive,None,0,0,0,0,0,0,0,0,0
romann146.png,When you accidentally type ,non-persuassive,None,0,0,0,0,0,0,0,0,0
romann55.png,"Business, When they lose Input tax credit Galti kiye ",non-persuassive,None,0,0,0,0,0,0,0,0,0
ramdev10.png,Patanjali has lunched Covid -19 medicines *Le Indians Abhi maza ayega na bhidu.,persuassive,Neutral,0,Hyperboles,0,0,0,0,0,Satire,0
san148.png,Sanjay Dutt is like Narendra Modi Both Can't be found at places they need to be ,persuassive,Slightly Negatively persuasive,0,0,0,0,Irony,Analogies,0,Satire,0
fiiile26.png,Leke kyu aaye he? wo zra medical store per ruk gya tha. that smile,non-persuassive,None,0,0,0,0,Irony,0,0,0,0
exa179.png,after seeing #lockdown2021 ri rooh ka parinda phadphadaye. ,persuassive,Neutral,0,0,0,Alliteration,0,0,0,0,0
ramdev28.png,"Dhanda karo toh bada karo purushottam bhai, warna mat karo. ",persuassive,Neutral,0,0,0,0,0,0,0,Satire,0
imggg158.png,Ab * Rahul Gandhi Ji* fir se kahenge me ek *kashmiri Pandit* hu Congress Acha toh lagega na ji... ,persuassive,Neutral,0,0,0,0,Irony,0,0,Satire,0
data56.png,When some girls wanna first but you already married and fear Allah ,persuassive,Slightly Negatively persuasive,0,0,0,0,Irony,0,0,0,0
romann90.png,Change.org Petition to send Donald Trump into Space and Leave Him There. ,persuassive,Slightly Negatively persuasive,0,0,0,0,0,0,0,Satire,0
eng_file193.png,Bihari_ki_memes @Bihar Memes -20s Me : R.D Sharma se sums karne ke baad N Asan Lagegi...... After solving two questions.... Le R.D Sharma-: ka huaa fat gayi gand. ,persuassive,Slightly Negatively persuasive,0,0,0,0,0,0,Puns_and_wordplay,0,Invective
salman60.png,#There was no concept of physics before Salman Khan.,persuassive,Neutral,0,0,0,0,Irony,0,0,0,0
eng_file119.png,"Most Irriitating moment when I call someone Urently. But hear, Corona Caller Tune ",persuassive,Neutral,0,0,0,0,0,0,0,Satire,0
rhea9.png,Mahesh Bhatt toh mere papa jese hain *Mahesh Bhatt Budhapa barbaad bench'd ,persuassive,Negatively persuasive,0,0,0,Alliteration,Irony,0,0,0,Invective
imggg65.png,Kids love saloni bhabhi Means love madhuri bhabhi legend love beena bhabhi ,non-persuassive,None,0,0,0,0,0,0,0,0,0
salman240.png,"Mere bare mein itna mat sochna.. dil mein aata hoon , Samajh mein nahi* -Slaman Khan. Kick ",non-persuassive,None,0,0,0,0,0,0,0,0,0
fiiile35.png,What it's like living with my husband.... ,non-persuassive,None,0,0,0,0,0,Analogies,0,0,0
salman66.png,Misty solved Salman and his driver found ,non-persuassive,None,0,0,0,0,0,0,0,0,0
fille67.png,"This is just too sad. Rest in peace , star Sushant Singh Rajput Desi Dank Memes. ",non-persuassive,None,0,0,0,0,0,0,0,0,0
eng160.png,Agar 1 me 2 dale to kya hota hai....?? ye to apki himmat hai. hamari to ekse hi jaan nikal jati hai ,persuassive,Slightly Negatively persuasive,0,0,0,0,Irony,0,0,0,0
imggg32.png,When Munna gets beaten by Guddu Poori kundali nikaalao uski ,non-persuassive,None,0,0,0,0,0,0,0,0,0
eng403.png,"I love u, kya tum bhi mujhse pyar karti ho ? Apni sakal dekhi hai ha dekhi hai, tabhi to tere pass aaya hun varna deepika padukone ke pass nehi jata. ",non-persuassive,None,0,0,0,0,0,0,0,0,0
eng285.png,** friend giving birthday party** Me: aray bhaishab marche ho rahe hai ,non-persuassive,None,0,0,0,0,0,0,0,0,0
meme_304.png,Late kyu aaye ho ? Wo zra Medical store pe ruk gya tha That Smile ,non-persuassive,None,0,0,0,0,0,0,0,0,0
eng408.png,"Hey alexa, playa song daata lahe mela dil tuhi meli mandil bhotiwali elexta ",non-persuassive,None,0,0,0,0,0,0,0,0,0
fiiile97.png,2 mins of silence for those 13-17 years girls who think their boyfriends will marry them ,persuassive,Slightly Negatively persuasive,0,0,0,0,Irony,0,0,0,0
emo44.png,"""Kyu hila daala na"" ",non-persuassive,Neutral,0,0,0,0,0,0,0,Satire,0
gay129.png,When another gay is hired at our job I'm the fucking Supreme. ,persuassive,Slightly Negatively persuasive,0,0,0,0,0,0,0,0,Invective
fiiile68.png,Me: Nothing can break me. anyone: * I love you 3000* Me: ,non-persuassive,None,0,0,0,0,Irony,0,0,0,0
meme_631.png,GF Vo Hai Jo Aap Ki Saari Aadaton Ko Badal Degi Phir 2 Saal Baad Kahegi Babu Tum Pehle Jaise Nahi Rahe',persuassive,Slightly Negatively persuasive,0,0,0,0,Irony,0,0,0,0
rhea143.png,*Rhea Chakraborty and Mahesh Bhatt whatapp chat leaked* Rhea: Mahesh pakka na bohot time haina hamare pass. ,persuassive,Slightly Negatively persuasive,0,0,0,0,0,0,0,Satire,0
salman140.png,"He is on bicycle! footpaths are safe... I Reapeat, footpaths are safe! ",persuassive,Neutral,0,0,0,0,0,0,0,Satire,0
salman214.png,"Salman Khan after destroying his enemy carrer kabhi kabhi lagta hai , Apun hi Bhagwan hai...! ",persuassive,Neutral,0,Hyperboles,0,0,Irony,0,0,0,0
romann178.png,"Amit Shah, Narendra Modi and Arun Jaitley while entering the Central Hall today before #GST Rolout. ",persuassive,Neutral,0,0,0,0,0,0,0,Satire,0
rhea129.png,"Love marriage , Arranged Marriage ",persuassive,Negatively persuasive,0,0,0,0,0,Analogies,0,Satire,0
salman258.png,Haha creativel no politcs here....just life credits opinion poll exit pool ,persuassive,Neutral,0,0,0,0,Irony,0,0,Satire,0
pic401.png,"It is nether modi's varanasi nor smriti's amethi but It is Rahul 's ""wayanad"" Constituency that has been recognised results in tackling covid-19. the district had no new cases for past congralutatons to the most sincere & disciplined leader, "" Rahul Gandhi"". ",persuassive,Neutral,0,Hyperboles,0,0,0,0,0,Satire,0
data63.png,"Saali - Jeeja ji 500 rupee dedo, mai agle hafte de dungi... Jeeja- Pagli tu 500 nhi 1000, lele par abhi dede.!! ",non-persuassive,None,0,0,0,0,0,0,0,0,0
romann179.png,Kaha hai bhai ? raste mein. kis raste mein? barbadi ke..,non-persuassive,None,0,0,0,0,0,0,0,0,0
rhea100.png,Nobody: E-com webmaster: ek kamaal ka offer hai ,persuassive,Neutral,0,0,0,0,0,0,0,Satire,0
data32.png,Ji mere dono hath aur pair nahi hai kya aap mujse shadi karengi ha kar lungi par aapke wo to hai na? ha ji bilkul hai na usi se to number dial kiya hai ,persuassive,Negatively persuasive,0,0,0,0,Irony,0,0,0,0
salman216.png,Two big mysteries of 2015 why katappa killed Bahubali who was driving Salman's car. ,persuassive,Neutral,0,0,0,0,Irony,0,0,0,0
san104.png,Ek ladki ke sath loyal rehna jaruri hai kya? ,persuassive,Slightly Negatively persuasive,0,0,0,0,Irony,0,0,Satire,0
san119.png,Sukh me peeche rahungi aur dukh me aage ajaungi ,persuassive,Neutral,0,0,0,0,Irony,0,Puns_and_wordplay,0,0
data46.png,When you find a dank meme to send yo your friends ,non-persuassive,None,0,0,0,0,0,0,0,0,0
emo52.png,Sabse chhota joke... yeh kashmir hume dedo...! share it on kar Modi ji at his funny best...:P ,persuassive,Neutral,0,0,0,0,0,0,0,Satire,0
san233.png,One thing is definitely sure with Sanju Baba Biopic You're either going to be a huge fan of Sanjay dutt or Ranbir Kapoor. ,persuassive,Neutral,0,0,0,0,Irony,0,0,0,0
salman44.png,"Mre baare mein itna mat sochna court mein aata hoon, jail mein nahi. ",non-persuassive,None,0,0,0,0,0,0,0,0,0
data45.png,"I LL ask you again Sr! did you, or did you not look at my clent and, in a crowded shopping mall , in front of her children, call her, not onece, but three twes...A ""HO""! ",non-persuassive,None,0,0,0,0,0,0,0,0,0
salman45.png,Crush : I am a big fan of Salman Khan. *Me trying to impress her: Ae gadi start kar ,persuassive,Neutral,0,0,0,0,0,0,0,Satire,0
fiiile53.png,"mangta hoon to deti nahi, jawab meri baat ka. deti ho to khara ho jata hai, rom rom jazbaat ka. kyun kehte ho bar bar daloo mein phool ghulab ka. ",persuassive,Slightly Negatively persuasive,0,0,0,0,0,0,Puns_and_wordplay,0,0
eng_file246.png,when he is from up/bihar but hte doesn't eats gutka kaafi shareef family se belong karta hai ,persuassive,Negatively persuasive,0,0,0,0,Irony,0,0,0,0
eng_file8.png,Girls be like bhaiy golgappe aur spicy banao,persuassive,Negatively persuasive,0,0,0,0,Irony,0,0,0,0
fiiile117.png,"Do din ke bad uski shaadi ho gayi , usko to apun do baje tak piya phir...phir keya hua? phir..phir keya agle din apne mohalle mein JCB aayi.. ",persuassive,Slightly Negatively persuasive,0,0,0,0,0,0,0,0,Invective
salman282.png,I don't know who you are but I'll find you & Remake your film ,persuassive,Neutral,0,0,0,0,Irony,0,0,0,0
meme_424.png,"Wanted Job Opening For Lead Actor- - Race-3, Kick-2, Dabang-3, Bharat, Wanted -2 , Partner-2 , Sher Khan Qualifications - Unmarried , 50 - Yrs. Fair, Minimum 10 Firs Against You, Shirt Removing Habit,Look Alike of Salman Khan Preferred.. ",persuassive,Neutral,0,0,0,0,0,0,0,Satire,0
eng_file249.png,Aise kya dekh raha he petrol pump ki malik haa ,persuassive,Slightly Negatively persuasive,0,0,0,0,Irony,0,0,0,0
fille42.png,That's the problem with new artists. they start but never finish then threre's Rajni sir. he starts one task but finishes two. ,persuassive,Neutral,0,0,0,0,Irony,0,0,Satire,0
imggg47.png,"*Every morning* (me to my alarm) #Mirzapur #morningthout subah-subah na mud to kharab karo mat, thik hai? ",non-persuassive,None,0,0,0,0,0,0,0,0,0
eng_file55.png,"Jadoo teri nazar, Khushboo tera badan Troll Tree Haainn...What? ",persuassive,Neutral,0,0,0,0,0,0,Puns_and_wordplay,0,0
img75.png,Ppa ne bole car denge tumhe nahi mujhe JCB chaiye Mazdoor Salaaa.. ,persuassive,Negatively persuasive,0,Hyperboles,0,0,0,0,0,0,0
exa10.png,Apne logo ko pata ho ya na ho !! dushman jaanta hain ki woh India ke asli hero se lad raha hain !! India is Tolerant fools are not !! ,persuassive,Positively persuasive,0,0,0,0,0,0,0,0,0
meme_1221.png,Sun rahi hai na tu.... Abe usk kaan se haath to hata. ,persuassive,Slightly Negatively persuasive,0,0,0,0,Irony,0,0,0,0
salman290.png,When has tot his first Ocar. Aisa pehli baar hua hai 18 saalon mein. ,persuassive,Neutral,0,0,0,0,0,0,0,Satire,0
romann150.png,"Jewellery mehengi restaurent me khana mehenga beauty parlour jana mehenga mitron ! na khud biwi rakhta hu, na kisiko rakhne dunga.. ",persuassive,Slightly Negatively persuasive,0,0,0,0,Irony,0,0,Satire,0
gay7.png,"Barista: We're out of iced coffee, is regular coffee okay? Me: Uh, thanks, but I'a gay. ",non-persuassive,None,0,0,0,0,0,0,0,0,0
ramdev178.png,"Ministry fo AYUSH and ICMR stops patanjali from advertising #CORONIL trils it's claims are verified and approved Ramdev and Balkrishan right now Dukaan jama raha tha, aap log aake berojgaar kar die. ",persuassive,Neutral,0,0,0,0,0,0,0,Satire,0
romann1.png,"When teacher catches me eating lunch during class and says "" Class ke bahar murga ban jao"" Then me indicating towards my classmate: Are ye bhi to tha wahan ",non-persuassive,None,0,0,0,0,0,0,0,0,0
salman68.png,Misty solved Salman and his driver found ,non-persuassive,None,0,0,0,0,0,0,0,0,0
eng_file184.png,Modiji- Bihar elections kaise jitenge? Sahi khel rha hai tu Datsme pe sare Bihar MLA's ko friend bnalenge ,persuassive,Slightly Negatively persuasive,0,0,0,0,0,0,0,Satire,0
meme_630.png,"Race 3 Crosses 100 Crore Mark Just In 3 Days Even With Flop Talk Hindustan Ki Haw Mein Salman Khan Hai Saheb, Megaatcivity Toh Faila Doge Lekin Inn Collections Ko Kaise Rokoge ? ",persuassive,Neutral,0,0,0,0,Irony,0,0,0,0
eng_file124.png,Tumko pata hai Salman... Kya...?? Hum dono ko ek hi family ne Dhokha diya hai ,persuassive,Slightly Negatively persuasive,0,0,0,0,Irony,0,0,0,0
imggg74.png,My parents explaning about my exam results to my relatives: Jab bhi kuch karne jaate hain 2 minute mei dheh jaate hain. ,non-persuassive,None,0,0,0,0,0,0,0,0,0
gay28.png,My son is gay full movie ,non-persuassive,None,0,0,0,0,0,0,0,0,0
romann47.png,"Teacher checking back benchers papers ye bhi galat hai, ye bhi galat hai , ye bhi galat hai, ye bhi galat hai ",non-persuassive,None,0,0,0,0,0,0,0,0,0
data21.png,When your son's name is Allah Akbar And you lose him at the mall ,non-persuassive,None,0,0,0,0,0,0,0,0,0
san217.png,Mom - beta ek kaam karoge ? Me- Nahi  ,non-persuassive,None,0,0,0,0,0,0,0,0,0
eng599.png,Breakup hurts the most..!! Kabhi papa ne ADIDAS ka bolkar ABIBAS ka kapda pehnaya hai.!! ,persuassive,Slightly Negatively persuasive,0,0,0,0,Irony,0,Puns_and_wordplay,Satire,0
fiiile126.png,When she asks if your have a condom so you flash a chiken flavored top ramen season packet & slide in rao af ,persuassive,Negatively persuasive,0,0,0,0,0,0,0,0,Invective
salman262.png,meri aankhon me to dekh,persuassive,Neutral,0,0,Personification,0,0,0,0,0,0
meme_202.png,Main paida ho hot hui thi Gand Nahi Jala Tumhari Maa Ka. ,persuassive,Negatively persuasive,0,0,0,0,Irony,0,0,0,Invective
romann4.png,"GST kya hai ? Good Night, Sweet Dreams, Take Care. ",non-persuassive,None,0,0,0,0,0,0,0,0,0
gay84.png,The school baby who called my mom gay Me My dad My other dad. ,persuassive,Neutral,0,0,0,0,Irony,0,0,0,0
exa137.png,"Israel isn't a legitimate state Legit meme, Indian context!: Late Stage Capitalism ",persuassive,Negatively persuasive,0,0,0,0,Irony,0,0,0,0
romann207.png,"What is GST..? Good night, sweet dreams and..? Take care...! ",non-persuassive,None,0,0,0,0,0,0,0,0,0
eng161.png,"Make coffee for me No. 25th april 2012, wednessday, at 7:12AM, I asked for a glass of water and you refused !!!! ",persuassive,Neutral,0,Hyperboles,0,0,0,0,0,0,0
eng421.png,Ultimate insult Girl :- Mcdonald's chale ? Boy :- Spelling bolo tabhi jayenge Girl :- 1 kaam karo KFC chalte hai Boy :- KFC ka full form bolo Girl :- Rehne de kutte samosa he khila de ,non-persuassive,None,0,0,0,0,0,0,0,0,0
romann198.png,""" Chehra koi nahi dekhta, dil accha hona chahiye"" koi sense hai is baat ko? hume bahot lag rahi thi uss time ",non-persuassive,None,0,0,0,0,0,0,0,0,0
imggg115.png,Om Birla Hon'ble Speaker Dent's Address. ,non-persuassive,None,0,0,0,0,0,0,0,0,0
eeeng27.png,Bollywood award shows be like: you get an award. you get an asard everyone gets an' award ,persuassive,Slightly Negatively persuasive,0,Hyperboles,0,0,Irony,0,0,0,0
imggg154.png,Mirzapur Season 2 Meme Templates Sher ki umar hai lekin boodha nahi hua h abhi vo Vo bhi theek ho jayegi kabhi bhi niyam badal sakta hai aaphi ka man tha n ,non-persuassive,None,0,0,0,0,0,0,0,0,0
eng23.png,"Govemment Hospital, Govemment School, Govemment Bus, Govemment Job. ",persuassive,Slightly Negatively persuasive,0,0,0,0,Irony,0,0,Satire,0
salman33.png,"When you feel down and out in life went to meet sanjay dutt in jail many times during his worst time , only Salman helped me in when I was in low phase Bobby Deol, Salman would call me very week to check if I'm fine:- Sanjay L Bhansali, "" Salman my divorce, Salman was the one who helped me recoverd soon"" - Aamir Khan.",persuassive,Slightly Negatively persuasive,0,0,0,0,0,0,0,Satire,0
data80.png,OMG Teach me Indian False There are 14 official Innguages in India and 1652 aloge her none of which are named Indian. ,persuassive,Slightly Negatively persuasive,0,0,0,0,Irony,0,0,Satire,0
san188.png,Utha le!!! Are aise kaise utha loon?? 40-50 kilo ki to hogi hi..!!! ,non-persuassive,None,0,0,0,0,0,0,0,0,0
romann16.png,That moment when you get your GST cheque. ,persuassive,Neutral,0,0,0,0,0,0,0,Satire,0
exa49.png,Pata nahi aise situations mein main automatically aage kaise aa jata hoon ,non-persuassive,None,0,0,0,0,0,0,0,0,0
exa182.png,"Modi be like #Electon Results 2019, #Jeetega to Modi Hi # Thuglife Ab ye bol raha hai ki world cup bhi ham leg hi khel lete hain ",persuassive,Neutral,0,0,0,0,0,0,0,Satire,0
rhea117.png,For any kind of black magic contact me. ,persuassive,Slightly Negatively persuasive,0,0,0,0,Irony,0,0,0,0
eng169.png,Jaa kitchen se chhoti plates leke aa... Mummy nahi dikh rahi hai... kaha rakhi hai ? Gaas chalu karke mobile ko aag laga... fir apne aap dikh jaayegi.... ,persuassive,Negatively persuasive,0,Hyperboles,0,0,0,0,0,0,0
eng455.png,How csk starts every IPL how csk ends every IPL 8) ,non-persuassive,None,0,0,0,0,0,0,0,0,0
fiiile86.png,Son I have no problem with you being gay but couldn't you have found a nice indian boy? ,persuassive,Negatively persuasive,0,0,0,0,Irony,0,0,0,0
fille10.png,Actors like Sushant Singh Rajput Prove Bollywood's future is in safe hands ,non-persuassive,None,0,0,0,0,0,0,0,0,0
eng439.png,"Jab khelte samay apki ball samne wali aunty ki balcony mai chali jaye , tab ap saare nibba: ",non-persuassive,None,0,0,0,0,0,0,0,0,0
salman106.png,Opinion poll exitpoll result ,persuassive,Slightly Negatively persuasive,0,0,0,0,Irony,0,0,Satire,0
fiiile102.png,Are you sure yah aapki hi income tax file hai? haan meri hi hai...Aap aise kyon pooch rahe hain. kyonki ismein 69 lakhs ka laundry bill hai.. aru aap kapde pehenti ni... ,persuassive,Slightly Negatively persuasive,0,0,0,0,Irony,0,0,Satire,0
img179.png,Love marriage is Soooo mainstream. ,persuassive,Negatively persuasive,0,0,0,0,0,Analogies,0,Satire,0
eng278.png,"Ladki aur chasme mein kya samanta hai? madam, istemaal ke waqt dono ki taange kholni padti hai BSDK bahar nikal yaha se. ",persuassive,Negatively persuasive,0,0,0,0,0,Analogies,0,0,Invective
exa139.png,Life in 2020: I had be like care of my self all alone no one else. ,non-persuassive,None,0,0,0,0,0,0,0,0,0
fille48.png,"In a interview sushant singh raput said ""nobody invites me to their parties"" He told that bollywood is not accepting him as a family and he fells lettover. ",persuassive,Negatively persuasive,0,0,0,0,Irony,0,0,0,0
romann137.png,"""Kya soch kar aaye the? ke saheb 15 lakh degaa? sabaasi dega ? kyon? ab tu de... GST de!!"" ",non-persuassive,None,0,0,0,0,0,0,0,0,0
img52.png,Porn industry is down because BJP MLAs are not attending assembly ,persuassive,Slightly Negatively persuasive,0,0,0,0,Irony,0,0,Satire,0
img24.png,"Funyula dowry negotiators for hire.. feel free to contact us on FB... on our way to webuye,, our mission and vision is to work best on reducing levels,, yesterday in Ugunja we managed to reduce it from 100k to 15k.. ",persuassive,Neutral,0,0,0,0,0,0,0,Satire,0
emo18.png,"When a relative gets something for me, from pardes Me: When mom says 'Thaw aith..pagah lagi paans!"" Me: ",non-persuassive,None,0,0,0,0,0,0,0,0,0
eng164.png,Vicky kaushal as dad ! how's the diaper? dry sir! ,persuassive,Slightly Negatively persuasive,0,0,0,0,Irony,0,Puns_and_wordplay,0,0
imggg95.png,37 Best Mirzapur Dialogues And Quotes (Mirzapur Season 1/2 Memes Template ) ,non-persuassive,None,0,0,0,0,0,0,0,0,0
imggg124.png,Paresh Rawal Kashmiriyat- Driving out Kashmiri Pandits frm homes Throwing stones at soldiers Providing cover to Terrorists Laughing when pilgrims killed !!!! ,persuassive,Slightly Negatively persuasive,0,0,0,0,0,0,0,Satire,0
rhea79.png,tu bhool gaya hai hume ,non-persuassive,None,0,0,0,0,0,0,0,0,0
eeeng34.png,That sad feeling... when we finally meet .. Monday ,non-persuassive,None,0,0,0,0,0,0,0,0,0
exa189.png,Sad kyun ho ? mere parents mere haath pila karna chahate hai isme bura kya hai tum shaadi ke layak ho gayi ho but mujhe pila rang nehi pasand I love Pink. Galti ho geyi behen. ,non-persuassive,None,0,0,0,0,0,0,0,0,0
eng_file216.png,Atul Singh Shanu Bihar On Fire Salman is a Murderer #CBI Enquiry for Suhsant ,persuassive,Negatively persuasive,0,0,0,0,0,0,Puns_and_wordplay,Satire,Invective
ramdev162.png,Iske paas jo ganja hai woh humko chahiye ,persuassive,Neutral,0,0,0,0,0,0,0,Satire,0
eeeng30.png,GST GST Everywhere ,non-persuassive,None,0,0,0,0,0,0,0,0,0
fiiile15.png,"Aaj itne dino baad tumhari friend ghar aayi , bahot accha laga jeans pehen lo, payjaame mein tumhari khushi saaf nazar aa rahi hai. ",persuassive,Slightly Negatively persuasive,0,Hyperboles,0,0,0,0,0,0,0
rhea140.png,*In leaked chat messages Rhea Chakraborty says to her friend that Bhubaneswar has the best weed ever* Bhubaneswarites: jor jor se bolke sabko scheme bata de ,persuassive,Slightly Negatively persuasive,0,0,Personification,0,0,0,0,0,0
ramdev69.png,Even the doctor on the parrel called out Aaj Tak and Patanjali for advertising during their show. ,persuassive,Neutral,0,Hyperboles,0,0,0,0,0,Satire,0
eng47.png,Can't afford tu buy PUBG from steam so I download android emulator on my laptop and download the apk version Improvise Adapt Overcome. Best PUBG Memes 2019 - let's find the best PUBG funny meme - Video... ,persuassive,Slightly Negatively persuasive,0,Hyperboles,0,0,0,0,0,0,0
img123.png,"NCP-Shivsena, Amith Shah ",non-persuassive,None,0,0,0,0,0,0,0,0,0
eng_file70.png,BIHARI Yungli gaand me de duga ,persuassive,Negatively persuasive,0,0,0,0,0,0,0,0,Invective
fiiile1.png,oye 'wheat' ko Hindi mein kya kehte hain ???,non-persuassive,None,0,0,0,0,0,0,0,0,0
fiiile60.png,Salman 'Tu toh aise der darr darr ke mila rahe hai jisme mere girlfriend ko apni bata raha hai' :P kabhi socha nhi tha ki ek din ye scene sach ho jayega. ,non-persuassive,None,0,0,0,0,Irony,0,0,0,0
meme_442.png,Girls after cooking something at home during quarantine days To sabko dekhana padega na ,persuassive,Slightly Negatively persuasive,0,Hyperboles,0,0,0,0,0,0,0
fille35.png,"A Cambridge phd scholar met Sushant Singh Rajput at Paris airport, thought he was a physicist Namrata Datta said , ' I had no idea was a Bollywood star, I thought he was a physicist studying in finance, the way he was explaining physics was mesmerising."" ",persuassive,Positively persuasive,0,0,0,0,0,0,0,0,0
romann146.png,When you accidentally type ,non-persuassive,None,0,0,0,0,0,0,0,0,0
ramdev124.png,Yahan bhi hoga wahan bhi hoga ab toh saare jahan mein hoga kya mera hai jalwa! tera kaam ho gaya tuja ,persuassive,Neutral,0,Hyperboles,0,0,0,0,0,Satire,0
emo67.png,When someone asks #Sanjay Raut where are you 170 MLA's?? Mai jeb me leke thodi na ghumta hun. ,persuassive,Slightly Negatively persuasive,0,Hyperboles,0,0,0,0,0,Satire,0
eng506.png,"Yeh banda ab tak zinda kaise hai yaar? Ashwothama hai apun, kabhi nahi marega ",non-persuassive,None,0,0,0,0,0,0,0,0,0
img86.png,"""Bole neta ji Maharashtra govt has committed to be in power for 5 years. Shiv Sena works on its Commitments if anyone's feeling joyous over CM's (future friend) remarks, let it be for 3 years, Shiv Sena does not stab anyone in the back. -Sanjay Rout. ",non-persuassive,None,0,0,0,0,0,0,0,0,0
ramdev151.png,PayTm app has been removed from google playstore but no worries Akshay Kumar will soon launch PayPM. ,persuassive,Neutral,0,0,0,0,0,0,0,Satire,0
romann191.png,PM Modi's pariksha pe charcha 2.0 programme ,non-persuassive,None,0,0,0,0,0,0,0,0,0
rhea132.png,"Rhea Chakraborty , Papa raakhi aur saaxy punnu Rhea Chakraborty Memes ",persuassive,Negatively persuasive,0,0,0,0,0,0,0,0,Invective
eng531.png,"When someone ask you that why you become a bhatk? Shuru majburi mein kiye the, ab majja ah raha hai ",persuassive,Slightly Negatively persuasive,0,Hyperboles,0,0,0,0,0,Satire,0
eng_file78.png,"9 yo old me going to school on my bday bel like:- Bunty ne 2 chocolate di thi to usko 2 dunga , Rhea ne apne bay p Chocolate nhi di thi English wali ma'am ko bhi 2 chocolates Chocolates dene Rahul ko sath le jaunga. ",non-persuassive,None,0,0,0,0,0,0,0,0,0
salman150.png,Shah Rukh Khan had a affair after marriage Aamir Khan Announce his second divorce best is Salman khan forever Single. ,non-persuassive,None,0,0,0,0,0,0,0,Satire,0
romann226.png,GST vs Common Man,non-persuassive,None,0,0,0,0,0,0,0,0,0
romann111.png,I have an army ,non-persuassive,None,0,0,0,0,0,0,0,0,0
salman198.png,Isme itne bhari gyaan ki zarurat bilkul nahi hai When you write 2 pages for 2 marks answer Teacher ,non-persuassive,None,0,0,0,0,0,0,0,0,0
san220.png,Woh bahar casualty mein koi marne ki haalat mein raha... toh usko form bharna zaroori hai kya? ,persuassive,Positively persuasive,0,0,0,0,Irony,0,0,Satire,0
salman32.png,The gap between bhai's hand and her back Shows respect Sallu offers to female fans ,persuassive,Slightly Positively persuasive,0,0,0,0,0,0,0,0,0
eng_file75.png,Agar duniya mein electricity na hoti toh TV kaise dekhte ? Simble hai candle. jala ke ,persuassive,Slightly Negatively persuasive,0,0,0,0,Irony,0,0,0,0
eng_file197.png,When a boy gives a rose to his classmate girl *Other jealous girls of the class: Mujhe bhi chaiye... ,non-persuassive,None,0,0,0,0,0,0,0,0,0
emo56.png,Jis race se mujhe nikaalne ki baat kar rahe hai ye bewakoof wo yeh nahi jaante ki iss race ka sikandar mai hoon.. ,persuassive,Slightly Negatively persuasive,0,0,0,0,0,Analogies,0,Satire,0
romann152.png,Pooh banned in china !! Meanwhile in china... does chinese president Xi Jinping = Pooh... ,persuassive,Slightly Negatively persuasive,0,0,0,0,0,0,0,Satire,0
meme_935.png,Dil pregnant sa hogya lagta hai ishq paida honey wala hai waahh BC ,persuassive,Slightly Negatively persuasive,0,0,Personification,0,0,0,0,0,Invective
img89.png,Baat karke toh dekho humse Agr pyaar na ho jaye toh block kar dena. ,non-persuassive,None,0,0,0,0,0,0,0,0,0
fiiile106.png,-How does it feel to be the same sex as Donald Trump? I dunno. how it fell to be the same sex as hitler's mom? ,persuassive,Negatively persuasive,0,0,0,0,0,Analogies,0,Satire,0
imggg123.png,When you become Monitor of the class and a new girl joins your school: #Mirzapur? Jalwa hai hamara yahan ,non-persuassive,None,0,0,0,0,0,0,0,0,0
fille92.png,I've stopped taking myself seriously because noe I understand how ficle my thoughts are. -- Sushant Singh Rajput ,non-persuassive,None,0,0,0,0,0,0,0,0,0
imggg37.png,"Maar to diya tumne Bekasoor tabrez Ansari ko kal uski Aulaad Badla le to ye mat kehna Muslman Aatankwadi hai  Bekasoor to Dr. Narang, Tyagi, Saxena, Gupta, Ramlingam bhi the, faraq ye hai unki aulaad kabhi atankawadi nahi banegi. ",persuassive,Neutral,0,0,0,0,0,0,0,Satire,0
romann140.png,Looking at your syllabus a day before exam be like Tf ye kab add hua  ,non-persuassive,None,0,0,0,0,0,0,0,0,0
romann62.png,Change.org Petition to send Donald Trump into Space and Leave Him There. ,persuassive,Slightly Negatively persuasive,0,0,0,0,0,0,0,Satire,0
gay105.png,gay people be like someone : so how did you meet your boy friend? :) gay person: ,persuassive,Slightly Negatively persuasive,0,0,0,0,Irony,0,0,0,0
eng_file132.png,"Next Level Generation Bohat bura huu na me? dua kro mei marjaon : Dua b ham karen, khud kuch na kama Pablo esko maar 8.28pm ",persuassive,Slightly Negatively persuasive,0,0,0,0,0,0,Puns_and_wordplay,0,0
eng465.png,The fault in our stars fixed it. ,persuassive,Negatively persuasive,0,0,0,0,Irony,0,0,Satire,0
salman3.png,Salman Khan is the iphone of bollywood. same acting in every movie high market value no improvements and blind fan following ,persuassive,Slightly Negatively persuasive,0,0,0,0,0,Analogies,0,0,0
data62.png,"When you see photos of yourself from 5 years ago oh honey, no, what were you thinkin. ",non-persuassive,None,0,0,0,0,0,0,0,0,0
salman122.png,Bollywood stars after using the old age filter. ,non-persuassive,None,0,0,0,0,0,0,0,0,0
salman42.png,When you're making cold coffee but don't close the dhadkan properly. ,non-persuassive,None,0,0,0,0,0,0,0,0,0
san153.png,Kbhi kbhi apne thaarki dosto ko dek kr lgta h yeh saale apni shaadi m bhi dusri ldkiyon ko hi taddenge. ,persuassive,Slightly Negatively persuasive,0,0,0,0,Irony,0,0,0,Invective
romann3.png,When we laugh after seeing memes in mobile *Mom yaen da phone ah paithu sukura.. yaara yaacbum love panryaa daa? *me Love aah??! naan aah??!! ,non-persuassive,None,0,0,0,0,0,0,0,0,0
eng_file130.png,"*Going out to fill water bottle* Friends:- Hum wait hi kar rhe the kab hum bolte bharne jao, aur hum apni bollte humko pkdaya! ",non-persuassive,None,0,0,0,0,0,0,0,0,0
exa54.png,Welcome to the club.. and keep your prize safe.. and thoughts to yourself ,persuassive,Slightly Negatively persuasive,0,0,0,0,Irony,0,0,0,0
romann31.png,"GST kya hai ? Good Night Sweet Dreams, Take Care GST is 'One Tax! If "" Only",non-persuassive,None,0,0,0,0,0,0,0,0,0
exa141.png,"Jab khelte samay aglki ball samne wali aunty ki balcony mai chali jaye, tab ap saare nibba: ",non-persuassive,None,0,0,0,0,0,0,0,0,0
rhea26.png,"Rhea Chakraborty Memes nahi, jouth bol rhi hai, joth bol rhi hai ",persuassive,Slightly Negatively persuasive,0,0,0,0,0,0,0,Satire,0
eeeng30.png,GST GST Everywhere ,non-persuassive,None,0,0,0,0,0,0,0,0,0
meme_437.png,Sun Rahi Hai Na Tu Abe usk kaan se haath to hata ,persuassive,Slightly Negatively persuasive,0,0,0,0,Irony,0,0,0,0
romann241.png,"Salman Khan after destroying his enemy career kabhi kabhi lagta hai, apun hi bhagwan hai...! ",persuassive,Neutral,0,Hyperboles,0,0,Irony,0,0,0,0
fiiile63.png,Google maps:* go straight* karan joker: rocking whore. ,persuassive,Negatively persuasive,0,0,0,0,0,0,Puns_and_wordplay,Satire,0
gay100.png,Son I have no problem with you being gay but couldn't you have found a nice indian boy? ,persuassive,Negatively persuasive,0,0,0,0,Irony,0,0,0,0
img121.png,"Mujhe Emotionally Todkar, Mazaak Udaya ja Raha hai... ",persuassive,Slightly Negatively persuasive,0,Hyperboles,0,0,Irony,0,0,0,0
rhea57.png,She has overacting ka Memes of Rhea Chakraborty and many others. ,persuassive,Slightly Negatively persuasive,0,0,0,0,0,0,0,Satire,0
salman182.png,Deer hunter classic Install ,persuassive,Slightly Negatively persuasive,0,0,0,0,0,0,0,Satire,0
gay21.png,Did you know that 1 out of 3 people are gay? I'm not gay I'm not gay either. ,non-persuassive,None,0,0,0,0,0,0,0,0,0
emo28.png,Knock Knock knockin' on Kashmir's Doors. ,persuassive,Slightly Negatively persuasive,0,0,0,Alliteration,0,0,0,Satire,0
romann78.png,Alia do you know the full form of GST ? Goodnight sweetdreams takecare. ,non-persuassive,None,0,0,0,0,0,0,0,Satire,0
emo36.png,"Mujhse baat krogi to hi m roti khaaunga... Sachhi.....?? Ha, verna 6 pranthe, paneer ki sabzi, Kashmiri pulav, Ice cream or 1 glass doodh peekar bhookha hi so jaunga...!!! ",non-persuassive,None,0,0,0,0,0,0,0,0,0
imggg123.png,When you become Monitor of the class and a new girl joins your school: #Mirzapur? Jalwa hai hamara yahan ,non-persuassive,None,0,0,0,0,0,0,0,0,0
romann89.png,Alia : yar I want to understand this GST to phir aao kabhi haveli pe. ,non-persuassive,None,0,0,0,0,0,0,0,Satire,0
san165.png,Teacher-Internship ke liye college ki degree lena zaroori hai Sanju BaBa -xpert hai na..... ,non-persuassive,None,0,0,0,0,0,0,0,0,0
salman68.png,Misty solved Salman and his driver found ,non-persuassive,None,0,0,0,0,0,0,0,0,0
romann192.png,Carry's video deleted by youtube memers and fans to youtube- oye!! wapas rakh use This is the right time to react care for carryminati the best  ,persuassive,Slightly Negatively persuasive,0,0,0,0,0,0,0,0,Invective
emo30.png,Hurds finger while cutting sabzi' ab tumse kaun shadi karega? ,persuassive,Slightly Negatively persuasive,0,Hyperboles,0,0,0,0,0,0,0
rhea71.png,Sorry Babu :( ,non-persuassive,None,0,0,0,0,0,0,0,0,0
romann59.png,Yahi power mujhe bhi chahiye ,non-persuassive,None,0,0,0,0,0,0,0,0,0
data94.png,Chalti hai kya 9 se 12 is for kids *Real Man Says ,persuassive,Slightly Negatively persuasive,0,0,0,0,0,0,0,0,Invective
romann213.png,PR tested positive for covid Bahut galat hua re deva ,non-persuassive,None,0,0,0,0,0,0,0,0,0
salman69.png,"Aisi koi, jagah nahi jahan me . gaya nahi bhai kabhi sasural gaye ho ? ",persuassive,Neutral,0,0,0,0,Irony,0,0,0,0
salman126.png,"Upinion poll , Exit Pool, Result",persuassive,Slightly Negatively persuasive,0,0,0,0,Irony,0,0,Satire,0
fiiile51.png,maine kaha tha hum jab bhi sex krenge gullak me 10 ruppee dalenge to phir is me 100 rupee ke 2 note kaise aaye har koi tumhari tarah kanjoos nahi hota. ,persuassive,Slightly Negatively persuasive,0,0,0,0,Irony,0,0,0,Invective
eng279.png,"When someone asks ""who's your best friend"" to a group of 3 friends. Agar galat aur bohot galat me se chun na ha toh kise chunenge aap? ",non-persuassive,None,0,0,0,0,0,0,0,0,0
fiiile44.png,Aaj thand bohot jyada hai sonu ko jaldi sula dena ,persuassive,Slightly Negatively persuasive,0,0,0,0,Irony,0,0,0,0
eng_file1.png,Bihari spotted ,persuassive,Negatively persuasive,0,0,0,0,0,0,0,0,Invective
salman283.png,Me while watch race 3 yeh to tatti hai... ,persuassive,Slightly Negatively persuasive,0,0,0,0,0,Analogies,0,0,0
eng_file150.png,Baat the fuck Budbak ,persuassive,Negatively persuasive,0,0,0,0,0,0,0,Satire,Invective
san141.png,One thing is definitely sure with Sanju Baba Biopic you're either going to be a huge fan of Sanjay Dutt or Ranbir Kapoor ,persuassive,Neutral,0,0,0,0,Irony,0,0,0,0
ramdev140.png,*Baba Ramdev made coronil drug to cure corona patients* *le corona Phai apna kaam khallas.,persuassive,Neutral,0,0,0,0,0,0,0,Satire,0
eng511.png,Good mornig babita ji are wahh jetha ji dur se pehchan lete ho aap khade khade Aapka hain hi itne bade bade. ,persuassive,Negatively persuasive,0,0,0,0,0,0,0,0,Invective
salman97.png,Corporate needs you to find the differences between this picture and this picture. They're the same picture. ,persuassive,Neutral,0,0,0,0,0,Analogies,0,0,0
imggg14.png,Computer: press any button to continue Me: *Presses power button* Computer: Bhosdike ,persuassive,Neutral,0,0,Personification,0,Irony,0,0,0,Invective
salman87.png,Itne bhaari gyaan ki zarurat nahi hai ,non-persuassive,None,0,0,0,0,0,0,0,0,0
eng478.png,"Woh din ab dur nahi hai jab movie start hone se pahle dikhaenge main mukesh , mai din me 2 baar maggi khata tha :p ",persuassive,Slightly Negatively persuasive,0,0,0,0,0,0,0,Satire,0
img63.png,Ye aapke sath ek chhota sa prank hua hai wo udhar camera ki taraf dekh kar hath hila dijiye ,persuassive,Neutral,0,0,0,0,0,0,0,Satire,0
imgg8.png,Fighting for minority rights of hindus in kashmir Fighting for minority rights of Muslims in India. ,persuassive,Slightly Negatively persuasive,0,0,0,0,Irony,0,0,0,0
exa133.png,Iski gurantee hum nhi de sakte ,non-persuassive,None,0,0,0,0,0,0,0,0,0
san53.png,Paisa hi paisa hoga ab main akela ni aaunga Pakad Mereko ,non-persuassive,None,0,0,0,0,0,0,0,0,0
data89.png,*The common man hindu muslim ka kya ha.economy unemployment ka baal kar *the nationalist anchor' nahi mujha sri hindu muslim hi sahta. hindu muslim Hindi message hindu muslim. ,persuassive,Slightly Negatively persuasive,0,0,0,0,0,0,0,Satire,0
data94.png,Chalti hai kya 9 se 12 is for kids *Real Man Says ,persuassive,Slightly Negatively persuasive,0,0,0,0,0,0,0,0,Invective
imggg116.png,One month after you get your first internship in a digital marketting firm Saala NPA ban gaye hain hum non perfroming asset. ,non-persuassive,None,0,0,0,0,0,0,0,0,0
gay109.png,Me judging every gay boy's instagram Myhkanos? for summer? Groundbreaking. ,non-persuassive,None,0,0,0,0,0,0,0,0,0
exa142.png,"Me, Answering my boss' question on a concall my wi-fi: I'm not very sure that I would want to take this conversation ahead. ",persuassive,Neutral,0,0,Personification,0,0,0,0,0,0
romann198.png,""" Chehra koi nahi dekhta, dil accha hona chahiye"" koi sense hai is baat ko? hume bahot lag rahi thi uss time ",non-persuassive,None,0,0,0,0,0,0,0,0,0
eng580.png,Kids love this faisal real girls love this faisal ,non-persuassive,None,0,0,0,0,0,0,0,0,0
fiiile50.png,She : Khao meri qasam cigatette nehi piyo gay. Me: ok babe promise nehi piu ga. *After break-up in front of her campus* ,persuassive,Negatively persuasive,0,0,0,0,Irony,0,0,0,Invective
salman129.png,I don't know who you are but I'll find you & remake your film ,persuassive,Neutral,0,0,0,0,Irony,0,0,0,0
ramdev80.png,Patanjali announces first ayurvedic medicine for corona me to baba ramdev: shabash kachara shabash. ,persuassive,Slightly Negatively persuasive,0,0,0,0,Irony,0,0,Satire,0
san39.png,"No one , Literally No One, Le Sanju Baba Yehi ladki mujhe bhi chahiye ",persuassive,Slightly Negatively persuasive,0,0,0,0,0,0,0,Satire,0
data53.png,Vi dekh saamne drop gir raha hai. Jaldi chal ye drop hame hi melega. *After 2 minutes* Bhai tu revive matt kar warna tu bhi pela jayega bhaag yahan se ,non-persuassive,None,0,0,0,0,0,0,0,0,0
eng310.png,"When friend start playing 'luto"" whole group: aurat ban ne ka shauk hai? hain? aurat ban ne ka shauk hai? ",persuassive,Slightly Negatively persuasive,0,Hyperboles,0,0,Irony,0,0,0,0
eng595.png,Shopkeepers Science Bhaiya ye thoda tight hai wash k bd loose hoyega bhaiya ye loose hai wash k bd tight hoyega na ,non-persuassive,None,0,0,0,0,0,0,0,0,0
romann95.png,Bdhai ho chacha @narendramodi GST is here. ,persuassive,Neutral,0,0,Personification,0,0,0,0,0,0
ramdev35.png,Memes i watch before baba Ramdev launch coronil ,persuassive,Neutral,0,0,0,0,0,0,0,Satire,0
salman29.png,Indian momes basically comment who is she? ,non-persuassive,None,0,0,0,0,0,0,0,0,0
img107.png,"I am not interested yaar, Mujhe sunna he nahi hai ",non-persuassive,None,0,0,0,0,0,0,0,0,0
meme_216.png,"Mere Bare mein itna mat sochna court mein aata hoon, jail mein nahin.... ",non-persuassive,None,0,0,0,0,0,0,0,0,0
romann52.png,More than 100 Chinnese Soldieers killed in Galwan Valley : Chinese.... Kreately.in ,persuassive,Slightly Negatively persuasive,0,0,0,0,0,0,0,0,0
meme_897.png,"*Durin Exam* Me : Iska Answer kya tha , kal hi toh padha tha isse My mind : main tera boyfriend tu meri girlfriend , oh mainu ",non-persuassive,None,0,0,0,0,0,0,0,0,0
ramdev57.png,Patanjali invented coronil Ram Dev baba be like: Medicine banane me mera bhut experience hai ,persuassive,Neutral,0,0,0,0,0,0,0,Satire,0
rhea103.png,CBI investigating SSR case mereko toh aisa dhak-dhak horela hai! ,persuassive,Slightly Negatively persuasive,0,0,0,Alliteration,0,0,0,Satire,0
emo70.png,I bet he is thinking about govt. formation Subah ke tweet ke liye koi sher nahi aa raha dimag mein ,persuassive,Slightly Negatively persuasive,0,0,0,0,Irony,0,0,Satire,0
ramdev29.png,Iske paas jo ganja hai woh humko chahiye ,persuassive,Neutral,0,0,0,0,0,0,0,Satire,0
fille52.png,The Art. The Artist. ,non-persuassive,None,0,0,0,0,0,0,0,0,0
imggg17.png,"Kshmiri Pandits After exides we are going well and settled in rest of India, Kashmiri Muslims 370 badi,we want,4G why J&K in ut. ",persuassive,Neutral,0,0,0,0,0,Analogies,0,Satire,0
eng_file28.png,"Me in weddings: Sabse pehle kya khau? Mini dosa ya manchuriyan? Nahi , yaar pahle e noodles se start krta hu, Sbse pehle pani puri khata hu khatam na ho jaye. ",non-persuassive,None,0,0,0,0,0,0,0,0,0
meme_944.png,"Somasa Khayega ? Nahi, Aaj Upvas Hai Mera Bhai mere taraf se hai Meethi chatni Dal ke laana. ",non-persuassive,None,0,0,0,0,0,0,0,0,0
ramdev109.png,Apna to aatank hi khatam ho gaya hai ,persuassive,Neutral,0,Hyperboles,0,0,0,0,0,Satire,0
gay25.png,Sima maa ne aaj fir se lauki ki sabji bana di.. aisa nahin ho sakta..!! tum hamare saath aisa kabhi. ,non-persuassive,None,0,0,0,0,0,0,0,0,0
gay133.png,*Suddenly electricity goes off in school* everyone in classroom: AVAVAVAVAAVAVAV,non-persuassive,None,0,0,0,0,0,0,0,0,0
romann11.png,Kids love sales tax mens love service tax only legends love GST ,non-persuassive,None,0,0,0,0,0,0,0,0,0
eng_file142.png,Dad: What did you get on your blood test? Me: I got a B Dad: When I was your age I got an A+Me:but... Dad today you have proved that you are not my blood.  ,non-persuassive,None,0,0,0,0,0,0,0,0,0
eng_file57.png,When she says egyarah instead of gyarah Oo lagdi Bihar di aa ,persuassive,Slightly Negatively persuasive,0,0,0,0,0,0,0,Satire,0
romann168.png,GST Government say thanks! ,persuassive,Neutral,0,0,0,0,0,0,0,Satire,0
exa177.png,Manoj Goswami * Second day at gym * Trainer: Paisa Laya? ,non-persuassive,None,0,0,0,0,0,0,0,0,0
romann131.png,Agar is dfa tum fail huway to mujhe amma mat kehna On rusult ky ahua ,non-persuassive,None,0,0,0,0,0,0,0,0,0
salman17.png,I don't know who you are but I'll find you & remake your film ,persuassive,Neutral,0,0,0,0,Irony,0,0,0,0
eng_file31.png,10th Pass kar li hai..? Yes... Aur Science bhi le li.. Nahi Leni Thi ,persuassive,Slightly Negatively persuasive,0,0,0,0,Irony,0,0,0,0
gay134.png,Hollywood: we'll code our villains as gay so the kids:*grow up to find villains interesting and sexy* Hollywood: ,persuassive,Negatively persuasive,0,0,0,0,Irony,0,0,0,0
img8.png,Mr. Sanjay Raut wrote such nonsense just to support acharya atre's words London Should be in India,persuassive,Slightly Negatively persuasive,0,0,0,0,Irony,0,0,Satire,0
rhea106.png,Rhea Chakraborty requestes Amit Shah for CBI Investigation in to Sushant Singh Rajput's death,persuassive,Slightly Negatively persuasive,0,0,0,0,Irony,0,0,Satire,0
san49.png,UP Police media Han apun ne check kiya jo ukhadna hai ukhadlo. ,persuassive,Negatively persuasive,0,Hyperboles,Personification,0,0,0,0,Satire,0
eng179.png,"Sad kyun ho? mere parents mere haat pila karna chahate hai isme bura ky ahai tum shaadi ke layak ho gayi ho , but mujhe pila rang nehi pasand i love pink galti ho geyi behen",non-persuassive,None,0,0,0,0,0,0,0,0,0
eng195.png,When i secretly read my friend 's fb conversations & realise ladki patane ke liye kuch bhi kar sakta hai ye ,persuassive,Neutral,0,Hyperboles,0,0,0,0,0,0,0
ramdev5.png,Tera kaam ho gaya tu ja ,persuassive,Neutral,0,0,Personification,0,0,0,0,Satire,0
rhea142.png,The girlfriend you want The girlfriend you get ,persuassive,Neutral,0,0,0,0,0,Analogies,0,0,0
eng_file117.png,Some - mai tumhe samajh sakta hu ! ? :me Toh jujhe b smjha do ,non-persuassive,None,0,0,0,0,0,0,0,0,0
gay30.png,Pls don't sir tip? Kabhi bhi vicks jagake muth marne ki koshish maat karna ,persuassive,Negatively persuasive,0,0,0,0,0,0,0,0,Invective
exa89.png,"Hence Proved SRK Chak de India, Salman Sultan, Aamir Dangal Bhai is born to break rules Helmet kahaan hai bhai ? ",persuassive,Slightly Negatively persuasive,0,0,0,0,Irony,0,0,Satire,0
eng471.png,Dad : keha ja rahe ho ? Me : school ja raha hu... extra class hai. dad : jo khel tum ab khel rahe ho. Main yeh khel pehle khel chuka hoon. ,non-persuassive,None,0,0,0,0,0,0,0,0,0
emo58.png,Me after installing VPN: me Han apun ne cheating kiya jo ukhadna hai ukhad le J&K Government ,persuassive,Slightly Negatively persuasive,0,0,0,0,0,0,0,Satire,Invective
rhea114.png,*In leaked chat messages Rhea Chakraborty says to her friend that Bhubaneswar has the best weed ever* Bhubaneswarites: jor jor se bolke sabko scheme bata de ,persuassive,Slightly Negatively persuasive,0,0,Personification,0,0,0,0,0,0
rhea23.png,with credit card without credit card chachi 840 chachi 420.,persuassive,Neutral,0,0,0,0,0,Analogies,0,Satire,0
exa144.png,Bandey hain hum India ke hum pe kiska zor In tolerance ke baadal nikle chaaron ore. ,persuassive,Neutral,0,0,0,0,0,0,0,Satire,0
eng_file135.png,I'm online 24x7 Doesn't mean I'm ,non-persuassive,None,0,0,0,0,0,0,0,0,0
san136.png,Pyasaram baapu se :d bechna ae haseeno ,persuassive,Negatively persuasive,0,0,0,0,0,0,Puns_and_wordplay,Satire,0
salman87.png,Itne bhaari gyaan ki zarurat nahi hai ,non-persuassive,None,0,0,0,0,0,0,0,0,0
ramdev79.png,"Bhai, yeh toh shuru hote hi khatam ho gaya ",non-persuassive,None,0,0,0,0,0,0,0,0,0
salman43.png,*After watchin saaho* haath jod kar gujarish hai aapse dur rahiye mere bete se ,persuassive,Neutral,0,0,0,0,0,0,0,Satire,0
fiiile65.png,What it's like living with my husband.... ,non-persuassive,None,0,0,0,0,0,Analogies,0,0,0
meme_712.png,"What If Digvijay Singh, Manish Tiwari And Manishankar Ayyar Are Actually Rss Members And They Re Making Congress Look Like Idiots On Purpose. ",persuassive,Slightly Negatively persuasive,0,0,0,0,0,0,0,Satire,0
ramdev84.png,"Patanjali Takes U- Tum , Says Never Claimed Coronil Cures Coronavirus Harami manus 2 din main palat gaya. ",persuassive,Slightly Negatively persuasive,0,Hyperboles,0,0,Irony,0,0,Satire,0
salman222.png,Hum yahan ke Robinhood hai... Robinhood Pandey! ,non-persuassive,None,0,0,0,0,0,0,0,0,0
eng_file190.png,Teacher : Chand kitni durr hai...? Me : Sir Seven Bench Aage Me : Sir Seven Bench Aage Me 7hench aage wali likki ,persuassive,Neutral,0,0,Personification,0,0,0,0,0,0
eng338.png,Misbah -UL - Haq is a RAW agent. He stays till the end in all crucial matches against India to make sure pakistan don't win *Conspiracy Theory* ,persuassive,Slightly Negatively persuasive,0,0,0,0,Irony,Analogies,0,0,0
eeeng32.png,When Someone tries explaining GST to you Arrey kehna kya chahte ho? GST Roll Out ScoopWhoophumor ,non-persuassive,None,0,0,0,0,0,0,0,0,0
data67.png,40 April 'Lockdown Extended fill 40th April in West Bengal' Ya Allah isse bhi aage hota hai kya ,non-persuassive,None,0,0,0,0,0,0,0,0,0
salman239.png,When a website asks you to read terms and Conditions Itne bhaari gyaan ki zarurat nahi hai. ,non-persuassive,None,0,0,0,0,0,0,0,0,0
eng_file36.png,Reality of Bollywood Starkids Talented Actors. ,persuassive,Slightly Negatively persuasive,0,0,0,0,Irony,0,0,0,0
fille19.png,Breaking Sushant Singh Rajput has committed suicide. Reason is still unknown. WTF is going on. This can't be true. ,non-persuassive,None,0,0,0,0,0,0,0,0,0
fiiile52.png,"*Middle school gym class* ""Hey pass the ball back"" Me: gay fear ",persuassive,Slightly Negatively persuasive,0,0,0,0,Irony,0,0,0,0
rhea121.png,"Desh bada raha hai DDLJ in 1995, Sadma in 1983, Jalebi in 2018 Aage badh raha hai ",persuassive,Slightly Negatively persuasive,0,0,0,0,Irony,0,0,0,0
imggg58.png,People mispronouncing common English words Grammar nerds- Zinda pakadna hai B*sdiwalon ko. ,persuassive,Neutral,0,0,0,0,0,0,0,0,Invective
fille44.png,When backbencher do assignment for the first time. *Teacher: ,non-persuassive,None,0,0,0,0,0,0,0,0,0
salman236.png,Iaw is law but... salman is salman,persuassive,Neutral,0,0,0,0,0,0,0,Satire,0
fiiile47.png,"Nibba - mat ro baby , 3 may ko to milna hi hai hamko.. *Modi ji- ",non-persuassive,None,0,0,0,0,Irony,0,0,Satire,0
rhea105.png,In case you want to know exactly what #Rhea Chakraborty did last night in jail. Inian #media won't disappoint you. karvaten badalte rhe saari raat ham jele men kaise kati Rhea Chakraborty ki raat? jail men kaise biti Rhea ki raat? Rhea raatbhar karvaten badalti rahi.,persuassive,Negatively persuasive,0,0,0,0,0,0,Puns_and_wordplay,0,0
ramdev119.png,"Baba Ramdev launched coronil scientists and WHO: Bhai Bhai Batana, Bhai Batana Please.",persuassive,Neutral,0,0,0,Alliteration,Irony,0,0,Satire,0
romann69.png,Jin what sapp group ka daily turnover 20 messages se adhik hai. ve sabhi july 1 se GST k Daiyre mein maine jaenge!! ,non-persuassive,None,0,0,0,0,Irony,0,0,0,0
romann243.png,"Arshad warsi wins best actor awards for Asur web-Weries! Congraluations Arshad , A well deserved Award. ",persuassive,Slightly Positively persuasive,0,0,0,0,0,0,0,0,0
exa148.png,Voting modi by watching ads of gujrat development is like buying axe deo & expecting such blonde gals eill get attraceted to u ! ,persuassive,Neutral,0,0,0,0,0,Analogies,0,Satire,0
salman168.png,Salman Khan and Bail still a better love story than 'Jab harry met Sejal' ,persuassive,Neutral,0,0,0,0,Irony,0,0,0,0
eng331.png,"Subah neend aati hai, din mai bhi aati, raat mai bhi aati hai, har waqt aati hai kabhi kabhi lagta hai apun hi kumbhkaran hai ",persuassive,Neutral,0,Hyperboles,0,0,0,Analogies,0,0,0
romann171.png,"Aur batao ! kya tum bhi gst ka matlab G:- Good Night, S- Sweet dreams, T- Take care samajhte ho? ",non-persuassive,None,0,0,0,0,0,0,0,0,0
exa223.png,Pandit calling Shweta for meeting after #Shwetayour micison #Shweta zoom call #pandits Aayega na? Darega toh nahi. ,persuassive,Slightly Negatively persuasive,0,Hyperboles,0,0,Irony,0,0,Satire,0
meme_560.png,Bhad me jaaye Rally.. Jaldi Bhago Chota Bheem Shuru Hone Wala Hai ,persuassive,Slightly Negatively persuasive,0,0,0,0,0,0,0,Satire,0
san74.png,Radhe maa is Govinda of Godmen ,persuassive,Slightly Negatively persuasive,0,0,0,0,0,Analogies,0,Satire,0
salman87.png,Itne bhaari gyaan ki zarurat nahi hai ,non-persuassive,None,0,0,0,0,0,0,0,0,0
eeeng35.png,14 years old nibbi She how much do you love me he:82% She : Why not 100% He : 18% GST tax on luxrious items 14 years old nibbi. ,persuassive,Negatively persuasive,0,0,0,0,Irony,0,0,0,0
salman68.png,Misty solved Salman and his driver found ,non-persuassive,None,0,0,0,0,0,0,0,0,0
salman107.png,"Etna bada ho gayi ho, biyah nahi hua hai tumhara? ",persuassive,Slightly Negatively persuasive,0,0,0,0,Irony,0,0,Satire,0
ramdev169.png,"Put mustard oil through nose, corona will flow into stomach, die in acid; Ramdev Then  Coronavirus treatment : Ramdev's Patanjali launches Coronil kit for rs 545 Now tu bohot badal gaya hai re baba... ",persuassive,Neutral,0,0,Personification,0,0,0,0,Satire,0
img38.png,"To be honest, I don't even feel bad for my husband when I act crazy anymore I mean he chose this life. ",non-persuassive,None,0,0,0,0,0,0,0,0,0
ramdev155.png,Apna to aatank to khatam ho gaya hai ,persuassive,Neutral,0,0,0,0,0,0,0,Satire,0
meme_860.png,Bhai dhokha ho gya dhoka...!! Kaise bhai kya hua??? Ghar se hooks ke liye paise mangwaye the ghar walon ne books hi bhej di..!! ,non-persuassive,None,0,0,0,0,0,0,0,0,0
fiiile127.png,Me: we're gonna have to perform a cavity search he: but the detector didn't even- Me: maim it's just protocol ,non-persuassive,None,0,0,0,0,Irony,0,0,0,0
data18.png,Duniya Pe hoga mera Raaj Ye toh apna Raju Hai re baba.. ,non-persuassive,None,0,0,0,0,0,0,0,0,0
romann158.png,Being broke because of demoneasation is so last year Being broke through GST is the new swag. ,persuassive,Slightly Negatively persuasive,0,0,0,0,Irony,0,0,Satire,0
romann11.png,Kids love sales tax mens love service tax only legends love GST ,non-persuassive,None,0,0,0,0,0,0,0,0,0
fille56.png,Sushant Singh Rajput dog fudge is no more !! he stopped eating too. couldn't bear the pain of the loss of his owner. ,non-persuassive,None,0,0,0,0,0,0,0,0,0
data106.png,"Hume toh apno ne loota, gairo me kaha dam tha Dost bhi aise mile, Jin chutiyo ke pass dimag kam tha ",non-persuassive,None,0,0,0,0,0,0,0,0,0
data39.png,* In 2040 * Teacher :- Date of Birth btao... Student :- 2020 Teacher :- Tauba Tauba Tauba... Sara mood kharab kar diya ,non-persuassive,None,0,0,0,0,0,0,0,0,0
img89.png,Baat karke toh dekho humse Agr pyaar na ho jaye toh block kar dena. ,non-persuassive,None,0,0,0,0,0,0,0,0,0
san131.png,Subject kuch bhi mehsoos nahi kar sakta.. he's dead inside ,non-persuassive,None,0,0,0,0,0,0,0,0,0
eng_file126.png,"GF Banauga to srif.. A,R or P naam wali ladki ko ",non-persuassive,None,0,0,0,0,0,0,0,0,0
eng_file5.png,Le chalo ise 'kaali pahadi' ke peeche! ,non-persuassive,None,0,0,0,0,0,0,0,0,0
img26.png,Ladki wale: laxmi ki ke kripa se pasia toh itna hai ki dhanteras pe aap hi ki dukaan khareed se aap hi ko gift karde family who still take dowry stonks. ,persuassive,Neutral,0,Hyperboles,0,0,0,0,0,Satire,0
romann160.png,"Amit Shah, Narendra Modi and Arun Jaitley while entering the Central Hall today before #GST Rolout. ",persuassive,Neutral,0,0,0,0,0,0,0,Satire,0
eng_file137.png,"Oh pata nhi ji konsa nasha karta h *NCB Hum karte he pata , Aap chinta mat kijiye ",non-persuassive,None,0,0,0,0,0,0,0,0,0
exa102.png,What made you leave India and come here in Afghanistan...?? In India Finaly Arfa Khanum meeting with the Good Taliban' ,persuassive,Slightly Negatively persuasive,0,0,0,0,0,0,0,Satire,0
romann222.png,Middle class people after seeing budget Are Chuna Laga gaya re. ,persuassive,Neutral,0,0,0,0,0,0,0,Satire,0
salman17.png,I don't know who you are but I'll find you & remake your film ,persuassive,Neutral,0,0,0,0,Irony,0,0,0,0
salman26.png,Dear haters who are questioning his acting... first try to give this look in front of camera & 30-40 crew members then we will a debate on acting. ,persuassive,Slightly Positively persuasive,0,Hyperboles,0,0,0,0,0,0,0
ramdev188.png,Coronil ? Oxygen ? Vaccine?  Kya baat kar rahe ho baba chalo chup chaap juice peelo ,persuassive,Neutral,0,0,0,0,0,0,0,Satire,0
gay128.png,"Save the girl child... or else 25 years later ur sun will bring home a man and say ""Asha to mili nahi Ashish ko hi le aya..."" ",persuassive,Slightly Negatively persuasive,0,0,0,0,Irony,0,0,Satire,0
img85.png,Main tumhari girlfriend nahi hoon par...  I can be your half girlfriend Toh... aao kabhi haveli pe. ,non-persuassive,None,0,0,0,0,0,0,0,0,0
gay98.png,Parents:*senda son away to an only - boys school* The son who is gay: ,persuassive,Negatively persuasive,0,0,0,0,Irony,0,0,0,0
rhea80.png,How it started How it's Going,non-persuassive,None,0,0,0,0,0,0,0,0,0
gay104.png,When you're taking a shower and you near your roommate celebrating the decriminallration of gay sex naked and afraid. ,persuassive,Slightly Negatively persuasive,0,0,0,0,Irony,0,0,0,0
san48.png,Akkha public ko Maalum hai kaun Aane wala hai Nani ,non-persuassive,None,0,0,0,0,0,0,0,0,0
eng614.png,"Bhai, bohot mushkil se crush ne friend request accept ki thi dosto ne bhabhi bhabhi comment kar ke block karwa diya ",non-persuassive,None,0,0,0,0,0,0,0,0,0
salman61.png,Kya Banana Chate Ho? Xpert ka intern Ban Jayega. ,non-persuassive,None,0,0,0,0,0,0,0,0,0
fiiile11.png,"Nibba - mat ro baby , 3 may ko to milna hi hai hamko.. *Modi ji- ",non-persuassive,None,0,0,0,0,0,0,0,0,0
meme_545.png,Beta Tum Se Na Ho Payega. Humen Tumhare Lacchan Bilkul Theek Nahin Lag Rahe Hain ,persuassive,Slightly Negatively persuasive,0,0,0,0,0,0,0,Satire,0
salman120.png,"When you feel down and out in life. Went to meet sanjay dutt in jail many times during his worst time, Only Salman helped me in when I was in low phase: bobby deol, Salman would call me very week to check if I'm fine:- Sanjay L bhansali, After my divorce Salman was the one who helped me recovered soon"" - Amir Khan. ",persuassive,Slightly Negatively persuasive,0,0,0,0,0,0,0,Satire,0
meme_845.png,"Dil Toh Sabke Pass Hota Hai, Lekin Sab Dilwale Nahi Hote Books Bhi Sab Ke Paas Hoti Hai, Lekin Sab Padhne Wale Nahi Hote. ",non-persuassive,None,0,0,0,0,0,0,0,0,0
data69.png,"Government Hospital, Government Schllo, Government Bus, Government Job. ",persuassive,Slightly Negatively persuasive,0,0,0,0,Irony,0,0,Satire,0
eng238.png,Me nowdays: nha lu kya nahane se kya hoga aadmi ke dil ka mail saaf hona chahiye.,non-persuassive,None,0,0,0,0,0,0,0,0,0
exa185.png,#Shweta Zomm Call # Shweta MicOn #Pandit Pandit guy waiting for Shweta ,persuassive,Slightly Negatively persuasive,0,Hyperboles,0,0,Irony,0,0,Satire,0
emo1.png,Or bataoo Mera new look kaisa hai?? ,non-persuassive,None,0,0,0,0,0,0,0,0,0
eng581.png,What if Digvijay Singh. Manish Tiwari and Manishankar Ayyar are actually RSS members and they're making congress look like idiots on purpose ,persuassive,Slightly Negatively persuasive,0,0,0,0,0,0,0,Satire,0
data50.png,Principal : Students here's ur new teacher ! great her girls: Gud morning ma'm Boys:- Biyah ho gya tmhra? ,persuassive,Negatively persuasive,0,Hyperboles,0,0,Irony,0,0,0,0
eng512.png,Bhai dhokha ho gya dhoka...!! kaise bhai kya hua??? Ghar se books ke liye paise mangwaye the. ghar walon ne books hi bhej di...!! ,non-persuassive,None,0,0,0,0,0,0,0,0,0
romann141.png,Yahi power mujhe bhi chahiye ,non-persuassive,None,0,0,0,0,0,0,0,0,0
fiiile67.png,When your boss says you have to work on saturday ,non-persuassive,None,0,Hyperboles,0,0,0,0,0,0,0
romann130.png,"Look ! a ca student oye GST, GST, GST ",persuassive,Neutral,0,0,0,Alliteration,0,0,0,Satire,0
img82.png,When science students says-Accounts mei to sirf balance sheet match krni hoti hai. Le Commercians. Chuuuuuupp.. Chup ho ja satvifail. ,persuassive,Slightly Negatively persuasive,0,0,0,Alliteration,0,0,0,Satire,0
eng373.png,While writing exam *paper kilakargi *brain **song plays** Yow yen nee wera ! oru flow la poikitu irukum bodhu yara mapandhuoluen ya naanu! ,non-persuassive,None,0,0,0,0,0,0,0,0,0
eng580.png,Kids love this faisal real girls love this faisal ,non-persuassive,None,0,0,0,0,0,0,0,0,0
salman74.png,"Salman Khan 's night mares Hit Andrun, Hit Andrun, Hitanrun, HI...A...RUN , HI....R....UN HIRUN, HIRUN.Being human being human bei.... Uman bei...man Beiman. ",persuassive,Neutral,0,0,0,0,0,Analogies,Puns_and_wordplay,Satire,0
ramdev30.png,Baba Ramdev to China: Kyu.. Hila Dala na ,persuassive,Neutral,0,0,0,0,0,0,0,Satire,0
romann89.png,Alia : yar I want to understand this GST to phir aao kabhi haveli pe. ,non-persuassive,None,0,0,0,0,0,0,0,Satire,0
eng240.png,This is what all the indian cricketing fraternity is saying right now to #dhoni and #jadhav. #india vs england. thodi si bhi koshish na ki tune...!! ,persuassive,Slightly Negatively persuasive,0,0,0,0,Irony,0,0,0,0
salman23.png,Itne bhaari gyaan ki zarurat nahi hai ,non-persuassive,None,0,0,0,0,0,0,0,0,0
romann194.png,Waha baahubali ki neend devseena ne chin li thi.. Aur yaha GST ne logo ki neend haram kardi.. ,persuassive,Neutral,0,0,0,0,Irony,Analogies,0,0,0
data48.png,Government: Work from home Civil engineer: ye dewaar todke baju wala kamra andar le aatey hai bhai,persuassive,Slightly Negatively persuasive,0,Hyperboles,0,0,0,0,0,0,0
salman68.png,Misty solved Salman and his driver found ,non-persuassive,None,0,0,0,0,0,0,0,0,0
eng121.png,"When someone asks ""who's your best friend?"" to a group of 3 friends. Agar galat aur bohot galat me se chun na ho toh kise chunenge aap ? ",non-persuassive,None,0,0,0,0,0,0,0,0,0
salman254.png,Your reaction when bae dosen't reply even after seen. ,non-persuassive,None,0,0,0,0,0,0,0,0,0
exa116.png,"Kashmiri Pandit in Kashmir:- ab milta hi nahi hai, pata nahi kahan hai ",persuassive,Slightly Negatively persuasive,0,0,0,0,0,0,0,Satire,0
eng252.png,Mine kaha tha hum jab bhi sex karenge gullak me 10 rupee dalenge to phir isme 100 ruppee ke 2 note kaise aaye ? har koi tumhari tarah kanjoos nahi hota ,persuassive,Slightly Negatively persuasive,0,0,0,0,Irony,0,0,0,Invective
emo35.png,Dekh bhai Maharashtra and Haryana to ho gaya.. ab Jammu-Kashmir ki baari. ,non-persuassive,None,0,0,0,0,0,0,0,0,0
imggg154.png,Mirzapur Season 2 Meme Templates Sher ki umar hai lekin boodha nahi hua h abhi vo Vo bhi theek ho jayegi kabhi bhi niyam badal sakta hai aaphi ka man tha n ,non-persuassive,None,0,0,0,0,0,0,0,0,0
san129.png,Wo agar bank se loan liya to waps karna jaruri hai kya?? ,persuassive,Neutral,0,0,0,0,0,0,0,Satire,0
romann211.png,Memes kya hote hai ? what is meaning of memes? hindi men puri jankari ,non-persuassive,None,0,0,0,0,0,0,0,0,0
img70.png, *Feminist Dowry Husband's property after divorce ,persuassive,Negatively persuasive,0,0,0,0,0,0,0,Satire,0
meme_255.png,Kids Love This Faisal Real Girls Love This Faisal ,non-persuassive,None,0,0,0,0,0,0,0,0,0
salman75.png,#Blackbuckpoaching case #Salman Khan #Salman Verdict Judge-Where is the dead body of that blackbuck ? Salman Khan. ,persuassive,Neutral,0,0,0,0,0,0,0,Satire,0
eng_file180.png,*Bengali girl : paani khabo ? *Other state's guy : Translate Tweet Science me ye sab sambhav nahi hai ,persuassive,Slightly Negatively persuasive,0,0,0,0,Irony,0,0,0,0
rhea117.png,For any kind of black magic contact me. ,persuassive,Slightly Negatively persuasive,0,0,0,0,Irony,0,0,0,0
imggg27.png,"Bollywood Celebrities after attack on JNU students... Desh sankat main hai Bollywood celebrities on Genocides of kashmiri pandit, attack on minorities in Pakistan stone petting on soldiers.. ",persuassive,Negatively persuasive,0,Hyperboles,0,0,Irony,0,0,Satire,0
eeeng1.png,"New Song in market aise na mujhe tum dekho GST laga dunga ... paisa bhi chura lunga tumse, tax bhi laga dunga ",persuassive,Neutral,0,0,0,0,Irony,0,0,Satire,0
salman169.png,What Salman Khan is capable of what Salman Khan is Doing. ,persuassive,Neutral,0,0,0,0,0,Analogies,0,0,0
san189.png,I am Telling you for the last time I am not the guy out on parole ,persuassive,Slightly Negatively persuasive,0,0,0,0,0,0,0,Satire,0
eng399.png,Others at 18: me at 18: itni si chatni main 2 somse kahu main. ,non-persuassive,None,0,0,0,0,0,0,0,0,0
eng_file163.png,Madarchod bhaiyee taka ,persuassive,Slightly Negatively persuasive,0,0,0,0,0,0,0,Satire,Invective
salman103.png,Very few people know that Salman Khan was the inspiration for new iphone's camera design. ,persuassive,Neutral,0,0,0,0,Irony,0,0,Satire,0
exa50.png,The BJP in Power: Indian Democracy and Religious Nationalism ,non-persuassive,None,0,0,0,0,0,0,0,0,0
exa25.png,When will India get freedom from Rohit Sharma ,persuassive,Neutral,0,Hyperboles,0,0,0,0,0,0,0
ramdev114.png,"Yolo man!!! hoping the best, waiting for ayush ministry's approval it's a jalwa yahan bhi hoga , wahan bhi hoga ab toh saare jahan mein hoga kya... mera hi jalwa! ",non-persuassive,None,0,0,0,0,0,0,0,0,0
san56.png,Paisa hi paisa hoga ab main akela ni aaunga Pakad Mereko ,non-persuassive,None,0,0,0,0,0,0,0,0,0
gay83.png,Not gay... Just Indian ,persuassive,Slightly Negatively persuasive,0,0,0,0,Irony,0,0,0,0
rhea138.png,*Rhea Chakraborty Says Ready for Arrest* Other B-celebrities Involved: lagta hai g*nd fatne waali hai ,persuassive,Slightly Negatively persuasive,0,0,0,0,0,0,0,Satire,Invective
meme_442.png,Girls after cooking something at home during quarantine days To sabko dekhana padega na ,persuassive,Slightly Negatively persuasive,0,Hyperboles,0,0,0,0,0,0,0
rhea36.png,*Viewers ye koi tarika hai bheek bangne ka? ,persuassive,Slightly Negatively persuasive,0,Hyperboles,0,0,0,0,0,0,0
img165.png,Fake Hero Real Hero,persuassive,Slightly Negatively persuasive,0,0,0,0,0,Analogies,0,0,0
rhea25.png,Rhea Chakrabort And Mahesh Bhaat Epic Meme ,persuassive,Slightly Negatively persuasive,0,0,0,0,0,0,0,Satire,0
fille51.png,"Reportedly, the pet dog of Sushant singh Rajput called ""Fudge"" is being seen roaming in his house looking for the owner days are absolute love. may god give strenght to this beautiful soul.",persuassive,Positively persuasive,0,0,0,0,0,0,0,0,0
meme_850.png,Me : Aaj Se Padhai Shuru.. Top Karega Tera Bhai !! Aise Kaise BC ?? ,persuassive,Negatively persuasive,0,0,0,0,0,0,0,0,Invective
ramdev163.png,Thik hai bhai ab main chalta hoon ,persuassive,Neutral,0,0,0,0,0,0,0,Satire,0
eng351.png,Exam day Friend - bhai mne kuch nhi padha h mai fail ho jaunga Me- itni nautanki acchi cheez nahi hai ,non-persuassive,None,0,0,0,0,0,0,0,0,0
eng617.png,Drafter ke liye gharwalon se 2000 liye yeh mere beimani ki hadd thi Drafter phir nahi kharida yeh mere besharmi ki hadd thi Roll and Draw se exam deke ED clear kiya... yeh mere talent ki hoaad thi. ,non-persuassive,None,0,0,0,0,0,0,0,0,0
exa196.png,Kam se kam 38 saal ka toh time de kya karein yogi ji congres ka naam BJP rakh dein. ,persuassive,Neutral,0,0,0,0,0,0,0,Satire,0
eng466.png,"Ab bhi time hai, sudhar ja... ",non-persuassive,None,0,0,0,0,0,0,0,0,0
salman202.png,You love this joey I love this Weire not the same,persuassive,Neutral,0,0,0,0,0,Analogies,0,0,0
eng341.png,Patni : shadi ke baad tum mujhe se pyaar nahi karte! Pati : Exam clear hone ke baad kon padta hai yr.! ,persuassive,Slightly Negatively persuasive,0,0,0,0,Irony,Analogies,0,0,0
ramdev136.png,"Patanjali has prepared first Ayurvedic-clinically controlled, research, evidence and trial bassed medicine for COVID-19. #aayurvedvijay_coronil_shvasari.",non-persuassive,None,0,0,0,0,0,0,0,0,0
fiiile75.png,"Saif Ali khan's outfit is going to make taimur ali khan a very, very proud son kareena kapoor khan enroils taimur in fitness centre? ",persuassive,Neutral,0,0,0,0,Irony,0,0,0,0
data36.png,"Saali - Jeeja ji 500 rupee dedo, mai agle hafte de dungi... Jeeja- Pagli tu 500 nhi 1000, lele par abhi dede.!! ",non-persuassive,None,0,0,0,0,0,0,0,0,0
img67.png,Demands dowry insists on calling it...a gift,persuassive,Slightly Negatively persuasive,0,0,0,0,Irony,0,0,0,0
eeeng1.png,"New Song in market aise na mujhe tum dekho GST laga dunga ... paisa bhi chura lunga tumse, tax bhi laga dunga ",persuassive,Neutral,0,0,0,0,Irony,0,0,Satire,0
imggg96.png,Taliban to Other countries who spent 20 years building infrastructure there Bohot Bohot dhanyawad Ab tum jaa sakte ho ,persuassive,Slightly Negatively persuasive,0,0,0,0,0,0,0,0,0
fiiile47.png,"Nibba - mat ro baby , 3 may ko to milna hi hai hamko.. *Modi ji- ",non-persuassive,None,0,0,0,0,Irony,0,0,Satire,0
imggg79.png,When Mom asks you to Change the Channel as she wants to see Balika Vadhu at the Time of IPL; #Mirzapur2 woh toh nahi ho payega. ,non-persuassive,None,0,0,0,0,0,0,0,0,0
emo53.png,Idhar aa marathi tujhe cm dikhata hoo. ,persuassive,Slightly Negatively persuasive,0,0,0,0,0,0,0,Satire,0
fille87.png,*Backbencher * Exams It beats faster everytime you come closer ,non-persuassive,None,0,0,0,0,0,0,0,0,0
ramdev89.png,Patanjali Coronil Medicine: patanjali ne launch ki corona ki aayurvedic dava 'Coronil' *Le corona be like* Tune Mera Dhol bjaa diya ,persuassive,Slightly Negatively persuasive,0,Hyperboles,Personification,0,0,0,0,0,0
fiiile110.png,Didi ye log pyaar kyu karte hain batao na plz leh didi ,persuassive,Slightly Negatively persuasive,0,0,0,0,Irony,0,0,0,0
eng542.png,Mr : Sacred games kaisa laga ? She : Kabhi khila nahi abhi play store se download karti hu Me: Aye pagal aurat ,persuassive,Slightly Negatively persuasive,0,0,0,0,0,0,Puns_and_wordplay,0,0
eng280.png,Astaghrirullah it's Ramadan bro!! ,persuassive,Slightly Negatively persuasive,0,Hyperboles,0,0,0,0,0,0,0
eng_file149.png,How Biharis explain sex Satya ,persuassive,Negatively persuasive,0,0,0,0,0,0,0,0,Invective
imggg11.png,This scene has separate fan base chutiya hai yeh important nahi h hamara ladka hai yeh important hai. ,persuassive,Neutral,0,0,0,0,Irony,0,0,0,Invective
gay59.png,Don't like gay men ? Maybe you just haven't met the right one yet,non-persuassive,None,0,0,0,0,0,0,0,0,0
meme_221.png,Dhokhaa swabhaav hai mera ,persuassive,Slightly Negatively persuasive,0,0,Personification,0,Irony,0,0,0,0
eng261.png, When a student asks a genuine question for which the teacher has no logical explanation teacher: tum mujhe tang karne lage ho ,persuassive,Slightly Negatively persuasive,0,Hyperboles,0,0,Irony,0,0,0,0
fiiile37.png,"2 mins of silence for those 13-17 year girls who think their boyfriends will marry them Don't laugh, at least they're in a relationship not like you and me ",persuassive,Slightly Negatively persuasive,0,0,0,0,Irony,0,0,0,0
imggg111.png,"Kangana Ranaut taling about Ram mandir, Kashmiri pandits , Pok & more things.... #KanganaRanuat Maharashtra People: Are kahna kya chahte ho ?? ",persuassive,Slightly Negatively persuasive,0,0,0,0,Irony,0,0,Satire,0
data57.png,Koi Aakhiri Iccha bahubali ?? get to the safe zone mama Are betichod... ,persuassive,Negatively persuasive,0,0,0,0,0,0,0,0,0
data39.png,* In 2040 * Teacher :- Date of Birth btao... Student :- 2020 Teacher :- Tauba Tauba Tauba... Sara mood kharab kar diya ,non-persuassive,None,0,0,0,0,0,0,0,0,0
romann184.png,"Jwelery mehengi , beauty parlour mein jaana mehenga, restautant mein khana mehenga!! mitro na biei rakha hu na kisi ko rakhne dunga. ",persuassive,Slightly Negatively persuasive,0,0,0,0,Irony,0,0,Satire,0
romann175.png,Aunty aape jamane me Tv phone aur ye sab nhi the to time kese katta tha beta din chulhe pe aur raat luute pe wahh aunty wahh ,persuassive,Slightly Negatively persuasive,0,Hyperboles,0,0,0,0,Puns_and_wordplay,0,Invective
san236.png,Astrologer to Smriti Irani : You will be the Precident of India one day. ,non-persuassive,None,0,0,0,0,0,0,0,0,0
salman42.png,When you're making cold coffee but don't close the dhadkan properly. ,non-persuassive,None,0,0,0,0,0,0,0,0,0
ramdev34.png,Kyu hilaa daala na ,persuassive,Neutral,0,0,0,0,0,0,0,Satire,0
rhea4.png,Rhea Chakraborty sleeping peacefully SSR in her dream kem palty! ,non-persuassive,None,0,0,0,0,0,0,0,0,0
meme_173.png,"Samosa khayega ? Nahi, Aaj Upvas Hai Mera Bhai mere taraf se hai Meethi Chatni Dal ke laana ",non-persuassive,None,0,0,0,0,0,0,0,0,0
romann73.png,"Varun : Alia what is GST Alia : good morning, sweet dream, take care. ",non-persuassive,None,0,0,0,0,Irony,0,0,0,0
romann99.png,Aise hi andar ghus gaya.. kuch kar nahi raha ye ,non-persuassive,None,0,0,0,0,Irony,0,0,0,0
eng306.png,Tum itne acche ho fir bhi koi gf kyu nahi hai tu tum ban jao meri gf no we are just best friends bas yeehi to randi rona hai ,persuassive,Slightly Negatively persuasive,0,0,0,0,0,0,0,0,Invective
img68.png,Stop giving your daughters to beggars.  stands against dowry. ,persuassive,Positively persuasive,0,0,0,0,0,0,0,Satire,0
san110.png,Agar ab koi aage badha to uske bladder ki jagah fefda hoga aur liver ki jagah kidney Mast hai yaar ! Apun ko bhi karne ka hai ,persuassive,Slightly Negatively persuasive,0,0,Personification,0,0,0,0,Satire,0
meme_362.png,"Nibba - Mat ro baby , 3 may ko to milna hi hai hamko *Modi Ji ",non-persuassive,None,0,0,0,0,0,0,0,0,0
romann168.png,GST Government say thanks! ,persuassive,Neutral,0,0,0,0,0,0,0,Satire,0
salman98.png,"Who is the best actor of bollywood Shahruk Khan, Ameer Khan, Salman Khan. ",persuassive,Slightly Negatively persuasive,0,0,0,0,0,0,0,Satire,0
rhea67.png,"*Vinushka expecting a baby on January 2021* Meanwhile Taimur: Accha chalta hun, duaaon mein yaad rakhna. ",non-persuassive,None,0,0,0,0,0,0,0,0,0
salman87.png,Itne bhaari gyaan ki zarurat nahi hai ,non-persuassive,None,0,0,0,0,0,0,0,0,0
meme_712.png,"What If Digvijay Singh, Manish Tiwari And Manishankar Ayyar Are Actually Rss Members And They Re Making Congress Look Like Idiots On Purpose. ",persuassive,Slightly Negatively persuasive,0,0,0,0,0,0,0,Satire,0
romann203.png,GST naa hua kallu halvai ki khubsurat patni ho gai! sasura har koi uske upar tippani karna chahta hai ,persuassive,Neutral,0,0,0,0,0,0,0,Satire,0
ramdev48.png,Patanjali announces dedicine to cure corona scientists all over the world: Asli kaam toh yeh kar rahe hain. hum to bas apni marwa rahe hain ,persuassive,Neutral,0,0,0,0,0,0,0,Satire,0
fille64.png,Your movie is getting lots of love yes what did it cost my life ,persuassive,Neutral,0,0,0,0,Irony,0,0,0,0
exa53.png,First I fuck the satios then I give delits reservation ,persuassive,Negatively persuasive,0,0,0,0,0,0,Puns_and_wordplay,Satire,Invective
eng540.png,"Hey waht do u play? Merecaft , You ? Call of duty , and you?, fifa PUBJ. ",non-persuassive,None,0,0,0,0,0,0,0,0,0
eng0.png,"I love you Sorry, I have Hands. Sakhti dekh rehe ho lounde ki.... ",persuassive,Slightly Negatively persuasive,0,Hyperboles,0,0,0,0,0,0,0
meme_1038.png,"eik dost dosre dost se, yaar jab log shadi se itne tang hain to woh shadi hi kyon karte hain. dosra dost bywaqof eql badam khane se nahi bike tohkar kahne se ati hain. ",persuassive,Neutral,0,Hyperboles,0,0,Irony,Analogies,0,0,0
emo11.png,Sanjay Raut is a parody account of Ramdas Athwale I know he is thinking about gow! ,persuassive,Slightly Negatively persuasive,0,0,0,0,Irony,0,0,Satire,0
data40.png,If lord ram exists provide us proofs of his birth & his links with Ayodhya -Multi manzor Ziyai Can you provide us proof of existence of Allah and his Birthplace?? -Rohit Sardana. ,persuassive,Slightly Negatively persuasive,0,0,0,0,Irony,0,0,0,0
gay54.png,"Barista: We're out of iced coffee , is regular coffee okay? Me:oh. thanks but  I'm gay.  ",non-persuassive,None,0,0,0,0,0,0,0,0,0
ramdev108.png,Baba Ramdev to China Kyu... Hila diya na ,persuassive,Slightly Negatively persuasive,0,Hyperboles,0,0,0,0,0,Satire,0
salman146.png,"Everyone is so busy prasing Jaoqvin phoenix for his ferformance as joker, that nobody noticed Salman Khan's guest oppearance in the movie, I mean, that car driver who hit the joker with his car. ",persuassive,Neutral,0,0,0,0,Irony,0,0,0,0
salman31.png,The gap between bhai's hand and her back ,persuassive,Slightly Positively persuasive,0,0,0,0,0,0,0,0,0
romann7.png,"Friend : So as Console player, What's the most disppointed thing you have seen while playing console games me : this Hold to pay Respects ",non-persuassive,None,0,0,0,0,Irony,0,0,0,0
emo62.png,"Me: Ma , me thak gayi. baad me karungi baki kaam Mom: lagyai balai.. pagha wankhe hashe ti yee? ",persuassive,Slightly Negatively persuasive,0,Hyperboles,0,0,0,0,0,0,0
eng205.png,Enti bhogi roju kuda nonveg thintaara? maa frnd anthe ,persuassive,Slightly Negatively persuasive,0,0,0,0,Irony,0,0,0,0
romann4.png,"GST kya hai ? Good Night, Sweet Dreams, Take Care. ",non-persuassive,None,0,0,0,0,0,0,0,0,0
meme_805.png,Jaha Izzat Nahi Hoti Waha Jana Nahi Chahiye - Chanakya Matlab Aadmi Ab Apne Ghar Bhi Na Jaye.... ,persuassive,Slightly Negatively persuasive,0,Hyperboles,0,0,Irony,0,0,0,0
data64.png,*When you buy beer for your friend* Friend- Mallik Itna kharcha ho gya hai to chips bhi le hi lete hai. ,non-persuassive,None,0,0,0,0,0,0,0,0,0
gay93.png,It's not gay if we call them lightsabers ,non-persuassive,None,0,0,0,0,0,0,0,0,0
gay60.png,"Ab waqt aa gya hai bollywood ko yeh batane ka Raja ka beta Raja nahi banega, Raja wahi banega jo hakdaar hoga. ",persuassive,Positively persuasive,Metaphors,Hyperboles,0,0,0,0,0,0,0
eng_file182.png,"*Random kid born in mumbai* BhBhBh, es baby say it, bhaiya lochnachi gand maru. ",persuassive,Negatively persuasive,0,0,0,0,0,0,0,0,Invective
romann81.png,"China's president finally spoke over corona...! he said that, ching pung susu, pong mung lula CKMKB, Pong shishi Taau Lu PKMKB.. ",persuassive,Negatively persuasive,0,0,0,0,0,0,0,0,Invective
rhea17.png,Me after seeing Rhea on #Aajtak TV interview ayee sati savitri jada hosiyari matt dikha haan.... ,persuassive,Slightly Negatively persuasive,0,0,0,0,0,0,Puns_and_wordplay,Satire,0
imggg39.png,Chup! ekdam chup rahiye,non-persuassive,None,0,0,0,0,0,0,0,0,0
data20.png,Assad my son exploede better than yours. lol Hamid.,persuassive,Negatively persuasive,0,0,0,0,0,0,Puns_and_wordplay,0,0
san207.png,Wo ladki patane ke liye KTM or DSLR Hona zaruri hai kya.? ,non-persuassive,None,0,0,0,0,0,0,0,0,0
exa152.png,Apne logo ko pata ho ya na ho !! dushman jaanta hain kl woh India ke asli hero se lad raha hain !! India is tolerant fools are not !!,persuassive,Positively persuasive,0,0,0,0,0,0,0,0,0
salman57.png,Salman Khan reveals Salman Khan is an A - Level sviness cyclist and weight-level ... and all we made him to do was.... This!!!!! Shame! ,persuassive,Neutral,0,0,0,0,Irony,0,0,0,0
emo51.png,Diddleman : Muhe ladki dekhni ha Nice nice nice me nice. ,non-persuassive,None,0,0,0,0,0,0,0,0,0
fiiile116.png,Atma se pyar kro jism se nhi. - Sacha Ashiq ,persuassive,Slightly Negatively persuasive,0,0,0,0,Irony,0,0,0,0
rhea67.png,"*Vinushka expecting a baby on January 2021* Meanwhile Taimur: Accha chalta hun, duaaon mein yaad rakhna. ",non-persuassive,None,0,0,0,0,0,0,0,0,0
fiiile32.png,"mangta hoon to deti nahi, jawab meri baat ka. deti ho to khara ho jata hai, rom rom jazbaat ka. kyun kehte ho bar bar daloo mein phool ghulab ka. ",persuassive,Slightly Negatively persuasive,0,0,0,0,0,0,Puns_and_wordplay,0,0
eng_file9.png,Did you know English Man : Why Indian ladies do not shake hands? Swami Vivekananda : Can an Ordinary Citizen of your Country shake hands with the queen? English Man: No.... Swami Vivekananda : In Our Country Each and every women is a queen. ,persuassive,Slightly Positively persuasive,0,0,0,0,0,Analogies,0,0,0
eng236.png,When someone gets you all the seasons of game of thrones ,non-persuassive,None,0,0,0,0,0,0,0,0,0
fiiile42.png,When your out with your mom and your friend of the opposite sex says hi to you. ,non-persuassive,None,0,0,0,0,Irony,0,0,Satire,0
data58.png,"2021 Aane ke baad yadi kisi ne bola "" Miss you 2020"" Taange toad di jayengi Uski... ",persuassive,Slightly Negatively persuasive,0,Hyperboles,0,0,Irony,0,0,0,0
salman122.png,Bollywood stars after using the old age filter. ,non-persuassive,None,0,0,0,0,0,0,0,0,0
salman258.png,Haha creativel no politcs here....just life credits opinion poll exit pool ,persuassive,Neutral,0,0,0,0,Irony,0,0,Satire,0
data83.png,*After hooking up* She: So when are we meeting next? He: Ya Allah Isse bhi Aage hota. ,persuassive,Negatively persuasive,0,Hyperboles,0,0,0,0,0,0,0
salman240.png,"Mere bare mein itna mat sochna.. dil mein aata hoon , Samajh mein nahi* -Slaman Khan. Kick ",non-persuassive,None,0,0,0,0,0,0,0,0,0
imggg31.png, *When you're giving viva and everyone gives the Answers except you* viva examiner: ,non-persuassive,None,0,0,0,0,0,0,0,0,0
ramdev107.png,"Karan johar tailented outsiders chutiya hai yeh important nahi hai, starkid hai yeh important hai ",persuassive,Slightly Negatively persuasive,0,0,0,0,Irony,0,0,Satire,Invective
san131.png,Subject kuch bhi mehsoos nahi kar sakta.. he's dead inside ,non-persuassive,None,0,0,0,0,0,0,0,0,0
eng_file205.png,Pehle m aisa tha fir coffee with karan k show m gya ,persuassive,Slightly Negatively persuasive,0,0,0,0,0,0,0,Satire,0
exa130.png,I will comment a joke cos reddit users can take jokes Indian redditors starts downvoting as they are intolerant. they start bashing you so you have to delete your comment. ,persuassive,Negatively persuasive,0,Hyperboles,0,0,Irony,0,0,0,0
img85.png,Main tumhari girlfriend nahi hoon par...  I can be your half girlfriend Toh... aao kabhi haveli pe. ,non-persuassive,None,0,0,0,0,0,0,0,0,0
fiiile38.png,"January 2019, January 2020",non-persuassive,None,0,0,Personification,0,0,0,0,0,0
img94.png,NCP to Shivsena Kaisa laga mera mazak ,non-persuassive,None,0,0,0,0,0,0,0,0,0
salman103.png,Very few people know that Salman Khan was the inspiration for new iphone's camera design. ,persuassive,Neutral,0,0,0,0,Irony,0,0,Satire,0
rhea135.png,Le babu bhaiya after # sorry babu: Ghya maayla... babu bhaiya se direct babu ,persuassive,Slightly Negatively persuasive,0,0,0,0,0,0,0,Satire,Invective
data108.png,When my best friend purposes his crush. Me: Shabash kachra shabash ,non-persuassive,None,0,0,0,0,0,0,0,0,0
eng596.png,When your best friend throws a water balloon at you Kabhi kabhi aisa kyun hota hai... ki apne paraye ho jaate hain... ,non-persuassive,None,0,0,0,0,0,0,0,0,0
imggg77.png,"""A person who has never lived in Kashmir has started a fight for Kashmiri Pandits. Suddenly, he has become a displacced person."" ",persuassive,Positively persuasive,0,0,0,0,Irony,0,0,0,0
romann141.png,Yahi power mujhe bhi chahiye ,non-persuassive,None,0,0,0,0,0,0,0,0,0
ramdev133.png,Patanjali to launch first and foremost evidence based Ayurvedic medicine 'Coronil' to treat coronabirus infection today Meanwhile baba to people: pichhli baar kya bola tha? boycott? ,persuassive,Neutral,0,Hyperboles,0,0,Irony,0,0,Satire,0
ramdev190.png,# Patanjali has made corona's first ayurvedic medicine govt. And Indians Shabash patanjali shabash ,persuassive,Neutral,0,Hyperboles,0,0,0,0,0,0,0
romann99.png,Aise hi andar ghus gaya.. kuch kar nahi raha ye ,non-persuassive,None,0,0,0,0,Irony,0,0,0,0
romann138.png,Jo main padhta hoo wo exam main nahi aata hai aur jo main nahi padhta hoon wo definitlely aata hai ,non-persuassive,None,0,0,0,0,0,0,0,0,0
eng_file142.png,Dad: What did you get on your blood test? Me: I got a B Dad: When I was your age I got an A+Me:but... Dad today you have proved that you are not my blood.  ,non-persuassive,None,0,0,0,0,0,0,0,0,0
data98.png,When my best friend purposes his crush. Me: Shabash kachra shabash ,non-persuassive,None,0,0,0,0,0,0,0,0,0
ramdev90.png,"Patanjali Launches an Ayurvedic Covid-19 drug named coronil, claiming it can cure coronavirus in 14 days meanwhile other scientists & doctors ",persuassive,Negatively persuasive,0,Hyperboles,0,0,Irony,0,0,Satire,0
img158.png,Khatam...bye bye..tata..!!! good bye...gaya....!!! ,non-persuassive,None,0,0,0,0,0,0,0,0,0
salman160.png,Ee gola ma ab nahi rehna Ee lo... Nas kaat lo ,persuassive,Slightly Negatively persuasive,0,0,0,0,Irony,0,0,0,0
imggg151.png,When you become Monitor of the class and A new girl joins your school: #Mirzapur2 Jalwa hai hamara yahan. ,non-persuassive,None,0,0,0,0,0,0,0,0,0
img131.png,"I approve this I am still a virgin Rahul naam toh suna hi hoga , I'm Alok Nath. Aashiward liya hi hoga!! ",persuassive,Negatively persuasive,0,0,0,0,Irony,0,0,Satire,0
meme_654.png,I Don't know who you are But I'll find you and empower you ! ,persuassive,Neutral,0,0,0,0,Irony,0,0,0,0
meme_946.png,"Din me neend mere pichhe... Aur Raat me mai, neend ke pichhe... Too much Fun....! ",non-persuassive,None,0,0,0,0,0,0,0,0,0
img1.png,Dowry explained in essays in movies tv shows but when offered ,persuassive,Neutral,0,0,0,0,0,0,0,Satire,0
romann187.png,"When you ask Nirmala"" Hun middle class wale ke liya kya hai!. Ek doongi na kheech ke.. ",persuassive,Slightly Negatively persuasive,0,0,0,0,0,0,0,Satire,0
exa51.png,"Meri taraf mat dekhiye, main aapki koi sahayta nahi kar paunga.",persuassive,Neutral,0,0,Personification,0,0,0,0,Satire,0
fille44.png,When backbencher do assignment for the first time. *Teacher: ,non-persuassive,None,0,0,0,0,0,0,0,0,0
fille8.png,When backbencher do assignment for the first time. *Teacher: ,non-persuassive,None,0,0,0,0,0,0,0,0,0
salman155.png,"SRK in Adhm , Akshay in Dishoom and Salman Khan in MS Dhoni film Best cameos of 2016",persuassive,Neutral,0,0,0,0,Irony,0,0,Satire,0
fiiile128.png,When relatives see you in public with an opposite gender ,non-persuassive,None,0,Hyperboles,0,0,Irony,0,0,0,0
eng_file112.png,That moment when you throw your chocolate instead of Throwing the wrapper ,non-persuassive,None,0,0,0,0,0,0,0,0,0
eng445.png,Roses are red Violets are blue Khaa meri kasam? mar jaayenga tu ,non-persuassive,None,0,0,0,0,0,0,0,0,0
san41.png,Self - Styled Godman who's his Stylist? ,persuassive,Neutral,0,0,0,0,Irony,0,0,Satire,0
salman181.png,*You need a dandi to play darndiya -I have one *Let's have some majama in my pajama* *Do you want put the 'Ratri in my Navratri. ,persuassive,Negatively persuasive,0,0,0,0,0,0,Puns_and_wordplay,0,0
romann78.png,Alia do you know the full form of GST ? Goodnight sweetdreams takecare. ,non-persuassive,None,0,0,0,0,0,0,0,Satire,0
romann106.png,"Hello Mr Xi, welcome to India , Hi Mr Modi, How are you? I am told China is very beautiful, I have been never been there , Realy ? let me show you some pics. ",non-persuassive,None,0,0,0,0,0,0,0,0,0
emo67.png,When someone asks #Sanjay Raut where are you 170 MLA's?? Mai jeb me leke thodi na ghumta hun. ,persuassive,Slightly Negatively persuasive,0,Hyperboles,0,0,0,0,0,Satire,0
imggg87.png,"Kashmiri Pandits, The Forgotten Minority of India ",non-persuassive,None,0,0,0,0,0,0,0,0,0
eng620.png,Shopkeepers Science Bhaiya ye thoda tight hai wash k bd loose hoyega bhaiya ye loose hai wash k bd tight hoyega na ,non-persuassive,None,0,0,0,0,0,0,0,0,0
meme_431.png,A Jodhpur Court Has Senteced Salman Khan To 5 Year Jail Term In 1998 Blackbuck Poaching Case. Heartbreaking News For His Millions Of Fans !! ,persuassive,Neutral,0,0,0,0,0,0,0,Satire,0
romann138.png,Jo main padhta hoo wo exam main nahi aata hai aur jo main nahi padhta hoon wo definitlely aata hai ,non-persuassive,None,0,0,0,0,0,0,0,0,0
gay111.png,Did you know that 1 out of 3 people are gay? I'm not gay I'm not gay either. ,non-persuassive,None,0,0,0,0,0,0,0,0,0
san21.png,Radhe Maa on Shadi.com Radhe Ma on Tinder ,persuassive,Negatively persuasive,0,0,0,0,Irony,0,0,Satire,0
romann28.png,"Teacher : useless there are any other questions , you're free to leave kid :' Raises hand* Rest of the class: ",non-persuassive,None,0,0,0,0,0,0,0,0,0
salman25.png,"Yuzi chahal hi katrina mam, Hanuma_quibrim lovel Salman bhai to yuzi- Aja tujhe driving sikhata hu ",persuassive,Slightly Negatively persuasive,0,0,0,0,0,0,0,Satire,0
fiiile84.png,My only moods (gay judgement) gay fear ,persuassive,Slightly Negatively persuasive,0,0,0,0,Irony,0,0,0,0
salman96.png,Happy or sad Chal Chal Ave ,non-persuassive,None,0,0,0,0,0,0,0,0,0
romann14.png,"Aur Batao ! kya tum bhi gst ka matlab G:- Good Night , S:- Sweet Dreams, T :- Take Care samjhe ho ? ",non-persuassive,None,0,0,0,0,0,0,0,0,0
rhea108.png,Me after seeing Rhea on #aajtak TV interview ayee sali savitri jada hosyari matt dikha haan... ,persuassive,Slightly Negatively persuasive,0,0,0,0,0,0,Puns_and_wordplay,Satire,0
eng_file40.png,Bollywood logic Uses Tamilish - Hindi White Speaking But sings in proper hindi ,persuassive,Negatively persuasive,0,0,0,0,Irony,0,0,0,0
rhea146.png,"Mere flat pe loan hai 55 lakh ka. jiska emi 17 hazar hai, ab kaise chukaungi? yeah kaunsa bank hai re baba itna sasta loan deta hai. ",persuassive,Neutral,0,0,0,0,Irony,0,0,0,0
salman173.png,Saste painter bhoi what he thinks about himself ! and what everyone thinks about him! ,persuassive,Slightly Negatively persuasive,0,0,0,0,0,0,0,Satire,0
fille18.png,RIP Sushant Singh Rajput Death ,persuassive,Negatively persuasive,0,0,0,0,0,0,0,0,0
fille14.png,Sushant Singh Rajput's father files an FIR Againts Rhea Chakraborty for Abetting the suicide of his son hope that the reason behind the Sushant's Death comes out soon. ,non-persuassive,None,0,0,0,0,0,0,0,0,0
imgg6.png,"Bollywood Celebrities after attack on JNU students... Desh sankat main hai Bollywood Celebrities on Genocides of Kashmiri Pandit, attack on minorities in Pakistan, Stone petting on soldiers.. ",persuassive,Negatively persuasive,0,Hyperboles,0,0,Irony,0,0,Satire,0
exa60.png,"Isi jagah mera plot hoga , Idhar bhi mera plot hoga Ye meri property , Udhar bhi mera plot, Udhar bhi meri property. ",non-persuassive,None,0,0,0,0,0,0,0,0,0
romann125.png,"When he heard GST means #good and simple tax, #gstrollout #GSTTeffect ",persuassive,Slightly Negatively persuasive,0,0,0,0,Irony,0,0,Satire,0
exa169.png,"30 years ago, on this day, Kashmiri Hindus were given 2 choice: 1. Leave, 2. Convert or die Radicals demanded we want Kashmiri Hindu woman without thier men -talk. Now after 30 years. Kashmiri pandits are still refugees in thier own nation India but Rohingyas are settled in J&K. Pandits# Pseudo Seculars Un Budthi Ah kamichutala ? ",persuassive,Neutral,0,0,0,0,Irony,0,0,0,0
ramdev165.png,**Patanjali launches coronil covid cure; govt denies to vouch for it** Government to Baba Ramdev- ye toh hugg rha hai chutiya. ,persuassive,Neutral,0,0,0,0,0,0,0,Satire,0
fiiile54.png,This south indian singer sexually harassed by a director in his studio ?? check how she handled ,persuassive,Slightly Negatively persuasive,0,0,0,0,0,0,0,0,Invective
fille68.png,"In 2018, when nagaland was effected with huge floods, cm of that state requested everyone to donate to the cm relief funds at that time, Sushant Singh Rajput was shooting in delhi and when he heard about this news. he went to nagaland and handed over cheque of rs 1.25 cr to that state cm -- Creat Human, Gone to soon -- ",persuassive,Slightly Positively persuasive,0,0,0,0,0,0,0,0,0
data70.png,When freshers get to know that there is stage 2 after getting screened in- Ya Allah isse bhi Aage hota hai kya ,non-persuassive,None,0,0,0,0,0,0,0,0,0
eng472.png,Yearly exams ke results ane wale h... ab underground hone ka samay aa gya h ,non-persuassive,None,0,0,0,0,0,0,0,0,0
eeeng27.png,Bollywood award shows be like: you get an award. you get an asard everyone gets an' award ,persuassive,Slightly Negatively persuasive,0,Hyperboles,0,0,Irony,0,0,0,0
romann117.png,Kindly requesting all friends & knowns not to post any #GST Jokes. the phone battery drains up by 28% automatically. ,persuassive,Neutral,0,0,0,0,Irony,0,0,0,0
imggg118.png,Make Comedy Great Again ,non-persuassive,None,0,0,0,0,0,0,0,0,0
meme_964.png,"Hello suryadev bhai Trump bol raha hun , boliye trump ji hum aapki kya seva kar sakte hai.. bhai iss baar 26th jan ko kim jong un ki missaile ke fuse conductor nikalne hain hum aankhon se kajal. chura lete hai.... ye fuse conductor kya chiz hai.... kaam ho jayega  ",persuassive,Neutral,0,0,0,0,0,0,0,Satire,0
eng56.png,Me ajay devgan ka sabse bada fan hu... muh me vimal to nahi h tere.... jhootha kahi ka.. ,persuassive,Slightly Negatively persuasive,0,0,0,0,Irony,Analogies,0,0,0
eng500.png,Friend : kya tu apni girl - friend ko bol sakta hai ki galti uski thi. Me: Dange karoge kya Aap ,persuassive,Slightly Negatively persuasive,0,Hyperboles,0,0,0,0,0,0,0
img55.png,"Tu lakdi ka baab ho ya nana, kanyadaan toh main hi karunga! ",persuassive,Neutral,0,0,0,0,0,0,0,Satire,0
rhea92.png,Rhea Chakraborty gets bail after month on jail ,non-persuassive,None,0,0,0,0,0,0,0,0,0
eng329.png,Daya Pata lagao ye paper leak kis ne karaye ,non-persuassive,None,0,0,0,0,0,0,0,0,0
imggg16.png,Le my kashmiri pandit friend taking all gas can that comes in his way in his mind : kabhi b bhagna pad sakta h me: but why Bilkul ricks nhi lene ka. ,persuassive,Slightly Negatively persuasive,0,Hyperboles,0,0,Irony,0,0,0,0
san187.png,Main Bada hi Shareef Insaan Hu... BC Us Hisaab se sunny Leone virgin hai... ,persuassive,Slightly Negatively persuasive,0,0,0,0,Irony,0,0,Satire,0
eng156.png,"Waqt ki yaari to har koi kar leta hai dost maza to tab hai jab , waqt badal jaaya par pyaar na badle ",persuassive,Positively persuasive,Metaphors,0,0,0,0,Analogies,Puns_and_wordplay,0,0
eng379.png,Mai jo jee raha hu wajah tum ho. Oxygen ki toh value hi nahi hai... ,non-persuassive,None,0,0,0,0,0,0,0,0,0
ramdev58.png,"Patanjali developes Coronil drug against Covid-19. Meanwhile Ayurveda to modern medicine: pichli baar kya bola tha, Aukaat ",persuassive,Neutral,0,0,0,0,0,0,0,Satire,0
san124.png,"Teacher - plz can someone ipe off the blackboard for me ? First henchers who want to set Impress Mai...merko sab ata hai, mai expet hu ",non-persuassive,None,0,0,0,0,0,0,0,0,0
salman167.png,Rare picture of Salman Khan With his driver ,persuassive,Neutral,0,0,0,0,Irony,0,0,Satire,0
ramdev49.png,Patanjali launches ayurvedic drug coronil to cure Covid-19 *Meanwhile baba Ramdev to other scientist* kyu hila daala na ,persuassive,Neutral,0,0,0,0,0,0,0,Satire,0
eng_file129.png,"Me after getting 6,6,5 in Ludo ",non-persuassive,None,0,0,0,0,0,0,0,Satire,0
eng237.png,Relatives- padahi kaisi chal rahi hai? me- slow motion me ,non-persuassive,None,0,0,0,0,0,0,0,0,0
romann94.png,GST ka matlab kya hota hai Good night sweet dreams take care Bahar nikal b#%sdike!! ,persuassive,Neutral,0,0,0,0,0,0,0,Satire,Invective
salman67.png,#SRz I am still a virgin... Fir 20 saal se evital kya callender taang ne ke liye kha rahe the... ,persuassive,Neutral,0,0,0,0,Irony,0,0,0,0
fille27.png,Jo bollywood teri mitti song ke nahi balki apna time aayega jaise behude song ko award deta ho kaise maan lun ki wo Sushant Singh Rajpoot ke saath insaaf karta hoga. ,persuassive,Slightly Negatively persuasive,0,0,0,0,Irony,0,0,0,0
eng580.png,Kids love this faisal real girls love this faisal ,non-persuassive,None,0,0,0,0,0,0,0,0,0
img15.png,"A year's rent, a egypt ticket 10 overgarments and 15 niqabs what you want for your dowry??! ",persuassive,Slightly Negatively persuasive,0,0,0,0,Irony,0,0,0,0
fiiile12.png,Son I have no problem with you being gay but couldn't you have found a nice indian boy? ,persuassive,Negatively persuasive,0,0,0,0,Irony,0,0,0,0
fiiile114.png,"Alia, whom do you credit the success of your carrer? I want to thank my parents. especialy my mother and father. ",non-persuassive,None,0,0,0,0,Irony,0,0,Satire,0
img168.png,"Real men never ask for dowry!! Real women never expect johk house. Luxurious car, 6 digit salary guy!! ",persuassive,Slightly Positively persuasive,0,0,0,0,0,Analogies,0,0,0
data71.png,Jada muh na fulao warna maa chod dene tumhari ,persuassive,Negatively persuasive,0,0,0,0,0,0,0,0,Invective
eng_file134.png,Chor... Shatir Chor... Fir aate hain 3D movies dekhne ke baad chasma chura lene waale log. ,non-persuassive,None,0,0,0,0,0,0,0,0,0
exa76.png,bohot bohot dhanyawad Ab tum jaa sakte ho ,non-persuassive,None,0,0,0,0,0,0,0,0,0
san172.png,Last time Baba Ramdev visited Nepal Earthquake This Time Baba Ramdev Visited Nepal Again Earthquake # Back off Ramdev,persuassive,Slightly Negatively persuasive,0,0,0,0,Irony,0,0,Satire,0
exa119.png,*Sir what is the procedure to leave west bengal for lifetime! * May be that's a question you should Ask kashmiri Pandit's ! ,persuassive,Neutral,0,0,0,0,Irony,0,0,Satire,0
exa88.png,Have a slice of Pizza they said your lactose intolerance isn't that bad they said. ,non-persuassive,None,0,0,0,0,0,0,0,0,0
fille66.png,Jeb khali ho gayi ,non-persuassive,None,0,0,0,0,0,0,0,0,0
eng402.png,Jab mai leta tha tu mere upar se kyu gaya ab meri height nahi badhegi ,non-persuassive,None,0,0,0,0,0,0,0,0,0
san13.png,Who Bollywood me survive karne ke liye karan johar ki movi se debut karna jaruri hai kya? ,persuassive,Neutral,0,0,0,0,0,0,0,Satire,0
gay18.png,Pls don't sir tip? Kabhi bhi vicks jagake muth marne ki koshish maat karna ,persuassive,Negatively persuasive,0,0,0,0,0,0,0,0,Invective
salman153.png,Mai aa jaun apnipar ,non-persuassive,None,0,0,0,0,0,0,0,0,0
ramdev18.png,Baba Ramdev be like Medicine banane mai mera bhut experience hai ,persuassive,Neutral,0,0,0,0,0,0,0,Satire,0
salman118.png,Between two legs itna danda maarenge ki na bajne layak rahoge na bajane layak! ,persuassive,Slightly Negatively persuasive,0,0,0,0,0,0,Puns_and_wordplay,0,0
data76.png,His beard was like.... ya allah! ,non-persuassive,None,0,0,0,0,0,0,0,0,0
eng565.png,Assignment kyu nahi kiya? Sorry sir bhul gaya Isme daalna to kabhi nahi bhulte ,persuassive,Negatively persuasive,0,0,0,0,Irony,0,0,0,Invective
san112.png,"Cast of Sanjay Dutt's biopic Ranbir as Sanjay Dutt, Anushka as lawyer satisih Maneshinde , Presh Rawal as Sunil Dutt, Sonam as Tina mun in , who else is excited? ",persuassive,Neutral,0,0,0,0,Irony,0,0,0,0
eng611.png,When your friend proposes the girl you both like har dosti main ek hadh hoti hai... Aaj tune woh hadh paar kar di..,non-persuassive,None,0,0,0,0,0,0,0,0,0
fille40.png,Actor Sushant Singh Rajput Commits Suicide Today Bollywood Lost A Gem today rest in peace.,non-persuassive,None,0,0,0,0,0,0,0,0,0
salman149.png,Achha likh leta hai tu.. ,non-persuassive,None,0,0,0,0,Irony,0,0,0,0
exa149.png,"""Intolerance and bigotry are not what India is about! India is about-"" opens history back ""Uh oh."" frantically lips through pages "" Uh oh.Oh no, No , no, no , Uh oh."" ",persuassive,Slightly Negatively persuasive,0,0,0,0,Irony,0,0,0,0
san89.png,Best Sanjay Dutt Dialogues must know for every fan ,non-persuassive,None,0,0,0,0,0,0,0,0,0
salman186.png,Kids will watch race 3 for Salman Men will watch for daisy sham legends will watch for Bobby Deol ,non-persuassive,None,0,0,0,0,0,0,0,0,0
gay103.png,"Barista:We're of iced coffee , is regular coffe okay? uh, thanks, but 1'n gay- ",non-persuassive,None,0,0,0,0,0,0,0,0,0
gay91.png,Sima maa ne aaj fir se lauki ki sabji bana di.. aisa nahin ho sakta..!! tum hamare saath aisa kabhi. ,non-persuassive,None,0,0,0,0,0,0,0,0,0
eng414.png,Me - I love you. She - Muhe thoda time chaye Me- ,non-persuassive,None,0,0,0,0,0,0,0,0,0
emo42.png,NCP to Shivsena Kaisa laga mera mazak ,non-persuassive,None,0,0,0,0,0,0,0,0,0
imggg43.png,Hum jayenge final *MI kai kahi nahi jayega. ,non-persuassive,None,0,0,0,0,0,0,0,0,0
img2.png,Face ! personallity! dowry! ,persuassive,Slightly Negatively persuasive,0,0,Personification,0,0,0,0,0,0
eeeng34.png,That sad feeling... when we finally meet .. Monday ,non-persuassive,None,0,0,0,0,0,0,0,0,0
romann237.png,Alia: Yar I want to understand this GST To phir aao kabhi haweli pe. ,non-persuassive,None,0,0,0,0,0,0,0,0,0
fille87.png,*Backbencher * Exams It beats faster everytime you come closer ,non-persuassive,None,0,0,0,0,0,0,0,0,0
img83.png,Learns New Legal Maxim in Class adds 'latin' to spoken languages on facebook,persuassive,Neutral,0,0,0,0,Irony,0,0,0,0
eng_file5.png,Le chalo ise 'kaali pahadi' ke peeche! ,non-persuassive,None,0,0,0,0,0,0,0,0,0
eng384.png,"Ladkiya sirf kitchen mein acchi lagti hai. aur aisi soch rakhne wale ""gutter"" me ",persuassive,Slightly Negatively persuasive,0,0,0,0,0,0,0,Satire,0
romann204.png,What is GST Aija Replied It's a Abbreviation of Good- night sweet dream take care .,non-persuassive,None,0,0,0,0,0,0,0,0,0
san135.png,Woh meri acchi captaincy k piche dhoni ki tips reason lgana jaruri hai kya? ,persuassive,Neutral,0,0,0,0,0,0,0,Satire,0
data60.png,"Techer ; So, Three phase of matter are Solid, liquid and gas. 1st benchers: Sir , you forgot the 4th , plasma last benchers: ya Allah isse aage bhi hota hai? ",non-persuassive,None,0,0,0,0,0,0,0,0,0
eng_file56.png,Raju's mom married farhan's dad! That's why Raju went into a comma! Farhan lost his sense. And Rancho went to another planet ,persuassive,Neutral,0,0,0,0,0,0,Puns_and_wordplay,0,0
data33.png,When you hit the speed bump but it's starts screanning. ,persuassive,Slightly Negatively persuasive,0,0,Personification,0,0,0,0,0,0
salman205.png,Salman Khan acting tere naam (Radhe) Radeh (Radhe) ,persuassive,Neutral,0,0,Personification,Alliteration,Irony,0,0,0,0
san91.png,"Sanjay dutt was listed amongest top bollywood actions after 1986's blockbuster movie haam, In the year 1992, Sanjay Dutt was elected for the filmfare best actor award for his heat movie Saajan This actor who turned so is a  Happiest birthday Sanjay Dutt! ",persuassive,Positively persuasive,0,0,0,0,0,0,0,0,0
fiiile6.png,Are you sure yah aapki hi income tax file hai? haan meri hi hai...Aap aise kyon pooch rahe hain. kyonki ismein 69 lakhs ka laundry bill hai.. aru aap kapde pehenti ni... ,persuassive,Slightly Negatively persuasive,0,0,0,0,Irony,0,0,Satire,0
imggg149.png,"*When you forget to flush after peeing late night* Dad (in the morning): munna mute hain, munna hi pani dalenge ! ",persuassive,Neutral,0,0,0,Alliteration,0,0,0,0,0
imggg7.png,"Students -Aj class cancel kr dijiye Prof,- kyun students-Mirzapur s2 dikha h *Professor Bhosdike ",persuassive,Slightly Negatively persuasive,0,0,0,0,0,0,0,0,Invective
eng_file160.png,"Jalwa hai hamara yahan , Cheating karta hai tu , Party badal liya sala.",persuassive,Slightly Negatively persuasive,0,0,0,0,0,0,0,Satire,Invective
salman33.png,"When you feel down and out in life went to meet sanjay dutt in jail many times during his worst time , only Salman helped me in when I was in low phase Bobby Deol, Salman would call me very week to check if I'm fine:- Sanjay L Bhansali, "" Salman my divorce, Salman was the one who helped me recoverd soon"" - Aamir Khan.",persuassive,Slightly Negatively persuasive,0,0,0,0,0,0,0,Satire,0
salman65.png,Ves . I'm a virgin After spending one night in jail with Aasharam,persuassive,Slightly Negatively persuasive,0,0,0,0,0,0,0,Satire,0
imggg80.png,Kashmiri Pandit ko kam mt samajna sala kashmir me gusne nhi dega. ,persuassive,Neutral,0,Hyperboles,0,0,0,0,0,0,0
salman156.png,"Kids , Adults, Legends.",persuassive,Neutral,0,0,0,0,Irony,0,0,Satire,0
fiiile2.png,"Maa kya ye sach hai ki jahan ladke ""L"" dalte hain, wahin se bache hote hain han...beta Ohh...to iska matlab mere bche muh se honge. ",persuassive,Negatively persuasive,0,0,0,0,Irony,0,0,0,0
data104.png,When guests/relatives visit your house:- Abhi maza ayega na bhidu ,non-persuassive,None,0,0,0,0,0,0,0,0,0
fiiile12.png,Son I have no problem with you being gay but couldn't you have found a nice indian boy? ,persuassive,Negatively persuasive,0,0,0,0,Irony,0,0,0,0
ramdev39.png,"After making #Coronil # Ramdev be like *Who chor country scientists heh, main baccho se baat nahi karta ",persuassive,Neutral,0,0,0,0,0,0,0,Satire,0
eeeng5.png,Jewellery mehengi resturaent me khana mahenga beauty parlor jana mahenga mitronn ! na khud biwi rakhta hu na kisiko rakhne dunga. ,persuassive,Slightly Negatively persuasive,0,0,0,0,Irony,0,Puns_and_wordplay,Satire,0
exa4.png,#Shwetayourmicison Shweta #Pandit ki Ijjat ,persuassive,Slightly Negatively persuasive,0,Hyperboles,0,0,Irony,0,0,Satire,0
imggg81.png,"yes , the rumor is true. #Mirzapur2 trailer has a lot of meme templets memers* Manadhe Idhantha. ",non-persuassive,None,0,0,0,0,0,0,0,0,0
eng560.png,When you over sleep after taking a nap on new years eve.. What year is It! ,non-persuassive,None,0,0,0,0,0,0,0,0,0
salman213.png,2016 in memes do you use condom in India? No...we use censor board fivicol ka jod hai... tootega nahi!!!!.... ,persuassive,Neutral,0,0,0,0,Irony,0,0,0,0
rhea100.png,Nobody: E-com webmaster: ek kamaal ka offer hai ,persuassive,Neutral,0,0,0,0,0,0,0,Satire,0
data55.png,When you overhear your downstairs neighbor talking about astrology ,non-persuassive,None,0,0,0,0,0,0,0,0,0
fiiile124.png,When you're having sex and your head keeps slamming into the wall so he puts a pillow up to help you ,persuassive,Neutral,0,0,0,0,0,0,0,0,0
ramdev166.png,Pharamaceutical Co. reaction after knowing #patanjali has made the #coronil kit for treatment of #corona virus..!! yeh kab hua?? ,persuassive,Neutral,0,0,Personification,0,0,0,0,Satire,0
romann239.png,"Samosa khayega? Nahi , Aaj Upvas Hai Mera Bhai mere taraf se hai, Meethi chatni dal ke laana ",non-persuassive,None,0,0,0,0,0,0,0,0,0
san217.png,Mom - beta ek kaam karoge ? Me- Nahi  ,non-persuassive,None,0,0,0,0,0,0,0,0,0
salman193.png,Pet aur petrol agar ek baar badh jaaye toh phir ghat tey nahin hain.. ,persuassive,Neutral,0,0,0,0,0,Analogies,Puns_and_wordplay,0,0
fiiile98.png,Jaha Izzat nahi hoti waha jana nahi chahiye - Chanakya Matlab Aadmi ab apne ghar bhi naa jaye... ,persuassive,Slightly Negatively persuasive,0,Hyperboles,0,0,Irony,0,0,0,0
ramdev48.png,Patanjali announces dedicine to cure corona scientists all over the world: Asli kaam toh yeh kar rahe hain. hum to bas apni marwa rahe hain ,persuassive,Neutral,0,0,0,0,0,0,0,Satire,0
fiiile68.png,Me: Nothing can break me. anyone: * I love you 3000* Me: ,non-persuassive,None,0,0,0,0,Irony,0,0,0,0
salman174.png,Me after lockdown. when I meet people who avoided work from home giving all possible reasons meri aankhon me to dekh ,non-persuassive,None,0,0,0,0,0,0,0,0,0
exa181.png,Kam se kam 38 saal ka toh time de kya karein yogi ji congres ka naam BJP rakh dein. ,persuassive,Neutral,0,0,0,0,0,0,0,Satire,0
img28.png,Asking dowry from bride for marriage is like beggar begging for money ,persuassive,Slightly Positively persuasive,0,0,0,0,0,Analogies,0,0,0
eng_file138.png,Ladki ka sasur muh manga dahej milne par Ladki ka sasur kuch dino baad sab kuch shaanti purvak toreeke se ho raha hai ,persuassive,Slightly Negatively persuasive,0,0,0,0,0,Analogies,0,Satire,0
img182.png,"Delhi pizza delivery boy tests positive for Covid -19, 72 families , 17 other... 22hours a go Religion check kar religion check kar iska. ",persuassive,Negatively persuasive,0,0,0,0,Irony,0,0,0,0
salman196.png,aap devil ke piche devil aapke piche too much fun ,non-persuassive,None,0,0,0,0,0,0,0,0,0
fiiile16.png,Main paida hi hot hui thi Gand nahi jala tumhari maa ka. ,persuassive,Negatively persuasive,0,0,0,0,Irony,0,0,0,Invective
eng351.png,Exam day Friend - bhai mne kuch nhi padha h mai fail ho jaunga Me- itni nautanki acchi cheez nahi hai ,non-persuassive,None,0,0,0,0,0,0,0,0,0
san171.png,Dhoni ka ab entry ho jald... *Sala* 2019 World Cup bhi khelna chahiye. ,persuassive,Neutral,0,0,0,0,Irony,0,0,0,0
eng602.png,"""Oye girlfriend banegi meri?"" ""Nhi mere parents allow nhi karte ye sab"" Han bc to mere maa-baap konsa ""ladki patao abhiyaan chala rahe hain? ",persuassive,Slightly Negatively persuasive,0,0,0,0,0,0,0,Satire,0
eng_file220.png,*People of Bihar' doesn't bath for' months* Bihar floods- Jai hind doston ,persuassive,Negatively persuasive,0,0,0,0,Irony,0,0,Satire,0
salman2.png,I'm virgin Me too Same here They are telling truth ,persuassive,Negatively persuasive,0,0,0,0,0,0,0,Satire,0
eng80.png,Everyone is so busy with kangana that nobody noticed even he acted brilliantly in twm returns. ,persuassive,Neutral,0,0,0,0,Irony,0,0,0,0
eng28.png,Mar har test pass karke dikhaonga chahe yeh mera blood test he kyo na ho ,non-persuassive,None,0,0,0,0,0,0,0,0,0
exa155.png,Fir dikhega guddu bhaiya ka bhaukaal ,non-persuassive,None,0,0,0,0,0,0,0,0,0
exa2.png,#shwetayourmicison #Pandit Pandit to Shweta Pandit Shweta Dekh... Dekh na.,persuassive,Slightly Negatively persuasive,0,Hyperboles,0,0,0,0,0,Satire,Invective
rhea73.png,Maal kidhar hai ? ,persuassive,Neutral,0,0,0,0,0,0,0,Satire,0
salman79.png,Bhai ko ye gift kardu to chalega? ,non-persuassive,None,0,0,0,0,0,0,0,0,0
fiiile36.png,When a relative visits you and gives you money without telling your parents ,persuassive,Slightly Negatively persuasive,0,0,0,0,Irony,0,0,0,0
eng311.png,"Leave application by a cute child o master ji, wen i cum, rain cham cham. leg my fisla I gira dham. Niche my bag & upar was hum. isliye 2 days, I not cum. ",non-persuassive,None,0,0,0,0,0,0,0,0,0
eng464.png,Dil cheez kya hai aap meri jaan lijiye jaan cheez kya hai aap mera aashirwad lijiye.. ,non-persuassive,None,0,0,0,0,0,0,0,0,0
data84.png,Thana kya hota hai? Tumhari koi GF hai? Nahi.. Police Station ko kehte hain. ,non-persuassive,None,0,0,0,0,0,0,0,0,0
fiiile65.png,What it's like living with my husband.... ,non-persuassive,None,0,0,0,0,0,Analogies,0,0,0
fiiile30.png,When your out with your mom and your friend of the opposite sex says hi to you. ,non-persuassive,None,0,Hyperboles,0,0,Irony,0,0,0,0
emo36.png,"Mujhse baat krogi to hi m roti khaaunga... Sachhi.....?? Ha, verna 6 pranthe, paneer ki sabzi, Kashmiri pulav, Ice cream or 1 glass doodh peekar bhookha hi so jaunga...!!! ",non-persuassive,None,0,0,0,0,0,0,0,0,0
salman278.png,Name a friend who is crazy fan of Salman Khan ,non-persuassive,None,0,0,0,0,0,0,0,0,0
salman143.png,New zealand night now mazak toh mera bn raha hai... sab log mujhpar haste hai ,persuassive,Neutral,0,Hyperboles,Personification,0,0,0,0,0,0
meme_617.png,Tiger Zinda Hai Aur Blackbuck? ,persuassive,Neutral,0,0,0,0,0,0,0,Satire,0
san121.png,"No one , Literally No One, Le Sanju Baba Yehi ladki mujhe bhi chahiye ",persuassive,Slightly Negatively persuasive,0,0,0,0,0,0,0,Satire,0
eng270.png,"Hey kapil... you know what I'm learning hindi , Aisa kya ?? chal bata wheat ko hindi mein kya bolte hai?? Gayhoon!!! babhaji ka thullu hume to pehle hi pata tha.. ",persuassive,Negatively persuasive,0,0,0,0,0,0,Puns_and_wordplay,Satire,0
meme_704.png,RaGa right now: Amethi Amethi Amethiyo Amethi ,persuassive,Neutral,0,Hyperboles,0,Alliteration,0,0,0,Satire,0
salman86.png,Abey tuphir aagya... ,persuassive,Slightly Negatively persuasive,0,Hyperboles,0,0,0,0,0,Satire,0
eng376.png,"Nalayak' class me din bhar ladkiyo ke saath itni baate kyun karta hai...? Madam mai garib hu, net pack nahi hai... ",non-persuassive,None,0,0,0,0,0,0,0,0,0
eng214.png,Kya karenge aap itne paiso ka ? ,non-persuassive,None,0,0,0,0,0,0,0,0,0
img50.png,"I am not interested yaar, Mujhe suna he nahi hai ",non-persuassive,None,0,0,0,0,0,0,0,0,0
san98.png,"*MSD, and then Raina announce their retirement* Literally all of us: Nahi, nahi , nahi, nahi: arey nahi bhai! ",non-persuassive,None,0,0,0,0,0,0,0,0,0
fiiile66.png,"Your crush , her brother, her father, her ex, her crush , you ",persuassive,Neutral,0,Hyperboles,0,0,0,Analogies,0,0,0
ramdev149.png,"Bhai pata hai Baba Ramdev pr case hogya coronil ko lekr bhakt friend- mai nahi maanta meanwhile me* Mat maan, maa chuda ",persuassive,Neutral,0,0,0,0,0,0,0,Satire,0
exa69.png,People waiting for BF pandit hai* ke baad kya hua ?? Shweta Video ,persuassive,Slightly Negatively persuasive,0,0,0,0,Irony,0,0,Satire,0
imggg43.png,Hum jayenge final *MI kai kahi nahi jayega. ,non-persuassive,None,0,0,0,0,0,0,0,0,0
eeeng32.png,When Someone tries explaining GST to you Arrey kehna kya chahte ho? GST Roll Out ScoopWhoophumor ,non-persuassive,None,0,0,0,0,0,0,0,0,0
imgg30.png,Pandit to Shweta : I trust you baby. This is my secret Le #Shweta: to sabko batana padega na ,persuassive,Slightly Negatively persuasive,0,0,0,0,Irony,0,0,Satire,0
eng335.png,"Din me neend mere pichhe... Aur raat me mai , neend ke pichhe... too much fun..! ",non-persuassive,None,0,0,0,0,0,0,0,0,0
eng145.png,"Beta batao ki (fast, faster, fastest) froms ko hindi me kaise kahenge?Bhaag, tej bhaag, bhaag teri maa ki *Awkward silence* ",persuassive,Slightly Negatively persuasive,0,0,0,0,0,0,0,0,Invective
san184.png,ye gaming app pe baar baar misho ka ad dena zaroori hai kya... ,non-persuassive,None,0,0,0,0,0,0,0,0,0
img84.png,"Kisi ne puchha ""Sanjay Raut ya Shiv sena ko lekar meme nahi banaya tumlogon ne?"" Hamme bhi keh diya ki abhi new building ko bane matr teen mahine hi hue hn. ",persuassive,Slightly Negatively persuasive,0,0,0,0,Irony,0,0,0,0
exa218.png,"Judge Sahab Ram Mandi Issue par decision de do Aapas me baith kar sulha lo, Judge sahab bafors par? Yaar kyu gade mude ukhad rahe ho ? Judge Sahab Kashmiri Pandit? Bahut purani baat ho gayi Ab jane do, Dahi handi ki height? Jallikuttu ? BCCI? Ye hue na national interest ke issues. Lao lao abhi decision deta hu. ",persuassive,Negatively persuasive,0,0,0,0,Irony,0,0,Satire,0
eng_file248.png,Bihar government urges centre to provide e-devices to achookida mein jaa ke dekhta hun kuch nhi milega ,persuassive,Slightly Negatively persuasive,0,Hyperboles,0,0,Irony,0,0,0,0
romann156.png,GST Implemented New India Born Good Night ,persuassive,Neutral,0,0,0,0,Irony,0,0,Satire,0
gay138.png,When your gay boyfriend dies of aids why is he oppening?... ,persuassive,Slightly Negatively persuasive,0,0,0,0,Irony,0,0,0,0
exa105.png,Welcome to the clup.. and keep your prize safe... and Thoughts to yorself. ,persuassive,Slightly Negatively persuasive,0,0,0,0,Irony,0,0,0,0
ramdev16.png,Kyu... Hila dala na ,persuassive,Neutral,0,0,0,0,0,0,0,Satire,0
exa84.png,"Most women who gave birth to mughal emperors were of hindu origin (65%) 11 out of 17 emperors had Hindu mothers, while 3 had mothers to Turkie-Mangol origin 2 had Persian mothers. and only 1 (Farrukhsiyar) had a mother of Kashmiri Pandit stock. ",persuassive,Positively persuasive,0,0,0,0,Irony,0,0,0,0
eng_file50.png,Pahle decide kar lo ki thand lag rahi hai ya nahi #poser. ,persuassive,Slightly Negatively persuasive,0,0,0,0,Irony,0,0,0,0
data99.png,"*During Shopping* ""Ma Sha Allah"" *Checks Price tag* ""Astaghfirullah"" ",non-persuassive,None,0,0,0,0,0,0,0,0,0
eng444.png,"Us dost ka sath kabhi mat chorna , jo jan ki bazi lga kar apki ghair mojudgi mai, Aapki attendance bo dy ",persuassive,Positively persuasive,0,0,0,0,0,0,0,0,0
eng151.png,"Radhika Apte , Radhika Kaapte, Radhika Naapte, Radhika Taapte. ",persuassive,Slightly Negatively persuasive,0,0,0,0,0,0,Puns_and_wordplay,0,0
img18.png,Love marriage is soooo mainstream. ,persuassive,Negatively persuasive,0,0,0,0,0,Analogies,0,Satire,0
meme_452.png,"Girls Before & After 21 Days Lockdown, Boys Before & After 21 Days Lockdown ",persuassive,Slightly Negatively persuasive,0,0,0,0,Irony,0,0,0,0
imggg141.png,"yes the rumor is true, #Mirzapur2 trailer has a lot of meme templates members* manadhe idhantha ",non-persuassive,None,0,0,0,0,0,0,0,0,0
san108.png,Kuchh toh gadbad hain ,non-persuassive,None,0,0,0,0,0,0,0,0,0
san179.png,Bollywood Memes fr. Sanju Baba ,non-persuassive,None,0,0,0,0,0,0,0,0,0
eng368.png,When a teammate shares his first aid bag mai toh terko harami samjhta tha tu toh dev - maanus niklare ,non-persuassive,None,0,0,0,0,0,0,0,0,0
salman26.png,Dear haters who are questioning his acting... first try to give this look in front of camera & 30-40 crew members then we will a debate on acting. ,persuassive,Slightly Positively persuasive,0,Hyperboles,0,0,0,0,0,0,0
data90.png,AD The Jokester Chehre pe hasi aur aankhon me gum hai. kya Aapko bhi lagta hai 2GB ek din ke liye kam hai? ,non-persuassive,None,0,0,0,0,0,0,0,0,0
fiiile81.png,When a relative visits you and gives you money without telling your parents ,persuassive,Slightly Negatively persuasive,0,0,0,0,Irony,0,0,0,0
fille40.png,Actor Sushant Singh Rajput Commits Suicide Today Bollywood Lost A Gem today rest in peace.,non-persuassive,None,0,0,0,0,0,0,0,0,0
salman296.png,Salman Khan and bail still a better love story than ' jab harry met sejal' ,persuassive,Neutral,0,0,0,0,0,Analogies,0,0,0
romann244.png,How much do you love me??? 78.00% Why not 100% 28% GST on Luxurious Items.! ,persuassive,Slightly Negatively persuasive,0,0,0,0,Irony,0,0,0,0
img57.png,After destroying my Own party ,persuassive,Neutral,0,0,0,0,0,0,Puns_and_wordplay,Satire,0
fiiile47.png,"Nibba - mat ro baby , 3 may ko to milna hi hai hamko.. *Modi ji- ",non-persuassive,None,0,0,0,0,Irony,0,0,Satire,0
fiiile98.png,Jaha Izzat nahi hoti waha jana nahi chahiye - Chanakya Matlab Aadmi ab apne ghar bhi naa jaye... ,persuassive,Slightly Negatively persuasive,0,Hyperboles,0,0,Irony,0,0,0,0
eng_file70.png,BIHARI Yungli gaand me de duga ,persuassive,Negatively persuasive,0,0,0,0,0,0,0,0,Invective
img44.png,When selected candidates go crazy with dowry demands inse haath mein sone ka katora dedo phir bhi ye bheek maangenge. ,persuassive,Neutral,0,Hyperboles,0,0,0,0,0,0,0
san122.png,When your friend goves away from the group to attend a call aurat ka chakkar babu bhaiya aurat ka chakkar. ,persuassive,Slightly Negatively persuasive,0,0,0,0,0,0,0,Satire,0
ramdev194.png,Patanjali announces first ayurvedic medicine for corona me to baba ramdev: shabash kachara shabash ,persuassive,Neutral,0,0,0,0,0,0,0,Satire,0
eeeng20.png,Wife ... How much do u love me? Husband....72% wife...why not 100% ? !! Husband...28% GST on * luxurious items...* #Budget 2017,persuassive,Slightly Negatively persuasive,0,0,0,0,Irony,0,0,0,0
img91.png,"Sanjay Raut Udhav Thackrey Cabinet Minister, Ministry of Memes in... ",persuassive,Neutral,0,0,0,0,0,0,0,Satire,0
exa46.png,Babuji exam se dar nahi lagta slow internet se lagta hai funny Indian Meme. Pncaptin. ,non-persuassive,Neutral,0,0,0,0,0,0,0,0,0
ramdev152.png,When baba Ramdev launch corona medicine coronil ayush mantralaya: apna dimaag mat chala,persuassive,Neutral,0,0,0,0,0,0,0,Satire,0
eng229.png,Thana kya hota hai ? tumhari koi gf hai? nahi.. police station ko kehte hain ,non-persuassive,None,0,0,0,0,0,0,0,0,0
gay7.png,"Barista: We're out of iced coffee, is regular coffee okay? Me: Uh, thanks, but I'a gay. ",non-persuassive,None,0,0,0,0,0,0,0,0,0
img62.png,Mai aaj jo kuch hu isme meme chat ka bahut bada hath hai ,persuassive,Neutral,0,Hyperboles,0,0,0,0,0,0,0
salman245.png,Don't know whether I was more heartbroken on the day my gf left Dr. Today....Being Inside hall and watching #Race3.,persuassive,Neutral,0,Hyperboles,0,0,0,0,0,0,0
eng_file204.png,CRUX. How NDA Retained Its Hold Over Bihar ,non-persuassive,None,0,0,0,0,0,0,0,0,0
romann61.png,"Chalo march karte hai !! ghotala ""August"" ka hai mahina ""may"" ka hai, to fir ""March"" kyon ??? ",persuassive,Neutral,0,0,0,0,0,0,Puns_and_wordplay,0,0
eng581.png,What if Digvijay Singh. Manish Tiwari and Manishankar Ayyar are actually RSS members and they're making congress look like idiots on purpose ,persuassive,Slightly Negatively persuasive,0,0,0,0,0,0,0,Satire,0
emo60.png,"When a relative gets something for me, from pardes Me: When mom says 'Thaw aith..pagah lagi paans!"" Me: ",non-persuassive,None,0,0,0,0,0,0,0,0,0
salman6.png,"Salman Khan's Movie Starter Pack Gunda who's actuall a policewala, Super cute actress who is on screen for max 20 mins , Literally the best actors as villains , Mudrdering physics. ",persuassive,Slightly Negatively persuasive,0,0,0,0,Irony,Analogies,0,Satire,0
fille8.png,When backbencher do assignment for the first time. *Teacher: ,non-persuassive,None,0,0,0,0,0,0,0,0,0
san201.png,"I only know 3 language english, hindi , galli galoch ",persuassive,Negatively persuasive,0,0,0,0,Irony,0,0,Satire,0
imggg149.png,"*When you forget to flush after peeing late night* Dad (in the morning): munna mute hain, munna hi pani dalenge ! ",persuassive,Neutral,0,0,0,Alliteration,0,0,0,0,0
data21.png,When your son's name is Allah Akbar And you lose him at the mall ,non-persuassive,None,0,0,0,0,0,0,0,0,0
fiiile24.png,"*Are you SURE you're gay!* 'is that a coshume?"" *Do you want to charge your garder?' ",persuassive,Negatively persuasive,0,0,0,0,0,0,0,0,Invective
salman115.png,"Wanted job opening for lead actor- -Race-3, Kick-2, Dabang-3, Bharat, Wanted-2, Partner-2, Sher Khan Qualifications - Unmarried 50+yrs, fair, minimum 10 firs against you, shirt removing habit look alike of Salman Khan Prefered..",persuassive,Neutral,0,0,0,0,0,0,0,Satire,0
salman49.png,Ab se isi mein baitha karoonga... ,persuassive,Neutral,0,0,0,0,0,0,0,Satire,0
data86.png,"Aladin When it comes to jugaad, no one can touch Indian Moms. #Respect",non-persuassive,None,0,0,0,0,0,0,0,0,0
san227.png,*Rhea Chakraborty allegedly'not co-operating' with ED in probe Asaram Bapu: Rhea Aayi Kya ? ,persuassive,Slightly Negatively persuasive,0,0,0,0,0,0,0,Satire,0
salman12.png,"He is on Bicycle! Foothpahts are safe...! Reapeat, footpaths are sage! ",persuassive,Neutral,0,0,0,0,0,0,0,Satire,0
salman229.png,"Salman Khan is the Iphone of Bollywood. Same acting in every movie. High market value, no improvements and blind fan following. ",persuassive,Slightly Negatively persuasive,0,0,0,0,0,Analogies,0,0,0
meme_928.png,mai kya karega re baba jaan k ? ,non-persuassive,None,0,0,0,0,0,0,0,0,0
salman289.png,"Etna bada ho gayi ho, biyah nahi hua hai tumhara? ",persuassive,Slightly Negatively persuasive,0,0,0,0,Irony,0,0,Satire,0
salman123.png,Bas aise hi rahna 10 min aur... ,persuassive,Neutral,0,0,0,0,0,0,0,Satire,0
eng_file167.png,When something awesome happens we say Garda uda diye re mardwa ,persuassive,Negatively persuasive,0,0,0,0,0,0,Puns_and_wordplay,0,0
eng42.png,Priya vs Smriti vs # Cutest Smile ,non-persuassive,None,0,0,0,0,0,0,0,0,0
romann206.png,"Odi ranikig to virat kohli bas yahi tak tha , jo tha. ",non-persuassive,None,0,0,0,0,0,0,0,0,0
img66.png,Meme creators' marriage dowry VR MEMES  2GB data meme templates picsart photogrid Apps memes Maamanar ,persuassive,Neutral,0,0,0,Alliteration,0,0,0,0,0
romann72.png,Tax GST CGST ,persuassive,Slightly Negatively persuasive,0,0,0,0,0,0,0,Satire,0
img83.png,Learns New Legal Maxim in Class adds 'latin' to spoken languages on facebook,persuassive,Neutral,0,0,0,0,Irony,0,0,0,0
romann26.png,GST Government say Thanks ! ,persuassive,Neutral,0,0,0,0,0,0,0,Satire,0
romann53.png,"I feel unsafe, Intolerance , Ifell unsafe, Facism, I fell unsafe she need BJP ticket.",persuassive,Negatively persuasive,0,0,0,0,Irony,0,0,Satire,0
gay121.png,Will you help me to find the ocean? *syfo me 20y/ome* wo raha pichhe Andhi hai kya l#wdi? ,non-persuassive,None,0,0,0,0,0,0,0,0,0
san214.png,Raam Raam Japna Paraya Maal Apna!! ,persuassive,Negatively persuasive,0,0,0,0,Irony,0,Puns_and_wordplay,Satire,0
romann61.png,"Chalo march karte hai !! ghotala ""August"" ka hai mahina ""may"" ka hai, to fir ""March"" kyon ??? ",persuassive,Neutral,0,0,0,0,0,0,Puns_and_wordplay,0,0
salman168.png,Salman Khan and Bail still a better love story than 'Jab harry met Sejal' ,persuassive,Neutral,0,0,0,0,0,Analogies,0,0,0
eeeng36.png,Mubarak ho GST hua hai ,persuassive,Neutral,0,0,Personification,0,0,0,0,0,0
eng592.png,*Result of math exam* friend : 12/100 Me: 13/100 Me Jali na? Teri jali na? ,non-persuassive,None,0,0,0,0,0,0,0,Satire,0
rhea125.png,I'm sorry babu ,persuassive,Slightly Negatively persuasive,0,0,0,0,Irony,0,0,Satire,0
romann174.png,me* dono alag alag hote hain kya ? ,persuassive,Neutral,0,0,0,0,Irony,0,0,0,0
rhea108.png,Me after seeing Rhea on #aajtak TV interview ayee sali savitri jada hosyari matt dikha haan... ,persuassive,Slightly Negatively persuasive,0,0,0,0,0,0,Puns_and_wordplay,Satire,0
img152.png,Jis race se mujhe nikaalne ki baat kar raha hai yeh bewakoof Wo yeh nahi jaante ki iss race ka sikandar mai hoon.. ,persuassive,Slightly Negatively persuasive,0,0,0,0,0,Analogies,0,Satire,0
img173.png,"Every time you talk to your wife, you should always remind yourself... 'This Conbersation will be recorded for training and quality purposes' ",persuassive,Neutral,0,Hyperboles,0,0,0,0,0,0,0
eng259.png,"Dekh bhai ladai apni jagah wishes apni jgah, happy new year. ",persuassive,Positively persuasive,0,0,0,0,0,0,Puns_and_wordplay,0,0
meme_942.png,"Somasa Khayega ? Nahi, Aaj Upvas Hai Mera Bhai mere taraf se hai Meethi chatni Dal ke laana. ",non-persuassive,None,0,0,0,0,0,0,0,0,0
eng468.png,Attendance ke piche mat bhago class me ek crush bnao attendance jhak maar ke aapke piche aayegi. ,persuassive,Neutral,0,0,0,0,Irony,0,0,0,0
romann114.png,"Engineers's reaction on ""work from home"" be like:- Cs engg* It's like I was made for this , Mech.engg.* abhi maza aayega na bhidu , If engg.* thoda dard hua par chalta hai , Civil Engg.* yeh kaun sa asthra hai prabhu. ",persuassive,Neutral,0,Hyperboles,0,0,Irony,0,0,0,0
eng_file143.png,MemesbyLakhan @MemesbyLakhan Wait for the twist Memesby Lakahn,non-persuassive,None,0,0,0,0,0,0,0,0,0
fiiile101.png,Behti hawa sa tha wo udti patang sa tha wo kahan gay ause dhundho. ,non-persuassive,None,0,0,0,0,0,0,0,0,0
salman217.png,Is race ka sinandar main hu. ,persuassive,Neutral,0,Hyperboles,0,0,0,0,0,0,0
eng557.png,When a cracker dosen't burst After Lighting it Dhokha Swabhav hai mera ,non-persuassive,None,0,0,0,0,0,0,0,0,0
romann160.png,"Amit Shah, Narendra Modi and Arun Jaitley while entering the Central Hall today before #GST Rolout. ",persuassive,Neutral,0,0,0,0,0,0,0,Satire,0
fille85.png,Dill bechara trailer has crossed 10m likes on you tube it has created a world record that is very hard to break. we have given the best possible tribute to Sushant Singh Rajput,non-persuassive,None,0,0,0,0,0,0,0,0,0
ramdev74.png,"Patanjali launches its ayurvadic madicine "" Coronil"", Claims drugs can cure Corona in 14 Days.. Le whole Indian to Corona virus be like.. ",persuassive,Neutral,0,Hyperboles,0,0,Irony,0,0,Satire,0
img44.png,When selected candidates go crazy with dowry demands inse haath mein sone ka katora dedo phir bhi ye bheek maangenge. ,persuassive,Neutral,0,Hyperboles,0,0,0,0,0,0,0
gay131.png,Gf: Baby phone ka password batao bf: nahi bataunga ,non-persuassive,None,0,0,0,0,0,0,0,0,0
fiiile72.png,"Ex : kya main tumhe abhi bhi yaad aati hu? Me: ha Ex : pure din ya bas raat ko? Me : nahi nahi, bas hagte time *EX ",persuassive,Slightly Negatively persuasive,0,0,0,0,0,0,0,0,Invective
fiiile43.png,"Maa kya ye sach hai ki jahan ladke ""L"" dalte hain, wahin se bache hote hain han...beta Ohh...to iska matlab mere bche muh se honge. ",persuassive,Negatively persuasive,0,0,0,0,Irony,0,0,0,0
img88.png,"Spoke to my ex after 10 years. "" Chaiwala or Paan shop owner ?"" She asks Prime minister of India, I said",persuassive,Neutral,0,0,0,0,Irony,0,0,0,0
fiiile61.png,Like a good neighbor stay over threre ,non-persuassive,None,0,0,0,0,0,0,0,0,0
exa149.png,"""Intolerance and bigotry are not what India is about! India is about-"" opens history back ""Uh oh."" frantically lips through pages "" Uh oh.Oh no, No , no, no , Uh oh."" ",persuassive,Slightly Negatively persuasive,0,0,0,0,Irony,0,0,0,0
rhea52.png,Me enjoying my friends wedding till people ask me Tumhari kab? ,non-persuassive,None,0,0,0,0,0,0,0,0,0
ramdev41.png,"Dhanda karo toh bada karo purushottam bhai, warna mat karo. ",persuassive,Neutral,0,0,0,0,0,0,0,Satire,0
romann74.png,GST Implemented New India born good night ,persuassive,Neutral,0,0,0,0,Irony,0,0,Satire,0
san240.png,Me:- Chalo mast abhi thodi padhai karleta hunn. Mobile:- Nahi ,persuassive,Neutral,0,0,Personification,0,0,0,0,0,0
eng_file64.png,"When you cracke an offensive world wr 3 joke America , Iran france Germany Japan Kashmir ",persuassive,Negatively persuasive,0,0,0,0,0,0,0,Satire,0
img139.png,*After Scolding* Mom: Chal ab naraz mat ho khana khale 10 y.o me: Nahi ,non-persuassive,None,0,0,0,0,0,0,0,0,0
eng424.png,Life mein jab kabhi Aapko financial problem Aati hai tab achanak he Aapko pata chalta hai ki Aapke saare rishtedar sudama hain. ,non-persuassive,None,0,0,0,0,0,0,0,0,0
gay37.png,"Google Maps: *go straight Karan Joker:Jocking , Whore ",persuassive,Negatively persuasive,0,0,0,0,0,0,Puns_and_wordplay,Satire,0
san68.png,Yeh gift lene k lye shaadi karna jaruri hai kya? ,non-persuassive,None,0,0,0,0,0,0,0,0,0
gay96.png,"Dad , I get in too easily next time you'll fine the right one, not every bottom is a hoe. ",persuassive,Negatively persuasive,0,0,0,0,0,0,0,0,Invective
salman243.png,Shishir Kunwar Hobby:football player favorite player: Salman Khan favorite actor : Ronaldo ,persuassive,Neutral,0,0,0,0,Irony,0,0,Satire,0
img175.png,hara*khor ladki naughty ,persuassive,Negatively persuasive,0,0,0,0,0,0,0,Satire,Invective
san170.png,Hit like for dutts Sanju baba with Manyata & their 2 kids #Raj* ,non-persuassive,None,0,0,0,0,0,0,0,0,0
salman24.png,When a wetare asks you to read tema and cosdions Intne bhaari gyaan ki zarurat nahi hai. ,non-persuassive,None,0,0,0,0,0,0,0,0,0
eng246.png,To physics ka exam kaisa gaya?? bhai aapka bekaar hi gaya hai... sablog fail hi honge le topper nibba sabka nahi hota... laxman.... ,non-persuassive,None,0,0,0,0,0,0,0,0,0
rhea43.png,Le babu bhaiya after #sorry babu Chya maayla..babu bhaiya se derect babu. ,persuassive,Slightly Negatively persuasive,0,0,0,0,0,0,0,Satire,Invective
eng372.png,"Camera man showed her for approx 2-3 seconds in yesterday's match, her instagram follwers got increased from sk to 47k and still increasing singles ki ashleelta dekh lo mitron. ",non-persuassive,None,0,0,0,0,0,0,0,0,0
salman189.png,Bhains ki aankh ye kya keh raha hai yahan par koi mujhe hindi mein batayega ,persuassive,Slightly Negatively persuasive,0,0,0,0,0,0,0,0,Invective
eng_file216.png,Atul Singh Shanu Bihar On Fire Salman is a Murderer #CBI Enquiry for Suhsant ,persuassive,Negatively persuasive,0,0,0,0,0,0,Puns_and_wordplay,Satire,Invective
eng622.png,When a new friend tries to be oversmart teri umar ka beta hai mera ,non-persuassive,None,0,0,0,0,0,0,0,0,0
fiiile115.png,Me: we're gonna have to perform a cavity search he: but the detector didn't even- Me: maim it's just protocol ,non-persuassive,None,0,0,0,0,Irony,0,0,0,0
salman70.png,"Salman Khan is true crusader against Nepotism to fight against this evil system, he decided not to have kids. ",persuassive,Neutral,0,0,0,0,0,0,0,Satire,0
exa67.png,Pandit Boy: My ex-girlfriend was s'x addict do not share this secret. Shweta to 111 people in zoom meeting: ,persuassive,Slightly Negatively persuasive,0,0,0,0,Irony,0,0,Satire,0
salman228.png,Salamn Khan was born in 1967 people before 1967 ,persuassive,Slightly Negatively persuasive,0,Hyperboles,0,0,Irony,0,0,Satire,0
pic394.png,Rahul Gandhi will go on a 'study tour' of the world to prepare for a 2019 face- off sith Modi ,persuassive,Slightly Positively persuasive,0,0,0,0,0,0,0,Satire,0
eng_file132.png,"Next Level Generation Bohat bura huu na me? dua kro mei marjaon : Dua b ham karen, khud kuch na kama Pablo esko maar 8.28pm ",persuassive,Slightly Negatively persuasive,0,0,0,0,0,0,Puns_and_wordplay,0,0
gay11.png,Son I have no problem with you being gay but couldn't you have found a nice indian boy? ,persuassive,Negatively persuasive,0,0,0,0,Irony,0,0,0,0
salman58.png,"Salman Khan is the best actor in Bollywood Tumhari mansik stithi aaj thik nahi lag rahi , hun kal phir ayenge Haha #TrollBollywood #Raj* ",persuassive,Slightly Negatively persuasive,0,0,0,0,0,0,0,Satire,0
romann40.png,Great wall of china comes in the seven wonders of the world. Coz It is the first and only chinese product which lasted that long.... ,persuassive,Slightly Negatively persuasive,0,0,0,0,0,0,0,Satire,0
data3.png,"Kaun hai binod? Nepali, Meet Binod Chaudhary, the richest man in Nadal with a not worth of $1.14 bilion. ",non-persuassive,None,0,0,0,0,0,0,0,0,0
romann142.png,When you are about to start and she coughs ,non-persuassive,None,0,0,0,0,0,0,0,0,0
exa90.png,*Home* word in every Spiderman movie title be like: *Home Permanent Hoon Sir. ,persuassive,Neutral,0,0,Personification,0,0,0,0,0,0
salman187.png,Her Look is more dangerous than Salman Khan's Driving Disha Patani :P ,persuassive,Neutral,0,0,0,0,0,Analogies,0,0,0
eng264.png,"Good night good n8, gd 98, gd. ",non-persuassive,None,0,0,0,0,0,0,0,0,0
salman78.png,My boss when I reach office on time. Aisa pehli baar hua hai 17-18 saalon mein. ,non-persuassive,None,0,0,0,0,0,0,0,0,0
ramdev157.png,"Aise game mai cheating hogi naa, toh mai nhi khelunga ",persuassive,Neutral,0,0,0,0,0,0,0,Satire,0
img32.png,Sorry babuji 0.8% reh gaye... kyun...? aakhir kiya kami reh gayi thi mere sanskaaron mein? ,persuassive,Neutral,0,0,0,0,Irony,0,0,0,0
exa112.png,India is so Intolerant Hum doosre gole par jaa raha hoon. ,persuassive,Slightly Negatively persuasive,0,0,0,0,Irony,0,0,0,0
romann146.png,When you accidentally type ,non-persuassive,None,0,0,0,0,0,0,0,0,0
img96.png,Maha: Sena MP Demands Special Parliament Session ,non-persuassive,None,0,0,0,0,0,0,0,0,0
gay101.png,When he with his straight friends in front of his gay crush,persuassive,Slightly Negatively persuasive,0,0,0,0,Irony,0,0,0,0
img172.png,"This man from Chhattisgarh married both his girlfriends in the same mandap in front of 500 people. They met on social media and he said I decided to marry both of Them because they both loved me, I can't betray them"". ",persuassive,Negatively persuasive,0,0,0,0,Irony,0,0,0,0
romann88.png,Girls after disturbing her boyfriedn boys after disturbing whole world. ,persuassive,Neutral,0,0,0,0,Irony,0,0,Satire,0
salman291.png,When you're making cold coffee but don't close the dhakkan properly. ,non-persuassive,None,0,0,0,0,0,0,0,0,0
romann21.png,"Aaj itne dino baad tumhari friend ghar Aayi, Bahot achha laga jeans pehen lo, payjaame mein tumhari khushi saaf nazar aa rahi hai ",persuassive,Slightly Negatively persuasive,0,Hyperboles,0,0,0,0,0,0,0
img60.png,Wwhn she doesn't bring dowry with her still that part! ,persuassive,Negatively persuasive,0,0,0,0,Irony,0,0,0,0
data87.png,Koi Aakhiri Iccha bahubali ?? get to the safe zone mama Are betichod... ,non-persuassive,None,0,0,0,0,0,0,0,0,0
eng_file219.png,Shadi mein ek aadmi bahut der se khana kha rha tha... kisi ne puchha - kitna khaoge...? aadmi bola - main bhi.... ,persuassive,Slightly Negatively persuasive,0,0,0,0,Irony,0,0,Satire,0
rhea102.png,"Mere flat pe loan hai 55 lakh ka. jiska emi 17 hazar hai, ab kaise chukaungi? yeah kaunsa bank hai re baba itna sasta loan deta hai. ",persuassive,Neutral,0,0,0,0,Irony,0,0,0,0
gay84.png,The school baby who called my mom gay Me My dad My other dad. ,persuassive,Neutral,0,0,0,0,Irony,0,0,0,0
fiiile92.png,Reply nahi karna toh message bhi seen mat kiya karo Zyada bezzati feel hoti hai ,non-persuassive,None,0,0,0,0,0,0,0,0,0
salman176.png,Naja ni life gaya oye teri.. meri maut aa gai Bhagggooooooooo!!! ,non-persuassive,None,0,0,0,0,0,0,0,0,0
salman166.png,Aise kaise bhenchod,persuassive,Negatively persuasive,0,0,0,0,0,0,0,0,Invective
salman86.png,Abey tuphir aagya... ,persuassive,Slightly Negatively persuasive,0,Hyperboles,0,0,0,0,0,Satire,0
eng462.png,Itni khushi itni khushi ,non-persuassive,None,0,0,0,0,0,0,0,0,0
salman237.png,Girls with photoshop i can't wait to make myself prettior boys with photoshop: ,persuassive,Slightly Negatively persuasive,0,0,0,0,0,0,0,Satire,0
fiiile125.png,Ho sakta hai unhe humse rishta nahi rakhna hai... koi baat nahi humari taraf se bhi koi jabardasti nahi hai,non-persuassive,None,0,0,0,0,Irony,0,0,0,0
fille34.png,*Varun Dhawan demands CBI enquiry in Sushant's case* le karan johar: saala saanp ko paal raha tha ,persuassive,Slightly Negatively persuasive,0,Hyperboles,0,0,Irony,0,0,0,0
imggg147.png,My books this days be like # Mirzapur2 jabb v kuch karne jate hain 2 min main dheh jate hain ,non-persuassive,None,0,0,0,0,0,0,0,0,0
exa66.png,#Shweta Zoom Call #ShwetaMICON #Pandit Pandit guy waiting for Shweta ,persuassive,Neutral,0,0,0,0,Irony,0,0,Satire,0
romann99.png,Aise hi andar ghus gaya.. kuch kar nahi raha ye ,non-persuassive,None,0,0,0,0,Irony,0,0,0,0
romann200.png,Friend : I just can't  understand 'GST'. Can you please explain it to me? me: ,persuassive,Neutral,0,0,0,0,0,0,0,Satire,0
salman56.png,Truly a Human being no matter whatever he has done in the past but his good deeds and helping nature can never be ignored. ,persuassive,Positively persuasive,0,0,0,0,0,Analogies,0,0,0
ramdev95.png,Battle of Maharashtrian food vs Gujarati food : yahi dekna baki tha Haan ye karlo pehle ,persuassive,Slightly Negatively persuasive,0,Hyperboles,0,0,0,0,0,Satire,0
salman27.png,Script Itne bhaari gyaan ki zarurat nahi hai ,non-persuassive,None,0,0,0,0,Irony,0,0,0,0
romann53.png,"I feel unsafe, Intolerance , Ifell unsafe, Facism, I fell unsafe she need BJP ticket.",persuassive,Negatively persuasive,0,0,0,0,Irony,0,0,Satire,0
eng224.png,Breakup hurts the most...!! kabhi papa ne ADIDAS ka bolkar ABIBAS ka kapda pehnaya hai.!! ,persuassive,Slightly Negatively persuasive,0,Hyperboles,0,0,Irony,0,Puns_and_wordplay,0,0
salman214.png,"Salman Khan after destroying his enemy carrer kabhi kabhi lagta hai , Apun hi Bhagwan hai...! ",persuassive,Neutral,0,Hyperboles,0,0,Irony,0,0,0,0
ramdev154.png,Anything bad happens in the country. Twitter: #Boycottkhans Khans: Hum koi mandir ka ghanta hai ki koi bhi aake jaata hai ,non-persuassive,None,0,0,0,0,0,0,0,0,0
fiiile114.png,"Alia, whom do you credit the success of your carrer? I want to thank my parents. especialy my mother and father. ",non-persuassive,None,0,0,0,0,Irony,0,0,Satire,0
eng_file173.png,Hum moon pe gya hun ek baar bada lull gola hai ,non-persuassive,None,0,0,0,0,0,0,0,0,0
rhea118.png,#Rhea Arrested NCB arrestes Rhea Chakraborty on 3rd day of grilling. LE SSRIANS akhir vo din aa hi gaya. ,persuassive,Neutral,0,Hyperboles,0,0,0,0,0,0,0
salman231.png,Harshvardhan: Vicky and katrina are in relationship Salman bhai. #Vicky Kaushal #Katrina Kaif # Harshvardhan kapoor #Salman Khan,non-persuassive,None,0,0,0,0,0,0,0,0,0
rhea138.png,*Rhea Chakraborty Says Ready for Arrest* Other B-celebrities Involved: lagta hai g*nd fatne waali hai ,persuassive,Slightly Negatively persuasive,0,0,0,0,0,0,0,Satire,Invective
san80.png,Us din mutth mar leta ,persuassive,Negatively persuasive,0,0,0,0,0,0,0,0,Invective
san185.png,@newt_sch bohot kuch life me ,non-persuassive,None,0,0,0,0,0,0,0,0,0
salman141.png,Proof that Salman Was behind the wheel ,non-persuassive,None,0,0,0,0,0,0,0,0,0
san198.png,#Sanju Baba Mera beta koi goora hua waqt nahi hai ki joh laut kar wapas nahi aa sakta Sanju. ,persuassive,Slightly Positively persuasive,Metaphors,0,0,0,0,0,0,0,0
eng296.png,Wo PUBJ me team valo ko revive karna jaruri hai kya ? ,persuassive,Slightly Negatively persuasive,0,0,0,0,0,0,Puns_and_wordplay,0,0
meme_362.png,"Nibba - Mat ro baby , 3 may ko to milna hi hai hamko *Modi Ji ",non-persuassive,None,0,0,0,0,0,0,0,0,0
fiiile96.png,Ho sakta hai unhe humse rishta nahi rakhna hai... koi baat nahi humari taraf se bhi koi jabardasti nahi hai,non-persuassive,None,0,0,0,0,0,0,0,0,0
eng275.png,How toppers go for exams how backbencheers go for exams. ,persuassive,Slightly Negatively persuasive,0,Hyperboles,Personification,0,Irony,0,0,0,0
san43.png,"After watching Ranbir's Acting in Sanju Trailer Sanju Baba be like- Mamu, tu toh apun se bhi aage nikal gaya! ",non-persuassive,None,0,0,0,0,0,0,0,0,0
salman270.png,"Teri baat dil mein aayi, samajh mein nahi!!!! Salman Khan funny pictures- Majakia.com - page 4",persuassive,Neutral,0,Hyperboles,0,0,0,0,0,Satire,0
salman169.png,What Salman Khan is capable of what Salman Khan is Doing. ,persuassive,Neutral,0,0,0,0,0,Analogies,0,0,0
ramdev27.png,Bilanchi naagin nighali ,persuassive,Neutral,0,0,0,0,0,0,0,Satire,0
san115.png,Vaastav sanju baba like/share/subscribe ,non-persuassive,None,0,0,0,0,0,0,0,0,0
eng247.png,Meeting with best friend after long time expections relaity ,persuassive,Neutral,0,0,0,0,Irony,0,0,0,0
san51.png,Pyasaram baapu se :d bechna ae haseeno ,persuassive,Negatively persuasive,0,0,0,0,0,0,Puns_and_wordplay,Satire,0
salman185.png,Comment Who is She? ,non-persuassive,None,0,0,0,0,0,0,0,0,0
fiiile110.png,Didi ye log pyaar kyu karte hain batao na plz leh didi ,persuassive,Slightly Negatively persuasive,0,0,0,0,Irony,0,0,0,0
romann239.png,"Samosa khayega? Nahi , Aaj Upvas Hai Mera Bhai mere taraf se hai, Meethi chatni dal ke laana ",non-persuassive,None,0,0,0,0,0,0,0,0,0
eng618.png,Vijay Shankar made 14 runs off 19 at no. 4 Aur  kya Chahiye ,non-persuassive,None,0,0,0,0,0,0,0,0,0
eng107.png,*During exam Me : iska answer kya tha. kal hi toh padha tha isse my mind : main tera boyfriend tu meri girlfriend. oh malnu. ,non-persuassive,None,0,0,0,0,0,0,0,0,0
fiiile100.png,Saddest picture on internet today ,non-persuassive,None,0,0,0,0,0,0,0,0,0
img9.png,Shivsena to Sanjay Raut after kangana's office demolished Itna naam bhi nai karna tha,persuassive,Neutral,0,0,0,0,0,0,0,Satire,0
fille62.png,34 - Year - Old bollywood star Sushant Singh Rajput Found dead of Apparent suicide in mumbai home ,non-persuassive,None,0,0,0,0,0,0,0,0,0
fille63.png,""" The only strong opinion that i habe about my self is that i don't have any opinions."" ",non-persuassive,None,0,0,0,0,0,0,0,0,0
san139.png,"Sanjay Dutt admitted to hospital for breathlessness, tests negative for Covid-19. pray for his quick recovery ",non-persuassive,None,0,0,0,0,0,0,0,0,0
romann76.png,Price hike demonetisation GST Public Dei mudiyala da ,persuassive,Slightly Negatively persuasive,0,0,0,0,0,0,0,Satire,0
emo20.png,Ye apke sath ek chhota sa prank hua hai wo udhar camera ki taraf dekh kar hath hila dijiye. ,persuassive,Slightly Negatively persuasive,0,0,0,0,0,0,0,Satire,0
san93.png,Mere jaisa duniya mein koi bhi nahin hey slow down punk!,persuassive,Neutral,0,0,0,0,Irony,0,0,Satire,0
eng_file47.png,Just a normal UP Bihari guy celebrating holi ,persuassive,Slightly Negatively persuasive,0,0,0,0,Irony,0,0,0,0
exa121.png,"Main kabhi batlaata nahin Intolerance se darta hoon main, maa Intolerance ka matlab bhi pata hai? kabhi bade daanton waale bachhon se pooch. ",persuassive,Slightly Negatively persuasive,0,0,0,0,0,Analogies,0,Satire,0
san79.png,Then Now ,persuassive,Slightly Negatively persuasive,0,0,0,0,0,0,0,Satire,0
img88.png,"Spoke to my ex after 10 years. "" Chaiwala or Paan shop owner ?"" She asks Prime minister of India, I said",persuassive,Neutral,0,0,0,0,Irony,0,0,0,0
san122.png,When your friend goves away from the group to attend a call aurat ka chakkar babu bhaiya aurat ka chakkar. ,persuassive,Slightly Negatively persuasive,0,0,0,0,0,0,0,Satire,0
san73.png,Radhe Maa giving tough flight to lady gaga ,persuassive,Slightly Negatively persuasive,0,0,0,0,0,Analogies,0,Satire,0
salman141.png,Proof that Salman Was behind the wheel ,non-persuassive,None,0,0,0,0,0,0,0,0,0
romann6.png,"Anyone has questions ?? Sir, Income tax salary ka kitna % hota hai?? Beta , Income tax tho badi cheej hai, teri salary pe tho GST bhi maaf hogi !!! ",non-persuassive,None,0,0,0,0,Irony,0,0,0,0
meme_354.png,"Bhai , Patang Udane ka pose dete huye...... ",persuassive,Slightly Negatively persuasive,0,0,0,0,0,0,0,Satire,0
eng_file21.png,Wait for the twist ,non-persuassive,None,0,0,0,0,0,0,0,0,0
salman227.png,Dank Indian memes ,persuassive,Slightly Negatively persuasive,0,0,0,0,0,0,0,0,Invective
fiiile82.png,When relatives see you in public with an opposite gender ,non-persuassive,None,0,0,0,0,0,0,0,0,0
salman289.png,"Etna bada ho gayi ho, biyah nahi hua hai tumhara? ",persuassive,Slightly Negatively persuasive,0,0,0,0,Irony,0,0,Satire,0
imggg109.png,BJB it cell: Thesethank fhal mame #Kashmir with modi * Bhakths Oh wow... Kashmir is supporting Modi Ji.... ,persuassive,Neutral,0,0,0,0,Irony,0,0,0,0
salman133.png,See my driving skills 'S' is silent in skills ,persuassive,Neutral,0,0,0,0,Irony,0,Puns_and_wordplay,0,0
imggg154.png,Mirzapur Season 2 Meme Templates Sher ki umar hai lekin boodha nahi hua h abhi vo Vo bhi theek ho jayegi kabhi bhi niyam badal sakta hai aaphi ka man tha n ,non-persuassive,None,0,0,0,0,0,0,0,0,0
eng483.png,Aur batao nahate kitne din me ho ,non-persuassive,None,0,0,0,0,0,0,0,0,0
data17.png,Allah is Watching When you protend to break your fast wtt the family but you and Allah know you already broke it earlier. ,persuassive,Slightly Negatively persuasive,0,0,0,0,Irony,0,0,0,0
eeeng25.png,Bas atni angrezi aawe hume inshallah boys played well. ,persuassive,Negatively persuasive,0,0,0,0,Irony,0,0,Satire,0
san22.png,Gurmeet Ram Rahim Singh Asaram Babu.,non-persuassive,None,0,0,0,0,0,0,0,0,0
img88.png,"Spoke to my ex after 10 years. "" Chaiwala or Paan shop owner ?"" She asks Prime minister of India, I said",persuassive,Neutral,0,0,0,0,Irony,0,0,0,0
ramdev38.png,Baba Ramdev be like Medicine banane me mera bhut experience hai ,persuassive,Neutral,0,0,0,0,0,0,0,Satire,0
romann183.png,"Jwelery mehengi , beauty parlour mein jaana mehenga, restautant mein khana mehenga!! mitro na biei rakha hu na kisi ko rakhne dunga. ",persuassive,Slightly Negatively persuasive,0,0,0,0,Irony,0,0,Satire,0
eng432.png,*When you bath after a week* Parents be like:- ye khabar chhapwa do akhbaar mein. ,non-persuassive,None,0,0,0,0,0,0,0,0,0
img89.png,Baat karke toh dekho humse Agr pyaar na ho jaye toh block kar dena. ,non-persuassive,None,0,0,0,0,0,0,0,0,0
exa82.png,AIB All India Bakchod Dog filter is Lyf. ,persuassive,Slightly Negatively persuasive,0,0,0,0,0,0,0,Satire,0
eng430.png,Sonam kapoor gives small msg to memers jo v kaho mehnat to jiju ne ki hai... sonak kapoor ko..sonam kapoor banane me.,persuassive,Slightly Negatively persuasive,0,0,0,0,0,0,Puns_and_wordplay,0,0
data44.png,"Friend: ""Tujhe kya lagta hai... Isbaar Bigg Boss kaun jaeetega?"" Me; 'Hindustani Bhau' Inner Me- Aur kisi ka naam bhi to nahi pata BC! ",non-persuassive,None,0,0,0,0,0,0,0,0,0
img84.png,"Kisi ne puchha ""Sanjay Raut ya Shiv sena ko lekar meme nahi banaya tumlogon ne?"" Hamme bhi keh diya ki abhi new building ko bane matr teen mahine hi hue hn. ",persuassive,Slightly Negatively persuasive,0,0,0,0,Irony,0,0,0,0
emo26.png,Samsung camera Oppo camera. ,non-persuassive,None,0,0,0,0,0,0,0,0,0
ramdev135.png,Your may lauch at my failure The retard kid from taare zameen par has finaly found corona vaccine but may success will cure your girl from covid. ,persuassive,Neutral,0,0,0,0,0,0,0,Satire,0
fiiile79.png,"Aaj itne dino baad tumhari friend ghar aayi , bahot accha laga jeans pehen lo, payjaame mein tumhari khushi saaf nazar aa rahi hai. ",persuassive,Slightly Negatively persuasive,0,Hyperboles,0,0,0,0,0,0,0
salman77.png,#BoycuttRadhe Salman Khan after watching this trend:- ,persuassive,Neutral,0,0,0,0,Irony,0,0,0,0
romann247.png,"Hello Mr XI, Welcome to India, Hi Mr. Modi how are you? I am told China is very beautiful I have been never been there , Realy let me show you some pics. ",persuassive,Slightly Positively persuasive,0,0,0,0,0,0,0,0,0
salman188.png,Come Rain Or Pandemic *BMC Swachhata Warior I will clean the city. ,persuassive,Slightly Positively persuasive,0,0,0,0,0,0,Puns_and_wordplay,0,0
rhea116.png,Sushant Mere sapno me aaye the aur kaha joo tell the truth- Rhea 50 rupya had overacting ka ,persuassive,Slightly Negatively persuasive,0,0,0,0,0,0,0,Satire,0
img46.png,Ky aneta banega re tu ,non-persuassive,None,0,0,0,0,0,0,0,0,0
romann242.png,What is GST...? good night sweet dream and..? Take care...! ,non-persuassive,None,0,0,0,0,0,0,0,0,0
img29.png,Mai aaj jo kuch hu isme meme chat ka bahut bada hath hai ,persuassive,Neutral,0,Hyperboles,0,0,0,0,0,0,0
img169.png,When Uddhav Thackeray dares CM Devendra Fadnavis to 'Resign' from the government. ,persuassive,Neutral,0,0,0,0,0,0,0,Satire,0
meme_795.png,"Samosa Khayega ? Nahi,Aaj Upvas Hai Mera Bhai mere taraf se hai Meethi chatni Dal ke laana ",non-persuassive,None,0,0,0,0,0,0,0,0,0
romann55.png,"Business, When they lose Input tax credit Galti kiye ",non-persuassive,None,0,0,0,0,0,0,0,0,0
imggg30.png,Boss:- What's your plan for the next month ? le project manager:- Matlab Aisa bilkul mmediate nahi soche hai but.. sochenge,non-persuassive,None,0,0,0,0,0,0,0,0,0
eng366.png,"Friend your friend A person with no brain foolish, useless, lazy who does all mental things... Areey kahena kya chate ho chutiya sir chuitya... ",non-persuassive,None,0,0,0,0,0,0,0,0,0
data24.png,"Girls after removing their whatsapp dp pucho zara pucho, mujhe kya hua hai.. ",persuassive,Slightly Negatively persuasive,0,0,0,0,Irony,0,0,0,0
romann188.png,Kids love sales tax mens love service tax only legends love GST ,non-persuassive,None,0,0,0,0,0,0,0,0,0
eng_file171.png,What people think we bihari look like How we actually looke like ,persuassive,Slightly Negatively persuasive,0,0,0,0,0,0,0,0,0
rhea127.png,"Dharti lok ,Patal lok ",persuassive,Neutral,0,0,0,0,0,0,Puns_and_wordplay,0,0
data22.png,Chinese Restaurant Indian Restaurant Middle-Eastorn Restaurant ,persuassive,Negatively persuasive,0,0,0,0,0,0,Puns_and_wordplay,0,0
fille17.png,For Sushant Singh Rajput for Mahest Bhatt Dear boys.... Ankita jaisi ko dil pe Rakho. ,persuassive,Negatively persuasive,0,0,0,0,Irony,0,0,0,0
meme_687.png,Ab kya karein ? Congres ka naam BJP Rakhte Hai.. ,persuassive,Neutral,0,0,0,0,0,0,0,Satire,0
eng167.png,Girls after cooking something at home during quarantine days to sabko dikhana padega na ,persuassive,Slightly Negatively persuasive,0,Hyperboles,0,0,0,0,0,0,0
ramdev148.png,"Patanjai commingh with coronil , World searching cube for Covid-19 Aayush",persuassive,Neutral,0,0,0,0,0,0,0,Satire,0
fiiile98.png,Jaha Izzat nahi hoti waha jana nahi chahiye - Chanakya Matlab Aadmi ab apne ghar bhi naa jaye... ,persuassive,Slightly Negatively persuasive,0,Hyperboles,0,0,Irony,0,0,0,0
salman131.png,"Happy 54th birthday to Salman Khan Started his carrer as a background dancer in which he earned rs 75 One of the most stylish handsome & highest paid actors in the world , Donates 70% money to poor for their education, food and treatment, 31 years in bollywood, 100+ films, 85+ awards many box office records. ",persuassive,Positively persuasive,0,0,0,0,0,0,0,0,0
data0.png,Shivam Dube Lays company making chips* chips be like:- Abe mereko to andar lo. ,persuassive,Neutral,0,0,Personification,0,0,0,0,0,0
eng330.png,What is it called when your crush has a crash at you? Imagination! ,non-persuassive,None,0,0,0,0,0,0,0,0,0
salman224.png,Name a friend who is crazy fan of Salman Khan. ,non-persuassive,None,0,0,0,0,0,0,0,0,0
romann56.png,Wife ... How much do u love me? Husband....72% wife...why not 100% ? !! Husband...28% GST on * luxurious items...* #Budget 2017,persuassive,Slightly Negatively persuasive,0,0,0,0,Irony,0,0,0,0
img99.png,"If one film makes Kangana Think that she is ""Rani Laxmi Bai"" Then Shahjah ki Padhmavati ",persuassive,Slightly Negatively persuasive,0,0,0,0,0,Analogies,0,Satire,0
romann3.png,When we laugh after seeing memes in mobile *Mom yaen da phone ah paithu sukura.. yaara yaacbum love panryaa daa? *me Love aah??! naan aah??!! ,non-persuassive,None,0,0,0,0,0,0,0,0,0
data73.png,hE: * I love You* She: Propose me in different style He: Kategi kya? ,non-persuassive,None,0,0,0,0,0,0,0,0,0
romann110.png,Chines pricident has finaly spoke on corona virus. me sad that lao ,persuassive,Slightly Negatively persuasive,0,0,0,0,0,0,0,Satire,0
img36.png,Doesn't Drink on Tuesdays Rapes Girls Instead. ,persuassive,Negatively persuasive,0,0,0,0,0,0,0,0,Invective
romann41.png,Carry's Video deleted by Youtube Memes and fans to Youtube- Oye !! Wapas rakh use This is the right time to react care for carryminati the best. ,persuassive,Slightly Negatively persuasive,0,0,0,0,0,0,0,0,Invective
eng469.png,When you are with your boyfriend and your relatives see you... ,non-persuassive,None,0,0,0,0,0,0,0,0,0
emo40.png,"Beta khana banana seekh lo ka ko saas bolegi, ma ne kuch nahi sikhaya hai. ",persuassive,Slightly Negatively persuasive,0,0,0,0,Irony,0,0,0,0
romann225.png,before GST After GST 28% on Cosmetics.Indians can relate... Dedicated to got fans From India... ,persuassive,Slightly Negatively persuasive,0,Hyperboles,0,0,Irony,Analogies,0,0,0
salman222.png,Hum yahan ke Robinhood hai... Robinhood Pandey! ,non-persuassive,None,0,0,0,0,0,0,0,0,0
eng506.png,"Yeh banda ab tak zinda kaise hai yaar? Ashwothama hai apun, kabhi nahi marega ",non-persuassive,None,0,0,0,0,0,0,0,0,0
eng55.png,Some guys after their first day at the gym- ,non-persuassive,None,0,0,0,0,0,0,0,0,0
exa181.png,Kam se kam 38 saal ka toh time de kya karein yogi ji congres ka naam BJP rakh dein. ,persuassive,Neutral,0,0,0,0,0,0,0,Satire,0
salman196.png,aap devil ke piche devil aapke piche too much fun ,non-persuassive,None,0,0,0,0,0,0,0,0,0
romann144.png,No animals were hurt in the making of the movie only 800 animators were ,persuassive,Neutral,0,0,0,0,Irony,0,0,0,0
data99.png,"*During Shopping* ""Ma Sha Allah"" *Checks Price tag* ""Astaghfirullah"" ",non-persuassive,None,0,0,0,0,0,0,0,0,0
salman288.png,# Real Cabinet Ministry of Road transport ,non-persuassive,None,0,0,0,0,0,0,0,0,0
meme_574.png,Rare Picture Of Salman Khan With His SUV Hehehehe...? ,persuassive,Neutral,0,0,0,0,Irony,0,0,Satire,0
romann115.png,Olympics dekhta koi nahi magar status sab labate hain ,persuassive,Neutral,0,0,0,0,Irony,0,0,0,0
emo8.png,Jis race se mujhe niaalne ki baat kar rahe hai yeh bewkoof wo yeh nahi jaante ki iss race ka sikandar mai hoon.. ,persuassive,Slightly Negatively persuasive,0,0,0,0,0,Analogies,0,Satire,0
data42.png,Muslims after finding out that their phone has 'Ram' but not 'Allah' ,persuassive,Slightly Negatively persuasive,0,0,0,0,Irony,0,Puns_and_wordplay,0,0
img25.png,Papa ne bole car denge tumhe nahi mujhe JCB chaiye Mazdoor Salaaa.. ,persuassive,Negatively persuasive,0,Hyperboles,0,0,0,0,0,0,0
fille56.png,Sushant Singh Rajput dog fudge is no more !! he stopped eating too. couldn't bear the pain of the loss of his owner. ,non-persuassive,None,0,0,0,0,0,0,0,0,0
meme_199.png,Jaha Izzat Nahi Hoti Waha Jana Nahi Chahiye - Chanakya Matlab Aadmi Apne Ghar Bhi Na Jaye.... ,persuassive,Slightly Negatively persuasive,0,Hyperboles,0,0,Irony,0,0,0,0
salman36.png,Shishir Kunwar happy football player favorite player Salman Khan Favorite actor Ronaldo ,persuassive,Neutral,0,0,0,0,Irony,0,0,Satire,0
data54.png,Dear Math I'm sick and tired of finding your X just accept the fact that she is gone. move on dude ,non-persuassive,None,0,0,0,0,0,0,0,0,0
romann248.png,Le Client : We want our project delivery within 3 days. Meanwhile Developer. ,persuassive,Neutral,0,0,0,0,Irony,0,0,0,0
eng207.png,Me : aaj se padhai shuru .. top karega tera bhai !! aise kaise bc?? ,persuassive,Negatively persuasive,0,0,0,0,0,0,0,0,Invective
salman1.png,Mistery solved Salman and his driver found ,non-persuassive,None,0,0,0,0,0,0,0,0,0
eng263.png,New years with family New years with friends ,persuassive,Slightly Negatively persuasive,0,0,0,0,0,Analogies,0,0,0
eng43.png,"Dekh bhai happy new year ho gya hai do whtever u want to do, man ! ",non-persuassive,None,0,0,0,0,0,0,0,0,0
romann163.png,"Varun : Alia what is GST Alia : Good morning , sweet dream, take care.",non-persuassive,None,0,0,0,0,0,0,0,0,0
ramdev145.png,Paisa hi paisa hoga ,non-persuassive,None,0,0,0,0,0,0,0,0,0
eng455.png,How csk starts every IPL how csk ends every IPL 8) ,non-persuassive,None,0,0,0,0,0,0,0,0,0
data17.png,Allah is Watching When you protend to break your fast wtt the family but you and Allah know you already broke it earlier. ,persuassive,Slightly Negatively persuasive,0,0,0,0,Irony,0,0,0,0
eng312.png,"When I don't reach home on time...!!! mai toh kabhi itna late nahin hota , *dad jaroor traffic mein hoga mera baccha kidnap hogya toh? ",persuassive,Neutral,0,Hyperboles,0,0,0,Analogies,0,0,0
meme_185.png,"Samosa khayega ? Nahi, Aaj Upvas Hai Mera Bhai mere taraf se hai Meethi Chatni Dal ke laana ",non-persuassive,None,0,0,0,0,0,0,0,0,0
san189.png,I am Telling you for the last time I am not the guy out on parole ,persuassive,Slightly Negatively persuasive,0,0,0,0,0,0,0,Satire,0
fille28.png,Experimenting with roles since his debut without fear of box office failure ladies & gentleman Sushant SIngh Rajput! ,non-persuassive,None,0,0,0,0,0,0,0,0,0
san65.png,Waqt aur dutt kab nikal jaate hain pata hi nahin chalta ,persuassive,Slightly Negatively persuasive,Metaphors,0,0,0,0,0,Puns_and_wordplay,Satire,0
eng411.png,"""Noramaly"" When my friends tell me their problems.",non-persuassive,None,0,0,0,0,0,0,0,0,0
romann31.png,"GST kya hai ? Good Night Sweet Dreams, Take Care GST is 'One Tax! If "" Only",non-persuassive,None,0,0,0,0,0,0,0,0,0
imggg144.png,"Relatives : Beta tumhare to 10th mei itne ache percent the, 12th mei talent khatam ho gya kya? Me: #Mirzapur 2 Talent toh bahot hai par mann nahi kiya. ",non-persuassive,None,0,0,0,0,0,0,0,0,0
meme_345.png,I'm Virgin Me too Same here They are telling truth ,persuassive,Negatively persuasive,0,0,0,0,0,0,0,Satire,0
eng152.png,Ky fayda itni badi technology ka. jab hm online kisi ko mukka nahi mar sakte ,persuassive,Slightly Negatively persuasive,0,Hyperboles,0,0,0,0,0,0,0
salman50.png,Salman Khan is the iphone of bollywood. same acting in every movie high market value no improvements and blind fan following ,persuassive,Slightly Negatively persuasive,0,0,0,0,0,Analogies,0,0,0
romann143.png,Ten please keep your long hair don't cut it ,non-persuassive,None,0,0,0,0,0,0,0,0,0
img62.png,Mai aaj jo kuch hu isme meme chat ka bahut bada hath hai ,persuassive,Neutral,0,Hyperboles,0,0,0,0,0,0,0
eng503.png,"Normal photo , Selfie, Edited photo, Adhar Card, Aadhar card zerox. ",non-persuassive,None,0,0,0,0,0,0,0,0,0
romann190.png,Demonetisation - 8PM GST law - Midnight Quata bill - 10PM Modi ji and Midnight still a better love story than twillight ,persuassive,Neutral,0,0,0,0,0,Analogies,0,Satire,0
eng610.png,"Religion wala jo column hota hai, usme hum bold aur CAPITAL me Indian likhte hai Haan tu aag mai ghee dal le BC. ",persuassive,Negatively persuasive,0,Hyperboles,0,0,0,0,0,0,Invective
exa214.png,Harsh Sinha Pandit Boy :- I'm trusting you. Plz don't tell anyone. Shweta on zoom call next day:- #Shweta Harjrat Hajrat Hajrat... ,persuassive,Slightly Negatively persuasive,0,0,0,0,Irony,0,0,Satire,0
gay131.png,Gf: Baby phone ka password batao bf: nahi bataunga ,non-persuassive,None,0,0,0,0,0,0,0,0,0
data109.png,*Me stpaggang to find something inmy driver* MCM After finding it in 5 secchss: Main is area ki queen hun ,non-persuassive,None,0,0,0,0,0,0,0,0,0
data51.png,I'm sorry I couldn't hear you over the sound of how deaf I am. ,non-persuassive,None,0,0,0,0,0,0,0,0,0
exa221.png,Group memebers to Shweta: mic on haiiiii.. Le inner feelings- #Shweta ,persuassive,Neutral,0,Hyperboles,0,0,Irony,0,0,Satire,0
rhea15.png,nvas laugh Aur bhai...Aagaya Swaad ,persuassive,Slightly Negatively persuasive,0,0,0,0,0,0,0,Satire,0
imggg87.png,"Kashmiri Pandits, The Forgotten Minority of India ",non-persuassive,None,0,0,0,0,0,0,0,0,0
meme_1179.png,Ab pata chala kyun jaana padta hai foreign trips par ? dusre countries ke saath acche relations banane ke liye ! ,persuassive,Neutral,0,0,0,0,Irony,0,0,Satire,0
salman213.png,2016 in memes do you use condom in India? No...we use censor board fivicol ka jod hai... tootega nahi!!!!.... ,persuassive,Neutral,0,0,0,0,Irony,0,0,0,0
fiiile1.png,oye 'wheat' ko Hindi mein kya kehte hain ???,non-persuassive,None,0,0,0,0,0,0,0,0,0
romann131.png,Agar is dfa tum fail huway to mujhe amma mat kehna On rusult ky ahua ,non-persuassive,None,0,0,0,0,0,0,0,0,0
rhea91.png,Current situation of #Arnab Goswami: Ae! Bharat Sarkar... izzat se ha.. ,persuassive,Neutral,0,0,0,0,0,0,0,Satire,0
romann59.png,Yahi power mujhe bhi chahiye ,non-persuassive,None,0,0,0,0,0,0,0,0,0
salman69.png,"Aisi koi, jagah nahi jahan me . gaya nahi bhai kabhi sasural gaye ho ? ",persuassive,Neutral,0,0,0,0,Irony,0,0,0,0
ramdev71.png,"Mharashtra bans sale of patanjali's Corona medicine for COVID-19, Warns Baba Ramdev Baba Ramdev be like: Dhandha Band karvaega kya ? ",persuassive,Slightly Negatively persuasive,0,Hyperboles,0,0,0,0,0,Satire,0
eng212.png,What is your qualification? MBBS wow! you're a doctor member of back bencher students.,non-persuassive,None,0,0,0,0,0,0,0,0,0
salman11.png,"When you watch hindi movie with english subtities this bondage is the bondage of love, its the intercourse of many births. ",persuassive,Neutral,0,0,0,0,Irony,0,Puns_and_wordplay,0,0
gay101.png,When he with his straight friends in front of his gay crush,persuassive,Slightly Negatively persuasive,0,0,0,0,Irony,0,0,0,0
gay130.png,Me choosing female characters in every video game your can't fight crime if your ain't cute. ,persuassive,Slightly Negatively persuasive,0,0,0,0,Irony,0,0,0,0
eng258.png,"7 din mein paisa triple, Show me the best scheme, 100 rs mein unlimited panipuri , I said the best, perfection. ",non-persuassive,None,0,0,0,0,0,0,0,0,0
eng53.png,"Papa , kya ho jayega agar mai photographer ban bhi gaya toh phir tu internet lagwyega aur facebook par photography page banayega. ",persuassive,Slightly Negatively persuasive,0,0,0,0,Irony,0,0,0,0
img56.png,The daily hera pheri meme project viral tweets on hera pheri memes the daily hera pheri meme project the viral translations. The deily hera pheri meme. ,non-persuassive,None,0,0,0,0,0,0,0,0,0
rhea12.png,Viewers ye koi tarika hai bheek mangne ka? ,persuassive,Slightly Negatively persuasive,0,Hyperboles,0,0,0,0,0,0,0
img102.png,"We are not India-Pakistan, Look at Aamir Khan and Kiran Rao, it is like them, Our (Shiv Sena, BJB) political ways are different but the friendship will remain intact Shiv Sena leader Sanjay Raut. ",persuassive,Negatively persuasive,0,0,0,0,0,Analogies,0,Satire,0
romann174.png,me* dono alag alag hote hain kya ? ,persuassive,Neutral,0,0,0,0,Irony,0,0,0,0
eng229.png,Thana kya hota hai ? tumhari koi gf hai? nahi.. police station ko kehte hain ,non-persuassive,None,0,0,0,0,0,0,0,0,0
meme_187.png,"Girls Before & After 21 Days Lockdown , Boys Befor & After 21 Lockdown ",persuassive,Slightly Negatively persuasive,0,0,0,0,Irony,0,0,0,0
romann96.png,"GST kya hai ? Good Night Sweet Dreams, Take Care GST is 'One Tax! If "" Only",non-persuassive,None,0,0,0,0,0,0,0,0,0
meme_252.png,Rare Picture Of Salman Khan With His SUV Hehehe...: P ,persuassive,Neutral,0,0,0,0,Irony,0,0,Satire,0
san180.png,Won hearts of fans ,non-persuassive,None,0,0,0,0,0,0,0,0,0
salman247.png,bezzati ,non-persuassive,None,0,0,0,0,0,0,0,0,0
eng_file153.png,"On 27 june 2018 A 13-Year-old girl from Nepal was found raped and murdered in a sugarcane field near her home. It's been 2 years but she hasn't got justice yet, Justice for Nirmala Panta Please Like and Share Bihari Memes. ",persuassive,Slightly Negatively persuasive,0,0,0,0,0,0,0,0,0
data10.png,"Teacher. So , There phases of matter are Solid, Liquid and Gas. 1st Benchers: Sir, you forgot the 4th, Last Benchers: Ya Allah isse aage bhi hota hai? ",non-persuassive,None,0,0,0,0,0,0,0,0,0
eng325.png,*on first date* Boy : Aap mujhe sach me like karti ho girl : ni karti.... Abey saale ,persuassive,Slightly Negatively persuasive,0,0,0,0,Irony,0,0,0,Invective
romann66.png,What is GST ? Good night sweet dreams take care. ,non-persuassive,None,0,0,0,0,Irony,0,0,0,0
salman157.png,Script Intne bhaari gyaan ki zarurat nahi hai ,non-persuassive,None,0,0,0,0,0,0,0,0,0
salman124.png,Itne saal ki saza kitne di me bahar? ,persuassive,Neutral,0,0,0,0,Irony,0,0,0,0
eng523.png,Madam kya mai is umar me baap ban sakta hu? nahi to ye baki is pinky ko.. faltu me dara rhe hai.. Class se bahar nikal...  ,persuassive,Slightly Negatively persuasive,0,0,0,0,Irony,0,0,Satire,0
romann79.png,"New song in market aise na mujhe tum dekho aise na mujhe tum dekho GST laga dunga... paise bhi chura lunga tumse, tax bhi laga dunga.",persuassive,Neutral,0,0,0,0,Irony,0,0,0,0
eng549.png,Yur expressions when the teacher announces a surprise test ,non-persuassive,None,0,0,0,0,0,0,0,0,0
fiiile108.png,When you're taking a shower and you hear your roommade celebrating the decrimination of gay sex. Naked and Afraid. ,persuassive,Slightly Negatively persuasive,0,0,0,0,Irony,0,0,0,0
salman84.png,Best of 2015 laughts!,non-persuassive,None,0,0,0,0,0,0,0,0,0
imggg119.png,Single people in their 30s fomdomg a house Landlords: Shadi ho gaya hai tumhara ,persuassive,Neutral,0,0,0,0,Irony,0,0,0,0
romann58.png,"What is GST? Earlier you had many "" Girl friends, friends, Half Friends"" Now Only One- ""wife"" Remember all day report everything you do report every details in time *best explanation of GST* ",persuassive,Positively persuasive,0,0,0,0,0,Analogies,0,0,0
data99.png,"*During Shopping* ""Ma Sha Allah"" *Checks Price tag* ""Astaghfirullah"" ",non-persuassive,None,0,0,0,0,0,0,0,0,0
gay10.png,My only two moods (gay judgement) gay fear ,persuassive,Slightly Negatively persuasive,0,0,0,0,Irony,0,0,0,0
romann233.png,"Anyone has, question?? Sir, Income tax salary ke kitna hota hai?? beta , income tax tho badi chee hai, teri salary pe tho GST maaf hoga!!! ",non-persuassive,None,0,0,0,0,0,0,0,0,0
fiiile53.png,"mangta hoon to deti nahi, jawab meri baat ka. deti ho to khara ho jata hai, rom rom jazbaat ka. kyun kehte ho bar bar daloo mein phool ghulab ka. ",persuassive,Slightly Negatively persuasive,0,0,0,0,0,0,Puns_and_wordplay,0,0
salman29.png,Indian momes basically comment who is she? ,non-persuassive,None,0,0,0,0,0,0,0,0,0
meme_1219.png,"Aise kaise bhenchod Salman Khan memes went viral after salman khan gets bail, Salman... ",persuassive,Negatively persuasive,0,0,0,0,0,0,0,0,Invective
eng_file137.png,"Oh pata nhi ji konsa nasha karta h *NCB Hum karte he pata , Aap chinta mat kijiye ",non-persuassive,None,0,0,0,0,0,0,0,0,0
meme_761.png,"Diye do haath , kya galat kiya ?",non-persuassive,None,0,0,0,0,0,0,0,0,0
img148.png,"Baajh ki nazar, cheeteh ki chaal or mota bhai par kabhi sandeh nahi karte. ",persuassive,Neutral,Metaphors,Hyperboles,0,0,0,0,0,Satire,0
imggg55.png,"Mirzapur season 2, Confirmed! Me and my bois- ",non-persuassive,None,0,0,0,0,0,0,0,0,0
exa31.png,Extreme Intolerance in India waitis he a National Icon ? ,non-persuassive,None,0,0,0,0,0,0,0,0,0
exa164.png,Modi be like #Election Result 2019 #Jeeega To Modi Hi # Thug Life Ab ye bol raha hai ki world cup bhi ham log hi khel lete hain ,persuassive,Neutral,0,0,0,0,0,0,0,Satire,0
eng269.png,Hindi mein: mein kho gaya hun tere pyar mein. ab tum b kho jao... english mein: in lost in us love. now u get lost. ,persuassive,Slightly Negatively persuasive,0,0,0,0,Irony,0,0,0,0
imggg119.png,Single people in their 30s fomdomg a house Landlords: Shadi ho gaya hai tumhara ,persuassive,Neutral,0,0,0,0,Irony,0,0,0,0
salman103.png,Very few people know that Salman Khan was the inspiration for new iphone's camera design. ,persuassive,Neutral,0,0,0,0,Irony,0,0,Satire,0
img162.png,"Every Indian Wedding: Sirf ladkiyon ko dekhne waale , Ladki waale aur Baarati , Dulhan ka Ex, Bina Invitation ke khana khane wale , Dulhan ka bhai kaam karte hue, Khana start hone ka wait karne wale. ",persuassive,Slightly Negatively persuasive,0,0,0,0,Irony,0,0,Satire,0
san190.png,Me: I will join gym from tomorrow ar cut my all body fat body fat: ab kaatne ki Aukaat na ho bhokna bhi nahi chahiye. ,persuassive,Neutral,Metaphors,Hyperboles,0,0,0,0,0,0,0
exa216.png,"Where is Intolerance....? Kiran rao wife of Aamir Khan says Martyr col. Santosh Mahadik's wife saying She want to leave India for safety of Their Children, Both Children will Join Indian Army to Safegurad our Country. The difference between actors wife and soldiers wife. ",persuassive,Slightly Negatively persuasive,0,0,0,0,Irony,Analogies,0,Satire,0
ramdev76.png,"Covid-19 Drug: Patanjali to Launch Ayurvedic Medicine with the name of ""Coronil"" to treat corona virus infection today This come into picture after patanjali CEO Acharya Balkrishna had claimed that the company has found a cure for covid-19 caused by the SARS-CoV-2.",non-persuassive,None,0,0,0,0,0,0,0,0,0
gay61.png,I Called justin bieber gay he hit me with his purse. ,persuassive,Slightly Negatively persuasive,0,0,0,0,Irony,0,0,Satire,0
img136.png,"Aata hai, jaata hai, phir waapas aajaata hai ",non-persuassive,None,0,0,0,0,0,0,0,0,0
imggg41.png,Pankaj Tripathi's nock aise deserves an award for best acting,non-persuassive,None,0,0,0,0,0,0,0,0,0
eng405.png,Me when the doctor tells me that drinking wine ism't considered a fruit diet. whaaaat? ,non-persuassive,None,0,0,0,0,0,0,0,0,0
gay122.png,Makes his biopic casts himsef as a villain. ,non-persuassive,None,0,0,0,0,0,0,0,0,0
salman0.png,#Black buck poaching case # Salman Khan #Salman Khan Judge - Where is dead body of that blackbuck? Salman Khan. ,persuassive,Slightly Negatively persuasive,0,0,0,0,Irony,0,0,0,0
gay23.png,"If you're not dating to marry them yur're duting for hartbreak let that sink in I'm dating to get my vagina licked, emily I'm sorry , is this some sort of eexual joke that I'm 10c gay 10 understand?  ",persuassive,Negatively persuasive,0,0,0,0,0,0,0,0,Invective
exa103.png,What I followed Islam What I expected a stable and prosperous society with high morals what I got ,persuassive,Negatively persuasive,0,0,0,0,0,Analogies,0,Satire,0
img89.png,Baat karke toh dekho humse Agr pyaar na ho jaye toh block kar dena. ,non-persuassive,None,0,0,0,0,0,0,0,0,0
romann54.png,Pewdiepie banned in china first time ? huh? ,persuassive,Neutral,0,0,Personification,0,Irony,0,0,0,0
eng577.png,Making plans in karan johar movies making plans in Anurag kashyap movies ,persuassive,Slightly Negatively persuasive,0,0,0,0,Irony,Analogies,0,0,0
san99.png,Baap numbari beta dus numbari ,persuassive,Slightly Negatively persuasive,0,0,0,0,0,0,Puns_and_wordplay,Satire,0
san166.png,Ranbir Kapoor as Sanju BaBa For Upcoming Sanjay Dutt's Biopic ,non-persuassive,None,0,0,0,0,0,0,0,0,0
romann72.png,Tax GST CGST ,persuassive,Slightly Negatively persuasive,0,0,0,0,0,0,0,Satire,0
data64.png,*When you buy beer for your friend* Friend- Mallik Itna kharcha ho gya hai to chips bhi le hi lete hai. ,non-persuassive,None,0,0,0,0,0,0,0,0,0
romann231.png,"When he heard GST means #goodand simple tax , #gstrollout#GSTteffect. ",persuassive,Slightly Negatively persuasive,0,0,0,0,Irony,0,0,Satire,0
eng350.png,"When you just got knocket out And your friend asks ""waha 8x scope lene chale?"" ",non-persuassive,None,0,0,0,0,0,0,0,0,0
gay133.png,*Suddenly electricity goes off in school* everyone in classroom: AVAVAVAVAAVAVAV,non-persuassive,None,0,0,0,0,0,0,0,0,0
fiiile118.png,Babny mazaa aaya ki nahi tumko aaya bohot mazaa aaya apna record hai aj tak koi bhi banda complaint leke nahi aaya. ,non-persuassive,None,0,0,0,0,0,0,0,Satire,0
salman132.png,#Rea; Cabomet  Ministry of Road transport ,non-persuassive,None,0,0,0,0,0,0,0,0,0
san151.png,"Ranbir wiatched all Sanjay Dutt films, Tv shows & Public Appearances to prepare for his role in the upcoming Sanjay Dutt's Biopic Aamir be like: That's by boy. ",persuassive,Slightly Positively persuasive,0,0,0,0,0,0,0,Satire,0
eng189.png,Honey singh before new traffic challan rule uncle ghar hai paisa hai gaadi after caught by traffic police for breaking rule. ,persuassive,Slightly Negatively persuasive,0,0,0,0,Irony,0,0,0,0
salman298.png,2016 in memes do you use condom in India No we use censor board fevicol ka jod hai... tootega nahi!!!... ,persuassive,Neutral,0,0,0,0,Irony,0,0,0,0
rhea128.png,"Breaking news Mahesh Bhatt is liks my father figure, Contery to what people made out of our relationgship aaya Rhea Chakraborty chamgadar ko ulta latkane se morr nhi banta ",persuassive,Negatively persuasive,0,0,0,0,0,Analogies,0,Satire,0
eng586.png,"*During exam* Me : Iska answer kya tha, kal hi toh padha tha isse my mind: main tera boyfriend. tu meri girlfriends, oh mainu. ",non-persuassive,None,0,0,0,0,0,0,0,0,0
salman150.png,Shah Rukh Khan had a affair after marriage Aamir Khan Announce his second divorce best is Salman khan forever Single. ,non-persuassive,None,0,0,0,0,0,0,0,Satire,0
imggg99.png,When you propose her infront of everyone but she wants to take you aside. She after Refunding you infront of Everyone Isliye keh rahe the ki akele mei baat karni ha. ,persuassive,Slightly Negatively persuasive,0,0,0,0,Irony,0,0,0,0
data84.png,Thana kya hota hai? Tumhari koi GF hai? Nahi.. Police Station ko kehte hain. ,non-persuassive,None,0,0,0,0,0,0,0,0,0
eeeng35.png,14 years old nibbi She how much do you love me he:82% She : Why not 100% He : 18% GST tax on luxrious items 14 years old nibbi. ,persuassive,Negatively persuasive,0,0,0,0,Irony,0,0,0,0
eng17.png,Kaal kyo nhi aaya tha ? JCB ki khoodai dekh rha tha Sir. Waah!!!,persuassive,Slightly Negatively persuasive,0,0,0,0,Irony,0,0,0,0
san88.png,"1 Trailer ,, Different looks, different Physique, different emotions! #Sanju Trailer Trully, no other would have played the role of ' Sanjay Dutt' Better than 'Ranbir Kapoor' ",persuassive,Positively persuasive,0,0,0,0,0,0,0,0,0
imggg66.png,Whenever I meet my relatives Meanwhile relatives to me:- chalo tumhen gyan ki baat batate hain ! ,non-persuassive,None,0,0,0,0,0,0,0,0,0
salman9.png,Bare picture of Salman Khan With his Driver ,persuassive,Neutral,0,0,0,0,Irony,0,0,Satire,0
salman262.png,meri aankhon me to dekh,persuassive,Neutral,0,0,Personification,0,0,0,0,0,0
data15.png,Used The Selfie Stick Before it was cool ,non-persuassive,None,0,0,0,0,0,0,0,0,0
gay28.png,My son is gay full movie ,non-persuassive,None,0,0,0,0,0,0,0,0,0
salman75.png,#Blackbuckpoaching case #Salman Khan #Salman Verdict Judge-Where is the dead body of that blackbuck ? Salman Khan. ,persuassive,Neutral,0,0,0,0,0,0,0,Satire,0
romann75.png,"GST tax footwear less than Rs. 500 to be taxed 5% and above Rs. 500 to be taxed 18% cen: govt , Footwear tax people IRU ya.. iru ya.. irukura tax eh katta mudila... ",persuassive,Slightly Negatively persuasive,0,Hyperboles,0,0,0,0,0,0,0
exa187.png,After the laked zoom audio call :- #shwetayourmicison #zoom #pandit pandit shweta ,persuassive,Slightly Negatively persuasive,0,Hyperboles,0,0,Irony,0,0,Satire,0
eng_file244.png,You can change friedns but not neighbours. Atal Bihari Vajpayee ,persuassive,Slightly Positively persuasive,0,0,0,0,0,0,0,0,0
salman245.png,Don't know whether I was more heartbroken on the day my gf left Dr. Today....Being Inside hall and watching #Race3.,persuassive,Neutral,0,Hyperboles,0,0,0,0,0,0,0
gay74.png,*Suddenly electricity goes off in school* Everyone in classroom: AVAVAVAVAVAVAVAV ,non-persuassive,None,0,0,0,0,0,0,0,0,0
san172.png,Last time Baba Ramdev visited Nepal Earthquake This Time Baba Ramdev Visited Nepal Again Earthquake # Back off Ramdev,persuassive,Slightly Negatively persuasive,0,0,0,0,Irony,0,0,Satire,0
san98.png,"*MSD, and then Raina announce their retirement* Literally all of us: Nahi, nahi , nahi, nahi: arey nahi bhai! ",non-persuassive,None,0,0,0,0,0,0,0,0,0
emo23.png,Ye apke sath ek chhota sa prank hua hai come join us! ,persuassive,Negatively persuasive,0,0,0,0,0,0,0,Satire,0
eng617.png,Drafter ke liye gharwalon se 2000 liye yeh mere beimani ki hadd thi Drafter phir nahi kharida yeh mere besharmi ki hadd thi Roll and Draw se exam deke ED clear kiya... yeh mere talent ki hoaad thi. ,non-persuassive,None,0,0,0,0,0,0,0,0,0
eeeng0.png,"GST kya hai ? Good night sweet dreams, take care ",non-persuassive,None,0,0,0,0,0,0,0,0,0
rhea34.png,"Beat my Crush *Le public, NCB & CBI team ",persuassive,Slightly Negatively persuasive,0,Hyperboles,0,0,Irony,0,0,0,0
img127.png,Good night I'll think about you. ,non-persuassive,None,0,0,0,0,0,0,0,0,0
salman225.png,"Diye do haat , kya galat kiya? ",non-persuassive,None,0,0,0,0,0,0,0,0,0
fille37.png,Actor Sushant Singh Rajput Commits Suicide Today Bollywood Lost A Gem today rest in peace.,non-persuassive,None,0,0,0,0,0,0,0,0,0
eng_file9.png,Did you know English Man : Why Indian ladies do not shake hands? Swami Vivekananda : Can an Ordinary Citizen of your Country shake hands with the queen? English Man: No.... Swami Vivekananda : In Our Country Each and every women is a queen. ,persuassive,Slightly Positively persuasive,0,0,0,0,0,Analogies,0,0,0
eng159.png,Shinchan ka school itna gareeb hai ki... school bus bhi principal hi chalata he.. ,persuassive,Slightly Negatively persuasive,0,Hyperboles,0,0,0,0,0,0,0
eng_file177.png,"GF Banaunga to srif.. A,R or P naam wali ladki ko ",non-persuassive,None,0,0,0,0,0,0,0,0,0
data8.png,When your Ex sitting close with his BF'  *Inner Me Allah maaf kare bahot manhus lag rahe ho mat karo rehne do ,persuassive,Slightly Negatively persuasive,0,0,0,0,Irony,0,0,0,Invective
data69.png,"Government Hospital, Government Schllo, Government Bus, Government Job. ",persuassive,Slightly Negatively persuasive,0,0,0,0,Irony,0,0,Satire,0
exa73.png,When jigri uses internet for he first time kus Taavan ,non-persuassive,None,0,0,0,0,0,0,0,0,0
eng_file86.png,The_Memers_Club *When my friend removes his whatsapp dp* le me : Kuch hua hai apko ya bas ese hi ? ,persuassive,Slightly Negatively persuasive,0,0,0,0,Irony,0,0,0,0
eng502.png,Lagta hai celebrities ke pandit shaadi mein mantra nahi memes pdhte hain ,persuassive,Slightly Negatively persuasive,0,0,0,0,0,0,0,Satire,0
eeeng15.png,Jewellery mehengi resturaent me khana mahenga beauty parlor jana mahenga mitronn ! na khud biwi rakhta hu na kisiko rakhne dunga. ,persuassive,Slightly Negatively persuasive,0,0,0,0,Irony,0,Puns_and_wordplay,Satire,0
eng550.png,Saala aaj tak ek baat samajh nhi aai jisko bhi mobile do vo sidha Gallery men hi kyon ghusta hain ! ,non-persuassive,None,0,0,0,0,0,0,0,0,0
exa78.png,"Meri taraf mat dekhiye, main aapki koi sahayata nahi kar paunga. ",persuassive,Neutral,0,0,Personification,0,0,0,0,Satire,0
emo31.png,Me one day before the exams ,non-persuassive,None,0,0,0,0,0,0,0,0,0
eng_file177.png,"GF Banaunga to srif.. A,R or P naam wali ladki ko ",non-persuassive,None,0,0,0,0,0,0,0,0,0
salman146.png,"Everyone is so busy prasing Jaoqvin phoenix for his ferformance as joker, that nobody noticed Salman Khan's guest oppearance in the movie, I mean, that car driver who hit the joker with his car. ",persuassive,Neutral,0,0,0,0,Irony,0,0,0,0
img87.png,People who took part in political betting and lost last night Mujhe mera paisa chaiye. ,persuassive,Slightly Negatively persuasive,0,Hyperboles,0,0,0,0,0,0,0
gay36.png,She : agar tum 90 dafa gunah karo gay toh sirf 45 daga pekray jaoge. He : Kese? She: Sin 90= cot 45 hahahahaha He : ,non-persuassive,None,0,0,0,0,0,0,0,0,0
salman109.png,"adidas, abibas ",persuassive,Slightly Negatively persuasive,0,0,0,0,Irony,0,Puns_and_wordplay,Satire,0
eng_file211.png,Bihari Bachi Jub t Mute hai tab tak Cute hai . ,persuassive,Negatively persuasive,0,0,0,0,0,0,Puns_and_wordplay,0,0
meme_493.png,Relative On Phone' Mom : ' You Want To Talk ?. Me:.... ,persuassive,Slightly Negatively persuasive,0,0,0,0,0,0,0,Satire,0
gay25.png,Sima maa ne aaj fir se lauki ki sabji bana di.. aisa nahin ho sakta..!! tum hamare saath aisa kabhi. ,non-persuassive,None,0,0,0,0,0,0,0,0,0
fille7.png,"Sushant Singh Rajput's family has decided that Sushant's Childhood home (In Rajiv Nagar, Patnaj will be turned into a memorial. His Thousands of books, personal telescope, flight simulator And other belongings will be kept there for his fans and admires. ",non-persuassive,None,0,0,0,0,0,0,0,0,0
gay68.png,When he cums by surprise ,persuassive,Slightly Negatively persuasive,0,0,0,0,0,0,0,0,Invective
data16.png,His beard was like.... ya allah! ,non-persuassive,None,0,0,0,0,0,0,0,0,0
fiiile11.png,"Nibba - mat ro baby , 3 may ko to milna hi hai hamko.. *Modi ji- ",non-persuassive,None,0,0,0,0,0,0,0,0,0
romann213.png,PR tested positive for covid Bahut galat hua re deva ,non-persuassive,None,0,0,0,0,0,0,0,0,0
romann225.png,before GST After GST 28% on Cosmetics.Indians can relate... Dedicated to got fans From India... ,persuassive,Slightly Negatively persuasive,0,Hyperboles,0,0,Irony,Analogies,0,0,0
romann65.png,"Before GST , After GST 28% on cosmetics Indian can relate... dedicated to got fans from India.... ",persuassive,Slightly Negatively persuasive,0,Hyperboles,0,0,Irony,Analogies,0,0,0
eng_file15.png,Kya rakha hai is kitabi sansaar me Aao top karein bina padhe bihar me !! ,persuassive,Slightly Negatively persuasive,0,0,0,0,Irony,0,0,0,0
romann213.png,PR tested positive for covid Bahut galat hua re deva ,non-persuassive,None,0,0,0,0,0,0,0,0,0
gay50.png,"Naam , Jalebi bai Aaj se tera naam 'rani lakshmi bai' ",persuassive,Slightly Negatively persuasive,0,Hyperboles,0,0,Irony,0,0,Satire,0
data33.png,When you hit the speed bump but it's starts screanning. ,persuassive,Slightly Negatively persuasive,0,0,Personification,0,0,0,0,0,0
eng_file148.png,"Her: I love your accent ,say it again Bihari guy:: Lipistick. ",persuassive,Slightly Negatively persuasive,0,0,0,0,0,Analogies,0,0,0
img106.png,BD gets married does not ask for dowry ,persuassive,Neutral,0,0,0,0,0,0,0,Satire,0
san184.png,ye gaming app pe baar baar misho ka ad dena zaroori hai kya... ,non-persuassive,None,0,0,0,0,0,0,0,0,0
fille72.png,Actor Sushant Singh Rajput Commits Sucide Found Hanging in his home ,non-persuassive,None,0,0,0,0,0,0,0,0,0
romann208.png,Not sure if lame pun or racist chinese joke ,persuassive,Neutral,0,0,0,0,0,0,Puns_and_wordplay,0,0
eng553.png,To physics ka exam kaisa gaya?? Bhai sabka bekaar hi gaya hai... sablog fail hi honge.... le topper sibba* sabka nahi hota.... lexama....,non-persuassive,None,0,0,0,0,0,0,0,0,0
fille66.png,Jeb khali ho gayi ,non-persuassive,None,0,0,0,0,0,0,0,0,0
ramdev172.png,"Patanjali Ayurved launched 'coronil', the first-ever clinically tested, veidence-based ayurvdic medicine for curing deadly covid-19 Anti-Covid Tablet Yoga guru Ramdev Baba claimed that 69 per cent of patients recovered within 3 days and 100 per cent in a week or 7 days. ",non-persuassive,None,0,0,0,0,0,0,0,0,0
eng_file249.png,Aise kya dekh raha he petrol pump ki malik haa ,persuassive,Slightly Negatively persuasive,0,0,0,0,Irony,0,0,0,0
eng164.png,Vicky kaushal as dad ! how's the diaper? dry sir! ,persuassive,Slightly Negatively persuasive,0,0,0,0,Irony,0,Puns_and_wordplay,0,0
eng271.png,When fukboli sharing stories about loyalty on instagram Prosonality ke hisab se kuch jyada nahi bol raha hai ye. ,persuassive,Negatively persuasive,0,0,0,0,Irony,0,0,0,0
data34.png,India is my country. All Indians are my Brothers & Sisters India is my country. All Inidans are my Brother and Sisters except Riya of 11'A' Ayushi of 11'C' ,persuassive,Slightly Negatively persuasive,0,Hyperboles,0,0,0,0,0,0,0
eng25.png,"Show me the best Simran , I said best, Perfecton. ",persuassive,Slightly Negatively persuasive,0,0,0,0,Irony,0,0,0,0
san47.png,Sanju baba when.... #Boycottsadak2 was trending: Mujhe drugs do.. Drugs do... Drugs do... Drugs do...Drugs do....Sanju baba when.... #Boycottsadak2 was trending: Mujhe drugs do.. Drugs do... Drugs do... Drugs do...Drugs do...,persuassive,Slightly Negatively persuasive,0,0,0,0,0,0,0,Satire,0
eng_file23.png,25 Indian baby names for boys with hindi or sanskrit origins ,non-persuassive,None,0,0,0,0,0,0,0,0,0
salman169.png,What Salman Khan is capable of what Salman Khan is Doing. ,persuassive,Neutral,0,0,0,0,0,Analogies,0,0,0
eng356.png,Main hoon soona sa ek aasmaan mehtab tu.. ,persuassive,Positively persuasive,0,0,Personification,Alliteration,0,0,0,0,0
fiiile39.png,"Spanish police, after being fooled by the professor yet again: mere pass koi alfaaz nahin hain, mujhe maaf kar dein, mujhe chutti de dein. ",persuassive,Slightly Negatively persuasive,0,0,0,0,0,0,0,Satire,0
ramdev142.png,Ayusn Ministry After Giving Baba Ramdev Permission To Make Immunity Booster For Cough And Fever: Hum toh papa ke pass karwane bole the. papa top hi karwa diye. ,persuassive,Neutral,0,0,0,0,0,0,0,Satire,0
romann214.png,"""I'm Indian"" Indian dad chines mom, 'I'm Indian*  Indian Dad Chinese Mom ""I'm Indian"" Indian dad chines mom 'I'm Malay* Indian dad malay Mom ",persuassive,Slightly Negatively persuasive,0,0,0,0,Irony,0,0,0,0
romann64.png,"Salman khan after destroying his enemy career kabhi kabhi lagta hai, apu hi bhagwan hai...! ",persuassive,Neutral,0,Hyperboles,0,0,Irony,0,0,0,0
romann29.png,jab aap galat hote ho ab underground hone ka samay aa gya h. ,non-persuassive,None,0,0,0,0,0,0,0,0,0
ramdev171.png,After complete trial of patanjali divya coronil. Balkrishna to Ramdev baba: Ek dum sahi hai launch kar dijiye. ,persuassive,Slightly Negatively persuasive,0,Hyperboles,0,0,0,0,0,Satire,0
fille59.png,Mai tumhari girlfriend nahi hoon le Sushant: Ti jao tereko pata nahi hai lekin tu hai ,persuassive,Neutral,0,Hyperboles,0,0,0,0,0,0,0
emo42.png,NCP to Shivsena Kaisa laga mera mazak ,non-persuassive,None,0,0,0,0,0,0,0,0,0
salman147.png,Chal jhootha ,non-persuassive,None,0,0,0,0,Irony,0,0,0,0
exa62.png,"Judge Sahab Ram Mandi Issue par decision de do Aapas me baith kar sulha lo, Judge sahab bafors par? Yaar kyu gade mude ukhad rahe ho ? Judge Sahab Kashmiri Pandit? Bahut purani baat ho gayi Ab jane do, Dahi handi ki height? Jallikuttu ? BCCI? Ye hue na national interest ke issues. Lao lao abhi decision deta hu. ",persuassive,Negatively persuasive,0,0,0,0,Irony,0,0,Satire,0
salman20.png,dhokaa swabhaav hai mera ,persuassive,Slightly Negatively persuasive,0,0,Personification,0,Irony,0,0,0,0
data56.png,When some girls wanna first but you already married and fear Allah ,persuassive,Slightly Negatively persuasive,0,0,0,0,Irony,0,0,0,0
data63.png,"Saali - Jeeja ji 500 rupee dedo, mai agle hafte de dungi... Jeeja- Pagli tu 500 nhi 1000, lele par abhi dede.!! ",non-persuassive,None,0,0,0,0,0,0,0,0,0
eng205.png,Enti bhogi roju kuda nonveg thintaara? maa frnd anthe ,persuassive,Slightly Negatively persuasive,0,0,0,0,Irony,0,0,0,0
img81.png,"Shivsena Then Vaha pe kokan ka baat , Shivsena Now Balasaheb on Ahmed Patel Ahmed Patel ki raah pe chalne wale Sanjay Raut. ",persuassive,Slightly Negatively persuasive,0,0,0,0,0,0,0,Satire,0
ramdev53.png,*after launching #Coronil* Baba Ramdev to other pharmaceutical companies: Tu kaun hai? Aukat kya hai tera/ ,persuassive,Slightly Negatively persuasive,0,0,Personification,0,0,0,0,Satire,0
salman127.png,Salman Khan is the first actor who donated his bone marrow to save a girl's life Shah Rukh Khan the first actor to launch a bone marrow transplant center Huge respect for both !! ,persuassive,Positively persuasive,0,0,0,0,0,0,0,0,0
data109.png,*Me stpaggang to find something inmy driver* MCM After finding it in 5 secchss: Main is area ki queen hun ,non-persuassive,None,0,0,0,0,0,0,0,0,0
salman157.png,Script Intne bhaari gyaan ki zarurat nahi hai ,non-persuassive,None,0,0,0,0,0,0,0,0,0
gay102.png,Behti hawa sa tha wo udti patang sa tha wo kahan gaya use dhundo? ,non-persuassive,Neutral,0,0,0,0,0,0,0,Satire,0
emo61.png,"Me:* having me time* Mom: kal doosre ghar jana ha, jab aadat nahi hogi, lagun me kaise baithogi. ",persuassive,Slightly Negatively persuasive,0,Hyperboles,0,0,0,0,0,0,0
exa76.png,bohot bohot dhanyawad Ab tum jaa sakte ho ,non-persuassive,None,0,0,0,0,0,0,0,0,0
eng163.png,"How ladies laugh at our memes ""Aki kinakuanga funny niverye hakinanga doh"" ",persuassive,Slightly Negatively persuasive,0,0,0,0,0,Analogies,0,0,0
eng223.png,When your best friend says something in front of your parents that he wasn't supposed to say 'ye hota hai chutzpah!' ,persuassive,Slightly Negatively persuasive,0,0,0,0,Irony,0,0,0,Invective
exa146.png,A Rare PIC of kashmiri pandits It became 'rare' as a price of secularism now we want our kashmir back #article35A Should go ,persuassive,Slightly Positively persuasive,0,0,0,0,Irony,0,0,0,0
salman110.png,"Salman Khan's movie starter pack gunda who's actually a policewala , Super cute actress who is on screen for max 20 mins mudering physics. ",persuassive,Slightly Negatively persuasive,0,0,0,0,Irony,Analogies,0,Satire,0
eng436.png,Never watch hindi movies with english subtitle !! hindi : funny memes ,persuassive,Slightly Negatively persuasive,0,0,0,0,Irony,0,Puns_and_wordplay,Satire,0
exa96.png,"Despite Srinagar being under curfew, A group of Muslims stepped out of Their homes to help in the las rites of a kashmiri pandit no matter how many burham wanis come to spread hatred, Indians will stand united Alway's ",persuassive,Positively persuasive,0,0,0,0,0,0,0,0,0
eng428.png,Before every exam your favourite tv show be like ,non-persuassive,None,0,0,0,0,0,0,0,0,0
san0.png,Danu piya...? toh ghar jao na Bhen**chod ,persuassive,Negatively persuasive,0,0,0,0,Irony,0,0,0,Invective
exa15.png,"Isi jagah mera plot hoga Idhar bhi mera plot hoga , Ye meri property, Udhar bhi mera plot, Udhar bhi meri property. ",non-persuassive,None,0,0,0,0,0,0,0,0,0
gay42.png,With film offer provider 2007 cubrent situation 2018 now a days most of the fresh male models situation be like. ,non-persuassive,None,0,0,0,0,0,0,0,0,0
img74.png,When foreigners came to know that indian men take dowry for marrying you gays are getting paid?? ,persuassive,Slightly Negatively persuasive,0,0,0,0,Irony,0,0,0,0
eeeng33.png,"Samosa khayega? Nahi , Aaj Upvas hai mera Bhai mere taraf se hai Meethi chatni dal ke laana ",non-persuassive,None,0,0,0,0,0,0,0,0,0
eng_file212.png,Every chath puja exists.... le non bihari friends:- thekua lana bhul ni jana re... ,persuassive,Slightly Negatively persuasive,0,0,0,0,0,0,Puns_and_wordplay,0,0
eng218.png,"Arjun kapoor: main toh superman salman ka fan""  yo yo : "" baby I'm a superman"" aur main dhudhwala. ",persuassive,Neutral,0,0,0,0,Irony,0,0,0,0
salman87.png,Itne bhaari gyaan ki zarurat nahi hai ,non-persuassive,None,0,0,0,0,0,0,0,0,0
imggg29.png,"Kashmiri Pandits trying to tell. the world about their genocide' 'Kashmiri Muslims, Communists liberals, pseud o human rights ao tivists' ",persuassive,Slightly Negatively persuasive,0,Hyperboles,0,0,0,0,0,Satire,0
meme_354.png,"Bhai , Patang Udane ka pose dete huye...... ",persuassive,Slightly Negatively persuasive,0,0,0,0,0,0,0,Satire,0
eng37.png,Ghar walon ko koi samjhao yaar ki subah hone mein aur neend puri hone mein farak hai ,non-persuassive,None,0,0,0,0,0,0,0,0,0
img156.png,Marriage lets you annoy one special person for the rest of your life. ,persuassive,Slightly Negatively persuasive,0,0,0,0,Irony,0,0,0,0
img58.png,"Logo ko ghar pahuchata jaa raa raha hai labours ko job dilwate jaa raha hai ,Kisi private govt ki tarah har field me xpert ki tarah kam kar raha hai yeh , isse roka na gaya to jald hi mumbai ka CM ban jaega. ",persuassive,Slightly Positively persuasive,0,0,0,0,0,0,0,Satire,0
rhea16.png,CBI officer nupur sen slapped Rhea chakraborty Meanwhile Rhea to Mahesh bhatt Mujhe kaise bhi karke yaha se nikaal mere bhai ,persuassive,Slightly Negatively persuasive,0,0,0,0,0,0,0,Satire,0
romann125.png,"When he heard GST means #good and simple tax, #gstrollout #GSTTeffect ",persuassive,Slightly Negatively persuasive,0,0,0,0,Irony,0,0,Satire,0
rhea41.png,*NCB tu sumon deepika padukone this week in bollywood drug probe* Rhea waiting for deepika like: ,persuassive,Neutral,0,0,0,0,0,0,0,Satire,0
salman94.png,How much for the arm? Not for sale. ,non-persuassive,None,0,0,0,0,0,0,0,0,0
data14.png,Mere pet me tumhare pyaar ki nishani h kyaa ?? lekin maine to aisa kuch nhi kiya!! Are tumne jo mujhe pyaar se bhel di thi na wo maine kha li oye zara thik thak hasi majak kiya karo meri jaan logi kya. wo to pahle hi tumhari h. ,non-persuassive,None,0,0,0,0,0,0,0,0,0
exa59.png,non veg kaise kha sakte ho ? Me: Kyu ki kashmiri pandits khaate hai. Friend: Mai nahi maanta Me: ,persuassive,Slightly Negatively persuasive,0,0,0,0,0,0,0,0,Invective
img26.png,Ladki wale: laxmi ki ke kripa se pasia toh itna hai ki dhanteras pe aap hi ki dukaan khareed se aap hi ko gift karde family who still take dowry stonks. ,persuassive,Neutral,0,Hyperboles,0,0,0,0,0,Satire,0
eng374.png,Dimag tho tab ghoom gaya jab pata chala '2 wanza 2' nahi '2 ones are 2' hota hai ,non-persuassive,None,0,0,0,0,0,0,0,0,0
san139.png,"Sanjay Dutt admitted to hospital for breathlessness, tests negative for Covid-19. pray for his quick recovery ",non-persuassive,None,0,0,0,0,0,0,0,0,0
eng_file12.png,"Maa, pati ke jaane se di ",persuassive,Slightly Negatively persuasive,0,0,0,0,0,0,0,Satire,0
imggg9.png,When you ask dad to take arts after 12th visudh police laike hi tuma yup rho! ,persuassive,Slightly Negatively persuasive,0,0,0,0,0,0,0,0,Invective
eng_file195.png,"Ek Bihari famous football player pele se mila Bihari: Kya naam hai tumhara ?? Pele : Hum Pele hain !! Bihari : Pele to hum bhi bahut hain BoseDK, Naam batao naam Bihari. ",persuassive,Slightly Negatively persuasive,0,0,0,0,0,0,Puns_and_wordplay,0,Invective
ramdev91.png,Coronavirus treatment: Ramdev's Patanjali launches Coronil kit for rs 545. WHO and Scientists bhai aap kamal ho bhai kamal ho. ,persuassive,Neutral,0,Hyperboles,0,0,0,0,0,Satire,0
san198.png,#Sanju Baba Mera beta koi goora hua waqt nahi hai ki joh laut kar wapas nahi aa sakta Sanju. ,persuassive,Slightly Positively persuasive,Metaphors,0,0,0,0,0,0,0,0
eng475.png,When someone says :- jee main ka result kaisa rha me ,persuassive,Slightly Negatively persuasive,0,0,0,0,0,0,0,0,Invective
exa140.png,"""Russian Aggression"" H/T murica today ,- Preston ",persuassive,Slightly Negatively persuasive,0,0,0,0,0,0,0,Satire,0
eng481.png,When you see your best friend tagging somebody else on facebook Aaj khush toh bahut hoge tum ,non-persuassive,None,0,0,0,0,0,0,0,0,0
exa32.png,"Yo dawg,we heard you hate intoleracne in India So we're gonna be Intolerant of your Intolerance of Intolerance in India. ",persuassive,Slightly Negatively persuasive,0,0,0,0,0,0,Puns_and_wordplay,Satire,0
eng33.png,"2018 meme calendar January, February, March, April, May, June, July, August, September, October, November , December. ",non-persuassive,None,0,0,0,0,0,0,0,0,0
data87.png,Koi Aakhiri Iccha bahubali ?? get to the safe zone mama Are betichod... ,non-persuassive,None,0,0,0,0,0,0,0,0,0
gay137.png,The hardest part of vaping is telling your parents you are gay ,persuassive,Negatively persuasive,0,0,0,0,0,0,0,0,Invective
rhea81.png,Rhea chakraborty said Mr. bhatt is a father figure for me people to rhea chakraborty: kamaal ki soch h inki ,persuassive,Neutral,0,0,0,0,Irony,0,0,Satire,0
data18.png,Duniya Pe hoga mera Raaj Ye toh apna Raju Hai re baba.. ,non-persuassive,None,0,0,0,0,0,0,0,0,0
eng_file194.png,Students and parents refused to eat the food cooked by a window at a government school in Bihar District Collector walks in to have a meal cooked by the wioow. Disgraces Protesters ,persuassive,Slightly Negatively persuasive,0,0,0,0,Irony,0,0,0,0
ramdev0.png,Ramdev's patanjali launches 'coronil' anti - covid tablets; '3-15 days cure; no mortality' peshab karte karte achanak dimag men aa gaya. ,persuassive,Negatively persuasive,0,Hyperboles,0,0,Irony,0,0,Satire,0
data107.png,When your son's name is Allah Akbar And you lose him at the mall ,non-persuassive,None,0,0,0,0,0,0,0,0,0
eng_file170.png,every well educated UP/Bihar niggas searching jobs in mumbai. Expectation Reality Dedh soo rupay dega ,persuassive,Slightly Negatively persuasive,0,0,0,0,0,0,Puns_and_wordplay,0,0
fiiile113.png,Women should know their role in reforming the society is as important as men ,persuassive,Positively persuasive,0,0,0,0,0,0,0,0,0
exa6.png,#Shweta Zomm Call # Shweta MicOn #Pandit Pandit guy waiting for Shweta ,persuassive,Neutral,0,Hyperboles,0,0,Irony,0,0,Satire,0
exa87.png,Everyone in grup:- please turn off your mic shweta Membership Shweta:- ,persuassive,Neutral,0,0,0,0,Irony,0,0,Satire,0
rhea56.png,Rhea Chakraborty Papa Raakhi aur saaxy punnu Rhea Chakraborty Memes. ,persuassive,Negatively persuasive,0,0,0,0,0,0,0,0,Invective
gay114.png,Gay couple at Italian Newspaper stall c.1960s.,non-persuassive,None,0,0,0,0,0,0,0,0,0
gay58.png,"Ha, Gaaaaaay Meme maker - Ha Gay generator ! ",non-persuassive,None,0,0,0,0,0,0,0,0,0
data3.png,"Kaun hai binod? Nepali, Meet Binod Chaudhary, the richest man in Nadal with a not worth of $1.14 bilion. ",non-persuassive,None,0,0,0,0,0,0,0,0,0
salman190.png,"Salman Khan says' I am a virgins, I will save my self for hte one,"" Indian Public Ye Ye Badhiya Tha Guru ",persuassive,Neutral,0,Hyperboles,0,0,Irony,0,0,0,0
romann97.png,"Parotas are not rotis and will attract 18% GST, says authrity koi sense hai iss baat ki ? Govt ko bahut lag rahi thi ",persuassive,Neutral,0,0,Personification,0,Irony,0,0,0,0
gay123.png,Is realy hot likes men ,non-persuassive,None,0,0,0,0,0,0,0,0,0
eng46.png,Roses are red violets are blue khaa meri kasam ? mar jaayenga tu. ,non-persuassive,None,0,0,0,0,0,0,0,0,0
eng613.png,Apna time ayega time be like: main likh ke deta hoon koi ni ayega ,non-persuassive,None,0,0,0,0,0,0,0,0,0
data109.png,*Me stpaggang to find something inmy driver* MCM After finding it in 5 secchss: Main is area ki queen hun ,non-persuassive,None,0,0,0,0,0,0,0,0,0
img159.png,"Sonu Sood is a good actor. there ia a different director for movies, the work he has done is good but there is a possibillity that there is a political director behind it- Sanjay Raut, Shiv Sena. ",persuassive,Negatively persuasive,0,Hyperboles,0,0,Irony,0,0,0,0
fiiile127.png,Me: we're gonna have to perform a cavity search he: but the detector didn't even- Me: maim it's just protocol ,non-persuassive,None,0,0,0,0,Irony,0,0,0,0
salman16.png,My Reaction when teacher makes me the monitor of the class ,non-persuassive,None,0,0,0,0,0,0,0,0,0
exa170.png,Ya toh zimmedaari uthao desh ko badalne ki ya nikal lo desh ko intolerant bol kar,persuassive,Slightly Negatively persuasive,0,0,0,0,Irony,0,0,Satire,0
exa18.png,When demanding human rights and freedom for themselves when asked about kashmiri pandits rights ,persuassive,Slightly Negatively persuasive,0,0,0,0,Irony,0,0,0,0
eng_file30.png,This girl exactly looks like this sloth from zootogia ,persuassive,Slightly Negatively persuasive,0,0,0,0,0,Analogies,0,0,0
meme_407.png,Salman Khan And Bail Still A Better Love Story Than 'Jab Harry Met Sejal' ,persuassive,Neutral,0,0,0,0,0,Analogies,0,0,0
salman295.png,I don't know who you are but I 'll find you and ramake your film. ,persuassive,Neutral,0,0,0,0,Irony,0,0,0,0
img98.png,"Sima Taparia , Vanajarao",non-persuassive,None,0,0,0,0,0,0,0,0,0
imggg55.png,"Mirzapur season 2, Confirmed! Me and my bois- ",non-persuassive,None,0,0,0,0,0,0,0,0,0
romann66.png,What is GST ? Good night sweet dreams take care. ,non-persuassive,None,0,0,0,0,Irony,0,0,0,0
img23.png,Thappad se daar nahi lagta saab kanyadaan se lagta hai ,persuassive,Slightly Negatively persuasive,0,Hyperboles,0,0,0,0,0,0,0
data55.png,When you overhear your downstairs neighbor talking about astrology ,non-persuassive,None,0,0,0,0,0,0,0,0,0
romann212.png,"""Gaaon mein jab baccha baccha rota hai to maa kehti hai, bete so jaa, so jaa nahi to tere aasuon pe bhi gabbar singh tax laga jaayega"" ",persuassive,Neutral,0,0,0,0,0,0,0,Satire,0
eng_file215.png,Home Delevary you are fast ,persuassive,Negatively persuasive,0,0,0,0,0,0,Puns_and_wordplay,Satire,0
eng170.png,"Rohit , Virat, Rahul Out covai paiyan da indian fans ",persuassive,Slightly Negatively persuasive,0,Hyperboles,0,0,0,0,0,0,0
eng473.png,"Me to gym everyday... main ek din aaunga, main ek din aaunga ",non-persuassive,None,0,0,0,0,0,0,0,0,0
fiiile64.png,Long distance relationship ,non-persuassive,None,0,0,0,0,0,Analogies,0,0,0
eng405.png,Me when the doctor tells me that drinking wine ism't considered a fruit diet. whaaaat? ,non-persuassive,None,0,0,0,0,0,0,0,0,0
san160.png,Ram Rahim ke jail aane ke baad ab Asaram Radhe Maa se apni feelings whare karte hue ,persuassive,Neutral,0,0,0,0,0,0,0,Satire,0
ramdev132.png,Ptanjali indroduce #CORONIL People: does it work? Ramdev baba: Iski guarantee me nahi de sakta,persuassive,Neutral,0,0,0,0,0,0,0,Satire,0
salman122.png,Bollywood stars after using the old age filter. ,non-persuassive,None,0,0,0,0,0,0,0,0,0
romann136.png,Singapore budge 2008: GST to be raised from 7% to 9% sometime in the next 7 years New GST hike lai liao !!! guess we gotta act fast.... ,non-persuassive,None,0,0,0,0,0,0,0,0,0
eng434.png,"Crush enters the class my friends looking at me , my friendly teacher who knows everything my reaction. ",non-persuassive,None,0,0,0,0,0,0,0,0,0
eng215.png,Friend:- bhai bahar jana h koi idea de Me:- ,non-persuassive,None,0,0,0,0,0,0,0,0,0
eng431.png,Bhaiyo 31 st ko kaha baithna hai... Happy new year 2019 funny memes - hindi shayari studio ,non-persuassive,None,0,0,0,0,0,0,0,0,0
eng566.png,"2021 Aane  ke baad yadi kisi ne bola "" miss you 2020"" Taange toad di jayengi uski.. ",non-persuassive,None,0,0,0,0,0,0,0,0,0
eng614.png,"Bhai, bohot mushkil se crush ne friend request accept ki thi dosto ne bhabhi bhabhi comment kar ke block karwa diya ",non-persuassive,None,0,0,0,0,0,0,0,0,0
salman280.png,Aise kaise bhenchod ,persuassive,Negatively persuasive,0,0,0,0,0,0,0,0,Invective
salman59.png,To all The people who think they are too smart. Create ur own identity 1st n'GET A LIFE'. Wait! I am sure u don't have any #patheticLosers ,persuassive,Slightly Negatively persuasive,0,0,0,0,Irony,0,0,0,0
salman278.png,Name a friend who is crazy fan of Salman Khan ,non-persuassive,None,0,0,0,0,0,0,0,0,0
eng_file88.png,You should know that Gwen is just ben without the thick lips ,persuassive,Neutral,0,0,0,0,0,Analogies,0,0,0
fiiile82.png,When relatives see you in public with an opposite gender ,non-persuassive,None,0,0,0,0,0,0,0,0,0
san101.png,Woh Enginnering karne ke baad MBA karna zaroori hai kya? ,persuassive,Neutral,0,0,0,0,Irony,0,0,0,0
eng554.png,"Indian family loves and care for each other in every moment .. ""Balmaar ek hota hai khichdi poora khaandan khaata hai"".. ",persuassive,Neutral,0,0,0,0,Irony,0,0,0,0
fille52.png,The Art. The Artist. ,non-persuassive,None,0,0,0,0,0,0,0,0,0
gay20.png,When Covid - 19 didn't kill anyone on your list. Why do I always have to do everything myself. ,persuassive,Negatively persuasive,0,Hyperboles,0,0,Irony,0,0,0,0
salman122.png,Bollywood stars after using the old age filter. ,non-persuassive,None,0,0,0,0,0,0,0,0,0
fiiile33.png,To be honest I experience same sex attraction ,non-persuassive,None,0,0,0,0,Irony,0,0,0,0
salman42.png,When you're making cold coffee but don't close the dhadkan properly. ,non-persuassive,None,0,0,0,0,0,0,0,0,0
romann153.png,"Mitron, Tum log task-task kar rahe the , yahi hai tumhara task.. Lockdown Khatam hone se pahle TikTok Khatam ho jana chahiye...! ",persuassive,Neutral,0,0,0,Alliteration,0,0,0,Satire,0
salman157.png,Script Intne bhaari gyaan ki zarurat nahi hai ,non-persuassive,None,0,0,0,0,0,0,0,0,0
eng260.png,Study in 2020 be like: yeh toh shuru hote hi khatam ho gaya.,non-persuassive,None,0,0,0,0,0,0,0,0,0
salman220.png,Mujhe ghar jaana hai ,non-persuassive,None,0,0,0,0,0,0,0,0,0
fille19.png,Breaking Sushant Singh Rajput has committed suicide. Reason is still unknown. WTF is going on. This can't be true. ,non-persuassive,None,0,0,0,0,0,0,0,0,0
rhea94.png,In search of gold I found a gold digger ,persuassive,Slightly Negatively persuasive,0,0,0,0,Irony,0,Puns_and_wordplay,Satire,0
emo24.png,Sala mere whatsapp pe ek banda itni sad shayri karta hai ki ab to mai bhi uski girlfriend ko miss karne laga hu. ,persuassive,Neutral,0,0,0,0,Irony,0,0,0,Invective
img164.png,*Sanjay Raut Says Haramkhor in Marathi Means Naughty* People who wrote marathi language: Naughty sab ke sab haramkhor hai saale. ,persuassive,Slightly Negatively persuasive,0,0,0,0,0,0,0,0,Invective
romann84.png,When I said nuke the chinese I meant put the take out in the microwave. ,persuassive,Slightly Negatively persuasive,0,0,0,0,Irony,0,Puns_and_wordplay,Satire,0
eng585.png,mujhe kuch nahi dikh raha maa ,non-persuassive,None,0,0,0,0,0,0,0,0,0
rhea70.png,Paisa gayab roast Rhea Chakraborty. ,non-persuassive,None,0,0,0,0,0,0,0,0,0
rhea46.png,CBSE topper gets 499/500 kaun hain ye log? kahan se aate hain ye? ,non-persuassive,None,0,0,0,0,0,0,0,0,0
exa91.png,Current Scenario Modi Indian People ,persuassive,Neutral,0,0,0,0,0,0,0,Satire,0
eng429.png,Today News Chennai mai student ko thapad marne par teacher par 50 hazar ka jurmana... Backbenchers : Iss hisab se to mere 4-5 crore rupee dub gye... ,non-persuassive,None,0,0,0,0,0,0,0,0,0
eng474.png,"After IPL, fans be like mujhe IPL teams ke naam na sunai dete hai na dikhai dete hai, sirf ek mulkh ka naam sunai deta hai..""India"" Indian cricket fans be like : P- Akash.",persuassive,Slightly Negatively persuasive,0,0,0,0,Irony,0,0,0,0
eng482.png,Hritik roshan: A mere dil tu gaayejaa!! Tushar kapoor: A aaye yaa oooo aaye yaaa!!! ,persuassive,Slightly Negatively persuasive,0,0,0,0,Irony,0,0,0,0
san40.png,Proven Guilty and Sentenced by A court of law but still nice guy because he'sa nice guy ,persuassive,Slightly Negatively persuasive,0,0,0,0,Irony,0,0,Satire,0
ramdev1.png,Patanjali release coronil medicine for corona virus. Ramdev baba right now: paisa hi paisa hoga. ,persuassive,Neutral,0,Hyperboles,0,0,0,0,0,Satire,0
img10.png,"Dad, what's dowry? I don't know son we're preetty boys ",persuassive,Slightly Positively persuasive,0,0,0,0,0,0,0,0,0
data36.png,"Saali - Jeeja ji 500 rupee dedo, mai agle hafte de dungi... Jeeja- Pagli tu 500 nhi 1000, lele par abhi dede.!! ",non-persuassive,None,0,0,0,0,0,0,0,0,0
salman86.png,Abey tuphir aagya... ,persuassive,Slightly Negatively persuasive,0,Hyperboles,0,0,0,0,0,Satire,0
eng604.png,"I love you Sorry, I hav hands. Sakhti dekh rehe ho lounde ki.... ",persuassive,Slightly Negatively persuasive,0,Hyperboles,0,0,0,0,0,0,0
meme_587.png,Bhai suna tume jail ho gayi?? aur main yaha tere liye maggi bana raha tha... maggi banane se pahle aa jaaunga pakka promiss.... ,persuassive,Neutral,0,Hyperboles,0,0,Irony,0,0,Satire,0
eng596.png,When your best friend throws a water balloon at you Kabhi kabhi aisa kyun hota hai... ki apne paraye ho jaate hain... ,non-persuassive,None,0,0,0,0,0,0,0,0,0
img78.png,Idhar Jio ka network achha hai. ,non-persuassive,None,0,0,0,0,0,0,0,0,0
eng598.png,Bhai dhokha ho gya dhoka...!! kaise bhai kya hua??? Ghar se books ke liye paise mangwaye the. ghar walon ne books hi bhej di...!! ,non-persuassive,None,0,0,0,0,0,0,0,0,0
romann6.png,"Anyone has questions ?? Sir, Income tax salary ka kitna % hota hai?? Beta , Income tax tho badi cheej hai, teri salary pe tho GST bhi maaf hogi !!! ",non-persuassive,None,0,0,0,0,Irony,0,0,0,0
imggg120.png,Chup! Ekdam chup rahiye ,non-persuassive,None,0,0,0,0,0,0,0,0,0
romann40.png,Great wall of china comes in the seven wonders of the world. Coz It is the first and only chinese product which lasted that long.... ,persuassive,Slightly Negatively persuasive,0,0,0,0,0,0,0,Satire,0
salman150.png,Shah Rukh Khan had a affair after marriage Aamir Khan Announce his second divorce best is Salman khan forever Single. ,non-persuassive,None,0,0,0,0,0,0,0,Satire,0
eng450.png,You're not the guy to make the sacrface play. Everything special about you came outn of a bottle ,non-persuassive,None,0,0,0,0,0,0,0,0,0
img24.png,"Funyula dowry negotiators for hire.. feel free to contact us on FB... on our way to webuye,, our mission and vision is to work best on reducing levels,, yesterday in Ugunja we managed to reduce it from 100k to 15k.. ",persuassive,Neutral,0,0,0,0,0,0,0,Satire,0
rhea105.png,In case you want to know exactly what #Rhea Chakraborty did last night in jail. Inian #media won't disappoint you. karvaten badalte rhe saari raat ham jele men kaise kati Rhea Chakraborty ki raat? jail men kaise biti Rhea ki raat? Rhea raatbhar karvaten badalti rahi.,persuassive,Negatively persuasive,0,0,0,0,0,0,Puns_and_wordplay,0,0
fiiile117.png,"Do din ke bad uski shaadi ho gayi , usko to apun do baje tak piya phir...phir keya hua? phir..phir keya agle din apne mohalle mein JCB aayi.. ",persuassive,Slightly Negatively persuasive,0,0,0,0,0,0,0,0,Invective
pic394.png,Rahul Gandhi will go on a 'study tour' of the world to prepare for a 2019 face- off sith Modi ,persuassive,Slightly Positively persuasive,0,0,0,0,0,0,0,Satire,0
eng357.png,"Asli dost kon hai? jo exam me ek ""khansi"" par aapki taraf dekhe. Adbhut ",non-persuassive,None,0,0,0,0,0,0,0,0,0
img133.png,*Friend who used to post romantic stuff starts posting motivational quotes* me: Aey...Aey...Aey.... Kataaaaa.,non-persuassive,None,0,0,0,0,0,0,0,0,0
salman52.png,#NAME?,non-persuassive,None,0,0,0,0,0,0,0,0,0
eng230.png,"When your best friend makes plans without you ""Aaj toh apna bad luck hi kharab hai"" ",non-persuassive,None,0,0,0,0,0,0,0,0,0
salman95.png,Not a meme: just a still of lord Rama before the deer hunt for Seeta Mata ,persuassive,Slightly Negatively persuasive,0,0,0,0,0,0,0,Satire,0
img48.png,naughty sab ke sab haramkhor hai saale ,persuassive,Slightly Negatively persuasive,0,0,0,0,0,0,0,0,Invective
imggg105.png,Chutiya hai yeh Important nahi humara ladka hai yeh important hai ,persuassive,Slightly Negatively persuasive,0,0,0,0,Irony,0,0,0,Invective
eng590.png,"Samosa khayega ? Nahi, Aaj upvas hai mera bhai mere taraf se hai meethi chatni dal ke laana",non-persuassive,None,0,0,0,0,0,0,0,0,0
eng_file118.png,Hair and make up when your leave home after 5 minutes in a rickshaw ,non-persuassive,None,0,0,0,0,0,0,0,0,0
salman133.png,See my driving skills 'S' is silent in skills ,persuassive,Neutral,0,0,0,0,Irony,0,Puns_and_wordplay,0,0
eng_file184.png,Modiji- Bihar elections kaise jitenge? Sahi khel rha hai tu Datsme pe sare Bihar MLA's ko friend bnalenge ,persuassive,Slightly Negatively persuasive,0,0,0,0,0,0,0,Satire,0
eng308.png,Ek Aunty thi deewani si.. Rasode mein kon tha.. bas yahi pucha karti thi... ,persuassive,Neutral,0,0,0,0,Irony,0,0,0,0
salman229.png,"Salman Khan is the Iphone of Bollywood. Same acting in every movie. High market value, no improvements and blind fan following. ",persuassive,Slightly Negatively persuasive,0,0,0,0,0,Analogies,0,0,0
eng279.png,"When someone asks ""who's your best friend"" to a group of 3 friends. Agar galat aur bohot galat me se chun na ha toh kise chunenge aap? ",non-persuassive,None,0,0,0,0,0,0,0,0,0
fiiile26.png,Leke kyu aaye he? wo zra medical store per ruk gya tha. that smile,non-persuassive,None,0,0,0,0,Irony,0,0,0,0
emo6.png,"Ek dum inhone waqt badal diya jazbat badal diye, Zindagi badal di. ",persuassive,Slightly Negatively persuasive,0,0,0,0,0,0,Puns_and_wordplay,Satire,0
eng408.png,"Hey alexa, playa song daata lahe mela dil tuhi meli mandil bhotiwali elexta ",non-persuassive,None,0,0,0,0,0,0,0,0,0
imggg120.png,Chup! Ekdam chup rahiye ,non-persuassive,None,0,0,0,0,0,0,0,0,0
salman243.png,Shishir Kunwar Hobby:football player favorite player: Salman Khan favorite actor : Ronaldo ,persuassive,Neutral,0,0,0,0,Irony,0,0,Satire,0
rhea64.png,Rhea Chakraborty sleeping peacefully SSR in her dream: Kem palty! ,non-persuassive,None,0,0,0,0,0,0,0,0,0
romann79.png,"New song in market aise na mujhe tum dekho aise na mujhe tum dekho GST laga dunga... paise bhi chura lunga tumse, tax bhi laga dunga.",persuassive,Neutral,0,0,0,0,Irony,0,0,0,0
data11.png,When someone replies to me in english me to google translator: padh toh be kaa likha hai ,non-persuassive,None,0,0,0,0,0,0,0,0,0
rhea121.png,"Desh bada raha hai DDLJ in 1995, Sadma in 1983, Jalebi in 2018 Aage badh raha hai ",persuassive,Slightly Negatively persuasive,0,0,0,0,Irony,0,0,0,0
salman23.png,Itne bhaari gyaan ki zarurat nahi hai ,non-persuassive,None,0,0,0,0,0,0,0,0,0
romann79.png,"New song in market aise na mujhe tum dekho aise na mujhe tum dekho GST laga dunga... paise bhi chura lunga tumse, tax bhi laga dunga.",persuassive,Neutral,0,0,0,0,Irony,0,0,0,0
fiiile87.png,Thug Life Pets of Normal people pets of dubai people ,non-persuassive,None,0,0,0,0,0,0,0,0,0
fiiile85.png,Babny mazaa aaya ki nahi tumko aaya bohot mazaa aaya apna record hai aj tak koi bhi banda complaint leke nahi aaya. ,non-persuassive,None,0,0,0,0,0,0,0,0,0
salman204.png,Jal me rahkar magar se bair thik nahin aur bollywood mai rahkar Salman Khan se Nahi. ,persuassive,Slightly Negatively persuasive,0,Hyperboles,0,0,0,Analogies,Puns_and_wordplay,0,0
salman76.png,"I'm virgin metoo , same here, They are telling truth ",persuassive,Negatively persuasive,0,0,0,0,0,0,0,Satire,0
data96.png,Nobody: not a single officer in CID: ACP pradyuman: Abhijeet pata lagao ye BTS India kyu nhi aa rahi hai? ,persuassive,Neutral,0,0,0,0,0,0,0,0,0
eng381.png,I'm so alone in this world toh aao kabhi haweli pe ,non-persuassive,None,0,0,0,0,0,0,0,0,0
eng569.png,"Maa- Baap ke shayad decisions galat ho sakte hai, par unki niyat kabhi kharab ni hoti Lmao Noob . ",persuassive,Slightly Negatively persuasive,0,0,0,0,Irony,Analogies,0,0,0
romann207.png,"What is GST..? Good night, sweet dreams and..? Take care...! ",non-persuassive,None,0,0,0,0,0,0,0,0,0
imggg57.png,Prime video Princess of Mirzapur ,non-persuassive,None,0,0,0,0,0,0,0,0,0
salman16.png,My Reaction when teacher makes me the monitor of the class ,non-persuassive,None,0,0,0,0,0,0,0,0,0
romann121.png,"Sau baar shukriya, sau shukriya hundred baar shukriya, billion baar shukriya . ",persuassive,Slightly Positively persuasive,0,0,0,Alliteration,0,0,0,0,0
eeeng9.png,"I feel unsafe, Intolerance , Ifell unsafe, Facism, I fell unsafe she need BJP ticket.",persuassive,Negatively persuasive,0,0,0,0,Irony,0,0,Satire,0
fiiile33.png,To be honest I experience same sex attraction ,non-persuassive,None,0,0,0,0,Irony,0,0,0,0
salman261.png,Tiger zinda hai aur blackbuck? uska kya Salman? Salman Khan convicted in Blackbuck poaching case: Funny memes of.... ,persuassive,Neutral,0,0,0,0,0,0,0,Satire,0
eng_file6.png,When you make memes on carryminati *His UP/Bihari Jio Audience: khabardar! baap hai hamare ,persuassive,Slightly Negatively persuasive,0,0,0,0,0,Analogies,Puns_and_wordplay,0,0
rhea107.png,Me requesting myself to take shower in winter's: ,non-persuassive,None,0,0,0,0,0,0,0,0,0
salman65.png,Ves . I'm a virgin After spending one night in jail with Aasharam,persuassive,Slightly Negatively persuasive,0,0,0,0,0,0,0,Satire,0
fiiile46.png,Suhagaraat hai ghunghat utha rha hun main... bhai update dete rehna hum online hai. ,persuassive,Slightly Negatively persuasive,0,0,0,0,0,0,0,Satire,0
exa136.png,One of the best ads made on Indian Army Bhukkad Yes. ,persuassive,Slightly Positively persuasive,0,0,0,0,0,Analogies,0,0,0
data58.png,"2021 Aane ke baad yadi kisi ne bola "" Miss you 2020"" Taange toad di jayengi Uski... ",persuassive,Slightly Negatively persuasive,0,Hyperboles,0,0,Irony,0,0,0,0
romann156.png,GST Implemented New India Born Good Night ,persuassive,Neutral,0,0,0,0,Irony,0,0,Satire,0
exa123.png,"Finaly someone raised their voice for kashmiri pandits after 30 years but I'm sure the ""Sick"" Ulars in India will protest Against the movie since they don't like seeing the truth. ",persuassive,Slightly Positively persuasive,0,0,0,0,0,Analogies,Puns_and_wordplay,0,0
ramdev24.png,"Patanjali developes Coronil drug against Covid-19. Meanwhile Ayurveda to modern medicine: pichli baar kya bola tha, Aukaat ",persuassive,Neutral,0,0,0,0,0,0,0,Satire,0
img53.png,Saala ye mere facebook pe ek banda itni sad shayri krta hai ab tou mai bhi uski girlfriend ko miss krne laga hoon. ,persuassive,Neutral,0,Hyperboles,0,0,0,0,0,0,0
eng_file145.png,"Me after getting 6,6,5 in ludo ",non-persuassive,None,0,0,0,0,0,0,0,0,0
data51.png,I'm sorry I couldn't hear you over the sound of how deaf I am. ,non-persuassive,None,0,0,0,0,0,0,0,0,0
salman247.png,bezzati ,non-persuassive,None,0,0,0,0,0,0,0,0,0
ramdev143.png,Baba Ramdev claims coronil medicile which will fight aganinst Corona patient Meanwhile Baba Ramdev to WHO: Kyu... Hila dala na ,persuassive,Neutral,0,0,0,0,0,0,0,Satire,0
rhea83.png,Agar didi na aisa acting filmo me ki hoti to national award mil jata ,persuassive,Neutral,0,0,0,0,0,0,0,Satire,0
fiiile28.png,"#Binod keeps trending on twitter. and his name on rest social media meanwhile #binod: dhanda karo toh baba karo purushottam bhai, warna mat karo. ",non-persuassive,None,0,Hyperboles,0,0,0,0,0,0,0
gay121.png,Will you help me to find the ocean? *syfo me 20y/ome* wo raha pichhe Andhi hai kya l#wdi? ,non-persuassive,None,0,0,0,0,0,0,0,0,0
fiiile130.png,#HighOnMX Gf: Baby phone ka password batao. Bf: Nahi bataunga ,non-persuassive,None,0,0,0,0,0,0,0,0,0
salman269.png,"Whan has got his first Oscar, Aisa pehli baar hua hai 18 saalon mein ",persuassive,Neutral,0,0,0,0,0,0,0,Satire,0
fiiile68.png,Me: Nothing can break me. anyone: * I love you 3000* Me: ,non-persuassive,None,0,0,0,0,Irony,0,0,0,0
salman115.png,"Wanted job opening for lead actor- -Race-3, Kick-2, Dabang-3, Bharat, Wanted-2, Partner-2, Sher Khan Qualifications - Unmarried 50+yrs, fair, minimum 10 firs against you, shirt removing habit look alike of Salman Khan Prefered..",persuassive,Neutral,0,0,0,0,0,0,0,Satire,0
meme_334.png,Crush ; I am a big fan of Salman Khan. *Me trying to impress her : Ae gadi Start kar ,persuassive,Neutral,0,0,0,0,0,0,0,Satire,0
eng_file121.png,"Answering dora, Or sititng in silence ",non-persuassive,None,0,0,0,0,0,0,0,0,0
salman267.png,Mujhe ghar jaana hai ,non-persuassive,None,0,0,0,0,0,0,0,0,0
fille50.png,Girls after hanging out for a while boys after hanging out for life. ,persuassive,Slightly Negatively persuasive,0,0,0,0,Irony,0,Puns_and_wordplay,0,0
meme_528.png,Bhad Me jaaye Rally.. Jaldi Bhago Chota Bheem Shuru Hone Wala Hai ,persuassive,Slightly Negatively persuasive,0,0,0,0,0,0,0,Satire,0
eng_file161.png,Just a normal UP Bihari guy celebrating holi ,persuassive,Slightly Negatively persuasive,0,0,0,0,Irony,0,0,0,0
san226.png,Munna bhai ki jhappi Radhe maa ki jhappi ,persuassive,Neutral,0,0,0,0,0,0,0,Satire,0
exa133.png,Iski gurantee hum nhi de sakte ,non-persuassive,None,0,0,0,0,0,0,0,0,0
san145.png,One thing is definitely sure with Sanju Baba Biopic you're either going to be a huge fan of Sanjay Dutt or Ranbir Kapoor ,persuassive,Neutral,0,0,0,0,Irony,0,0,0,0
eng_file77.png,"Kitna bhi padh lo, likh lo office ke darvaje pe push yaa pull padh kar do second sochna padta hai ki kheenchna hai ki dhakelna hai ",non-persuassive,None,0,0,0,0,0,0,0,0,0
meme_51.png,ab underground hone ka samay aa gya hai ,non-persuassive,None,0,0,0,0,0,0,0,0,0
eng413.png,"Nibba - mat ro baby , 3 may ko to milna hi hai hamko.. *Modi ji - ",non-persuassive,None,0,0,0,0,0,0,0,0,0
eng_file210.png,"Gujrat , Maharashtra, Delhi , UP ",persuassive,Slightly Negatively persuasive,0,0,0,0,0,0,0,Satire,0
fiiile130.png,#HighOnMX Gf: Baby phone ka password batao. Bf: Nahi bataunga ,non-persuassive,None,0,0,0,0,0,0,0,0,0
fiiile125.png,Ho sakta hai unhe humse rishta nahi rakhna hai... koi baat nahi humari taraf se bhi koi jabardasti nahi hai,non-persuassive,None,0,0,0,0,Irony,0,0,0,0
img69.png,Stop giving your daughters to beggars,persuassive,Positively persuasive,0,0,0,0,0,0,0,Satire,0
salman203.png,When you are working with Salman Khan but still hvae to pramote your brand. ,persuassive,Slightly Negatively persuasive,0,0,0,0,Irony,0,0,0,0
eng326.png,Vo dekh Saamne drop gir raha hai. jaldi chal ye drop hame hi milega *after 2 minuts* bhai tu revive matt kar warna tu bhi pela jayega bhaag yahan se. ,non-persuassive,None,0,0,0,0,0,0,0,0,0
ramdev193.png,Patanjali announces dedicine to cure corona scientists all over the worked. Asli kaam toh yen kar rahe hain. hum to bas apni marwa rahe hain. ,persuassive,Neutral,0,0,0,0,0,0,0,Satire,0
romann114.png,"Engineers's reaction on ""work from home"" be like:- Cs engg* It's like I was made for this , Mech.engg.* abhi maza aayega na bhidu , If engg.* thoda dard hua par chalta hai , Civil Engg.* yeh kaun sa asthra hai prabhu. ",persuassive,Neutral,0,Hyperboles,0,0,Irony,0,0,0,0
fiiile105.png,Aayi just called to say aayi love you ,persuassive,Positively persuasive,0,0,0,0,0,0,Puns_and_wordplay,0,0
data44.png,"Friend: ""Tujhe kya lagta hai... Isbaar Bigg Boss kaun jaeetega?"" Me; 'Hindustani Bhau' Inner Me- Aur kisi ka naam bhi to nahi pata BC! ",non-persuassive,None,0,0,0,0,0,0,0,0,0
gay123.png,Is realy hot likes men ,non-persuassive,None,0,0,0,0,0,0,0,0,0
ramdev94.png,Baba Ramdev After making Coronil ,persuassive,Neutral,0,Hyperboles,0,0,0,0,0,Satire,0
salman293.png,My boss when I reach office on time. Aisa pehli baar hua hai 17-18 saalon mein. ,persuassive,Neutral,0,0,0,0,0,0,0,Satire,0
romann214.png,"""I'm Indian"" Indian dad chines mom, 'I'm Indian*  Indian Dad Chinese Mom ""I'm Indian"" Indian dad chines mom 'I'm Malay* Indian dad malay Mom ",persuassive,Slightly Negatively persuasive,0,0,0,0,Irony,0,0,0,0
romann97.png,"Parotas are not rotis and will attract 18% GST, says authrity koi sense hai iss baat ki ? Govt ko bahut lag rahi thi ",persuassive,Neutral,0,0,Personification,0,Irony,0,0,0,0
eng273.png,Foreign Serial' I love semebody else lets break up its ok enjoy your life. *Indian Serial* aaj meri dost pooja ka phone aya tha kya ! kya ! kya dhoom tana nana aaaa ree gaaa maa dhoom tana nana.,persuassive,Negatively persuasive,0,Hyperboles,0,Alliteration,Irony,0,0,0,0
gay115.png,Gay prank ,non-persuassive,None,0,0,0,0,0,0,0,0,0
img117.png,"Stop giving your daughters to beggars stand angainst dowry. Teach them to be strong. independent, loving caring respectful. ",persuassive,Positively persuasive,0,0,0,0,0,0,0,Satire,0
meme_993.png,"Leave application by a cute child o master ji, wen I cum, rain cham cham leg my fisla, I gira dham. Niche my bag & upar was hum. Isliye 2 days, I not cum. ",non-persuassive,None,0,0,0,0,0,0,0,0,0
salman42.png,When you're making cold coffee but don't close the dhadkan properly. ,non-persuassive,None,0,0,0,0,0,0,0,0,0
eeeng0.png,"GST kya hai ? Good night sweet dreams, take care ",non-persuassive,None,0,0,0,0,0,0,0,0,0
salman209.png,Mujjse dur raha kar tu ,persuassive,Slightly Negatively persuasive,0,0,0,0,Irony,0,0,0,0
romann83.png,great wall of china comes in the seven wonders of the world. Coz It is the first and only chinese product which lasted that long.... ,persuassive,Slightly Negatively persuasive,0,0,0,0,0,0,0,Satire,0
emo55.png,After scolding mom : chal ab naraz mat ho khana khale 10 y.o.me: Nahi ,non-persuassive,None,0,0,0,0,0,0,0,0,0
san155.png,Ye manly nahi hai yaar May be I'm not a man ,non-persuassive,None,0,0,0,0,0,0,0,0,0
meme_631.png,GF Vo Hai Jo Aap Ki Saari Aadaton Ko Badal Degi Phir 2 Saal Baad Kahegi Babu Tum Pehle Jaise Nahi Rahe',persuassive,Slightly Negatively persuasive,0,0,0,0,Irony,0,0,0,0
eng430.png,Sonam kapoor gives small msg to memers jo v kaho mehnat to jiju ne ki hai... sonak kapoor ko..sonam kapoor banane me.,persuassive,Slightly Negatively persuasive,0,0,0,0,0,0,Puns_and_wordplay,0,0
meme_1174.png,"Pehle shadi mein dulhan ki tarah sirf dulhan taiyar hoti thi Ab photo upload ke chakkar mein sari girls ""Dulhan"" Ki tarah taiyar hoti hai ",persuassive,Slightly Negatively persuasive,0,Hyperboles,0,0,0,0,0,0,0
emo41.png,Me after installing VPN: me Han apun ne cheating kiya jo ukhadna hai ukhad le J&K Government ,persuassive,Slightly Negatively persuasive,0,0,0,0,0,0,0,Satire,Invective
rhea126.png,Sushant Mere sapno me aaye the aur kaha joo tell the truth kaay be bolte kaay bi fekte  ,persuassive,Slightly Negatively persuasive,0,0,0,0,0,0,0,Satire,0
salman153.png,Mai aa jaun apnipar ,non-persuassive,None,0,0,0,0,0,0,0,0,0
gay83.png,Not gay... Just Indian ,persuassive,Slightly Negatively persuasive,0,0,0,0,Irony,0,0,0,0
salman220.png,Mujhe ghar jaana hai ,non-persuassive,None,0,0,0,0,0,0,0,0,0
eng_file38.png,When he is from up/bihar but he doesn't eats gutka kaafi shareeg familly se belong karta hai ,persuassive,Negatively persuasive,0,0,0,0,Irony,0,0,0,0
romann49.png,Seculars' reaction on mob lynching Seculars' reaction on bengal riots. ,persuassive,Slightly Negatively persuasive,0,0,0,0,0,0,0,Satire,0
romann231.png,"When he heard GST means #goodand simple tax , #gstrollout#GSTteffect. ",persuassive,Slightly Negatively persuasive,0,0,0,0,Irony,0,0,Satire,0
eng462.png,Itni khushi itni khushi ,non-persuassive,None,0,0,0,0,0,0,0,0,0
salman145.png,Mera hi jalwa,non-persuassive,None,0,0,0,0,0,0,0,0,0
eeeng30.png,GST GST Everywhere ,non-persuassive,None,0,0,0,0,0,0,0,0,0
eng479.png,"Relligion wala jo column hota hai, usme hum bold aur CAPITAL me INDIAN likhte hai haan tu aag mai ghee dal le BC.",persuassive,Negatively persuasive,0,Hyperboles,0,0,0,0,0,0,Invective
san2.png,Kaun hai be tu? pradhan montri? Nahi ,persuassive,Slightly Negatively persuasive,0,0,0,0,0,0,0,Satire,Invective
romann47.png,"Teacher checking back benchers papers ye bhi galat hai, ye bhi galat hai , ye bhi galat hai, ye bhi galat hai ",non-persuassive,None,0,0,0,0,0,0,0,0,0
romann237.png,Alia: Yar I want to understand this GST To phir aao kabhi haweli pe. ,non-persuassive,None,0,0,0,0,0,0,0,0,0
eng546.png,we dont care about our teeth.... we love vimal pan masala yeah ' pan masala is life.,persuassive,Slightly Negatively persuasive,0,0,0,0,Irony,0,0,Satire,0
data38.png,Teachr : Tumlog aage kyu nai baith te? Backbenchres: Ya Allah isse bhi aage hota hai kya ,persuassive,Slightly Negatively persuasive,0,Hyperboles,0,0,0,0,0,0,0
romann5.png,"What in GST..? Good night , sweet dreams and...? Take care...! ",non-persuassive,None,0,0,0,0,0,0,0,0,0
san103.png,Wo larki patane k liye food share karna jaruri hai kya ? ,persuassive,Neutral,0,0,0,0,Irony,0,0,0,0
exa49.png,Pata nahi aise situations mein main automatically aage kaise aa jata hoon ,non-persuassive,None,0,0,0,0,0,0,0,0,0
meme_191.png,"Ranveer+Deepika = Ra**ee , Priyanka + Nick = Piknik , Kapil+ Ginak = Neppll ",persuassive,Slightly Negatively persuasive,0,0,0,0,0,0,Puns_and_wordplay,0,Invective
eng_file239.png,"Saala Hindustan mein jab tak cineba hai ""Log chutiya bante Rahenge"" ",persuassive,Negatively persuasive,0,0,0,0,0,Analogies,Puns_and_wordplay,0,Invective
eng178.png,"Do din ke bad uski shaadi ho gayi , us raat apnu do baje tak piya, phir...phir keya hua? phir..phir keya agle din apne mohalle mein jcb aayi...",persuassive,Slightly Negatively persuasive,0,0,0,0,0,0,0,0,Invective
meme_640.png,Arrey... Maaa Ch*di Padhi Hai.. Arey bhai bhai bhai.... After spending one night In Jail with Aasharaam Salman Khan Blackbuck case ultimate funny meme compilation - YouTube. ,persuassive,Slightly Negatively persuasive,0,Hyperboles,0,0,0,0,0,Satire,Invective
data101.png,"Mujhe divorce chahiye, mere pati active nahi hai.. Lekin tumhare pati to kabaddi champion hai Yahi to problem hai, sirf touch karke bhag jaate hai ",persuassive,Slightly Negatively persuasive,0,0,0,0,Irony,Analogies,0,0,0
data72.png,After watching #KunalKamraroast Allah maaf kare bahot manhus lag rahe ho mat karo rehne do ,non-persuassive,None,0,0,0,0,0,0,0,0,0
meme_1090.png,Kaal kyo nhi aaya tha ? JCB ki khoodai dekh rha tha sir. Waah!!!! ,persuassive,Slightly Negatively persuasive,0,0,0,0,Irony,0,0,0,0
salman211.png,When you're making cold coffee but don't close the dhadkan properly. ,non-persuassive,None,0,0,0,0,0,0,0,0,0
fiiile118.png,Babny mazaa aaya ki nahi tumko aaya bohot mazaa aaya apna record hai aj tak koi bhi banda complaint leke nahi aaya. ,non-persuassive,None,0,0,0,0,0,0,0,Satire,0
meme_1177.png,Sad kyun ho ? mere parents mere haath pila karna chahate hai isme bura kya hai tum shaadi ke layak ho gayi ho but mujhe pila rang nehi pasand i love pink galti ho geyi behen ,non-persuassive,None,0,0,0,0,0,0,0,0,0
eng_file65.png,Shot me the great bihari.. I said the best.. Perfection..,persuassive,Slightly Negatively persuasive,0,0,0,0,Irony,0,0,0,0
eng449.png,"Goli marun ya marun line , will you be my valentine? ",non-persuassive,None,0,0,0,0,0,0,0,0,0
meme_567.png,Car m baith kar chutiyo ki trh live ana zaruri h kya ? ,non-persuassive,None,0,0,0,0,0,0,0,0,0
fille41.png,Sushant Singh Rajput's last movie dil bechara's trailer is out now his smile & screen presence are really something we all gonna miss. A movie which will be with us forever. ,non-persuassive,None,0,0,0,0,0,0,0,0,0
rhea144.png,Rhea Chakraborty names Sara Ali Khan and Rakul Preet Singh for buying and consuming drugs before going to jail Aye tum log bhi chalo na mere saath ,persuassive,Neutral,0,0,0,0,Irony,0,0,0,0
data92.png,When some girls wanna first but you already married and fear Allah ,persuassive,Slightly Negatively persuasive,0,0,0,0,Irony,0,0,0,0
fiiile128.png,When relatives see you in public with an opposite gender ,non-persuassive,None,0,Hyperboles,0,0,Irony,0,0,0,0
san237.png,Sanju Baba Kya Aap misogynistic ho ? Hain? nahi mein toh Indian Hu Abe ganje di misogynistic matab ,persuassive,Negatively persuasive,0,0,0,0,Irony,0,0,Satire,Invective
san221.png,Who movie banane ke liye story ka hona jaruri hai wo bole casualty me koi marne ki halat me raha do unka form bharna jaruri hai kya. ,persuassive,Neutral,0,0,0,0,Irony,0,0,Satire,0
gay118.png,Why are you gay? ,persuassive,Slightly Negatively persuasive,0,0,0,0,Irony,0,0,0,0
img2.png,Face ! personallity! dowry! ,persuassive,Slightly Negatively persuasive,0,0,Personification,0,0,0,0,0,0
eng83.png,"Your crush , her father, her borther, her ex , her current , you... ",persuassive,Neutral,0,Hyperboles,0,0,0,Analogies,0,0,0
ramdev188.png,Coronil ? Oxygen ? Vaccine?  Kya baat kar rahe ho baba chalo chup chaap juice peelo ,persuassive,Neutral,0,0,0,0,0,0,0,Satire,0
img80.png,"Every time you talk to your wife, you should always remind yourself.... 'This conversation will be recorded for training and quality purposes' ",persuassive,Neutral,0,Hyperboles,0,0,0,0,0,0,0
salman40.png,I don't know who you are but I'll find you & remake your film ,persuassive,Neutral,0,0,0,0,Irony,0,0,0,0
romann162.png,"Nenal Needu water Abhjeet is going to bring water for her Ind the meanwhile, Abhil fill, The bestie and gives water for monal Abba, Bhale undi ra mi traingle story.",non-persuassive,None,0,0,0,0,0,0,0,0,0
img146.png,"Ab shaadiyon mein aeise gaane bajenge 'Babul se Vaccine leti jaa, jaa tujhko corona mukt parivar mile' ",non-persuassive,None,0,0,0,0,0,0,0,0,0
imggg148.png,"Frd : Bhai ye tik tok pe account to bana diya, pr videos kaise banate h!? Me: ye veshyaon jaisa bartav nahin kiya kro ",persuassive,Slightly Negatively persuasive,0,Hyperboles,0,0,0,Analogies,0,0,0
meme_783.png,"Nalayak'  Class me din bhar ladkiyo ke saath itni baate kyun karta hai....? Madam mai Garib hu, Net Pack nahi hai... ",non-persuassive,None,0,0,0,0,0,0,0,0,0
eng311.png,"Leave application by a cute child o master ji, wen i cum, rain cham cham. leg my fisla I gira dham. Niche my bag & upar was hum. isliye 2 days, I not cum. ",non-persuassive,None,0,0,0,0,0,0,0,0,0
img59.png,*Sanjay Raut says haramkhor in marathi means Naughty* people who wrote marathi language: naughty sab ke sab kharamkhor hai saale. ,persuassive,Slightly Negatively persuasive,0,0,0,0,0,0,0,0,Invective
romann201.png,"Teacher: unless there are any other questions, you're free to leave kid:*Raise hand: Rest of the class: ",non-persuassive,None,0,0,0,0,0,0,0,0,0
salman127.png,Salman Khan is the first actor who donated his bone marrow to save a girl's life Shah Rukh Khan the first actor to launch a bone marrow transplant center Huge respect for both !! ,persuassive,Positively persuasive,0,0,0,0,0,0,0,0,0
exa220.png,"Kashmiri pandits trying to tell the world about their genocide' 'Kashmiri muslims, Communists liberals, pseudo human rights activists' ",persuassive,Neutral,0,0,0,0,0,Analogies,0,Satire,0
imgg1.png,"Isi  Jagah mera plot hoga , Idhar bhi mera plot hoga , Ye meri property , dhan bhi mera plot, Udhar bhi meri property",non-persuassive,None,0,0,0,0,0,0,0,0,0
salman261.png,Tiger zinda hai aur blackbuck? uska kya Salman? Salman Khan convicted in Blackbuck poaching case: Funny memes of.... ,persuassive,Neutral,0,0,0,0,0,0,0,Satire,0
meme_252.png,Rare Picture Of Salman Khan With His SUV Hehehe...: P ,persuassive,Neutral,0,0,0,0,Irony,0,0,Satire,0
img84.png,"Kisi ne puchha ""Sanjay Raut ya Shiv sena ko lekar meme nahi banaya tumlogon ne?"" Hamme bhi keh diya ki abhi new building ko bane matr teen mahine hi hue hn. ",persuassive,Slightly Negatively persuasive,0,0,0,0,Irony,0,0,0,0
exa83.png,When jigri uses internet for he first time kus Taavan ,non-persuassive,None,0,0,0,0,0,0,0,0,0
fiiile91.png,What do you call a shirtless byomkeshbakshy byomkesh sexy! ,non-persuassive,None,0,0,0,0,0,0,0,0,0
eng318.png,Buy with action is given school's mont everying student award. ,persuassive,Negatively persuasive,0,Hyperboles,0,0,Irony,0,0,0,0
eng434.png,"Crush enters the class my friends looking at me , my friendly teacher who knows everything my reaction. ",non-persuassive,None,0,0,0,0,0,0,0,0,0
fiiile60.png,Salman 'Tu toh aise der darr darr ke mila rahe hai jisme mere girlfriend ko apni bata raha hai' :P kabhi socha nhi tha ki ek din ye scene sach ho jayega. ,non-persuassive,None,0,0,0,0,Irony,0,0,0,0
romann81.png,"China's president finally spoke over corona...! he said that, ching pung susu, pong mung lula CKMKB, Pong shishi Taau Lu PKMKB.. ",persuassive,Negatively persuasive,0,0,0,0,0,0,0,0,Invective
eng6.png,Yaar tune to emotional kar diya ,non-persuassive,None,0,0,0,0,0,0,0,0,0
romann86.png,Alia do you know the full form of GST ? Goodnight sweetdreams takecare. ,non-persuassive,None,0,0,0,0,0,0,0,Satire,0
img79.png,"While Sanjay Raut praises Sachin Vaze as 'honest' and 'capable', latter names Shiv sena leaders in Antilia explosives case Opindia staff ! 14 march , 2021",persuassive,Slightly Negatively persuasive,0,0,0,0,Irony,0,0,Satire,0
romann159.png,"GST Tax footwear less than Rs.500 to be taxed 5% and above Rs. 500 to be taxed 18%. Cene govt. Footwear tax , people Iru ya...Iru va... Irukura tax en katta modila... ",persuassive,Slightly Negatively persuasive,0,Hyperboles,0,0,0,0,0,0,0
ramdev102.png,Govt books detail's of patanjali's covid-19 drugs. bans advertisments in me* Karawali Bezzati? ,persuassive,Slightly Negatively persuasive,0,Hyperboles,0,0,0,0,0,Satire,0
fille83.png,Is this the greatest power in the universe ,persuassive,Neutral,0,Hyperboles,0,0,0,0,0,Satire,0
data16.png,His beard was like.... ya allah! ,non-persuassive,None,0,0,0,0,0,0,0,0,0
ramdev43.png,"Dhanda karo toh bada karo purushottam bhai, warna mat karo. ",persuassive,Neutral,0,0,0,0,0,0,0,Satire,0
emo18.png,"When a relative gets something for me, from pardes Me: When mom says 'Thaw aith..pagah lagi paans!"" Me: ",non-persuassive,None,0,0,0,0,0,0,0,0,0
gay120.png,"sSaye the girl child...or elxe 25 years later ur son will bring home a man and say ""Asha to mili nahi Ashish ko hi le aya..."" ",persuassive,Slightly Negatively persuasive,0,0,0,0,Irony,0,0,Satire,0
san102.png,Hamesha Achha lecture dene wala insaan zindagi ke saare kaand ,persuassive,Neutral,0,0,0,0,Irony,0,0,Satire,0
salman198.png,Isme itne bhari gyaan ki zarurat bilkul nahi hai When you write 2 pages for 2 marks answer Teacher ,non-persuassive,None,0,0,0,0,0,0,0,0,0
gay62.png,When a good person comes into your life at the wrong time ,non-persuassive,None,0,0,0,0,0,0,0,0,0
eng282.png,*When i like to make tik-tok videos* #friends - kya chutiya jaisa mujra karta rehta.! saale jalte hain mujhse,persuassive,Negatively persuasive,0,0,0,0,0,0,0,0,Invective
romann140.png,Looking at your syllabus a day before exam be like Tf ye kab add hua  ,non-persuassive,None,0,0,0,0,0,0,0,0,0
exa167.png,Frusted # Pandit ! Ek secret kya bta dia Shweta* Pandit* Tune to puri duniya mein tamasha bnva dia. ,persuassive,Slightly Negatively persuasive,0,Hyperboles,0,0,0,0,0,Satire,0
eng201.png,"""Oye girlfriend banegi meri?"" ""nhi mere parents allow nhi karte ye sab"" han bc to mere maa - baap konsa ""ladki patao abhiyan' chala rahe hain? ",persuassive,Slightly Negatively persuasive,0,0,0,0,0,0,0,Satire,0
salman239.png,When a website asks you to read terms and Conditions Itne bhaari gyaan ki zarurat nahi hai. ,non-persuassive,None,0,0,0,0,0,0,0,0,0
eng488.png,Sacche pyar ko kya chahiye? bas ek kamra !!! bahar nikal Bsdk ,persuassive,Negatively persuasive,0,0,0,0,Irony,0,0,0,Invective
imgg0.png,Indian muslims going crazy over CAB and NRC. *Kashmiri* :( keep them all in your duas! Let's put international pressure on India for this,persuassive,Slightly Negatively persuasive,0,0,0,0,Irony,0,0,0,0
romann175.png,Aunty aape jamane me Tv phone aur ye sab nhi the to time kese katta tha beta din chulhe pe aur raat luute pe wahh aunty wahh ,persuassive,Slightly Negatively persuasive,0,Hyperboles,0,0,0,0,Puns_and_wordplay,0,Invective
salman298.png,2016 in memes do you use condom in India No we use censor board fevicol ka jod hai... tootega nahi!!!... ,persuassive,Neutral,0,0,0,0,Irony,0,0,0,0
romann69.png,Jin what sapp group ka daily turnover 20 messages se adhik hai. ve sabhi july 1 se GST k Daiyre mein maine jaenge!! ,non-persuassive,None,0,0,0,0,Irony,0,0,0,0
fiiile107.png,"Do din ke bad uski shaadi ho gayi , usko to apun do baje tak piya phir...phir keya hua? phir..phir keya agle din apne mohalle mein JCB aayi.. ",persuassive,Negatively persuasive,0,0,0,0,0,0,0,0,Invective
data16.png,His beard was like.... ya allah! ,non-persuassive,None,0,0,0,0,0,0,0,0,0
gay58.png,"Ha, Gaaaaaay Meme maker - Ha Gay generator ! ",non-persuassive,None,0,0,0,0,0,0,0,0,0
imggg85.png,"Every PUBG player be like- Shuru Majburi main kiye the, ab maja aa rha hai... ",non-persuassive,None,0,0,0,0,0,0,0,0,0
data86.png,"Aladin When it comes to jugaad, no one can touch Indian Moms. #Respect",non-persuassive,None,0,0,0,0,0,0,0,0,0
fiiile114.png,"Alia, whom do you credit the success of your carrer? I want to thank my parents. especialy my mother and father. ",non-persuassive,None,0,0,0,0,Irony,0,0,Satire,0
img108.png,Haramkhor Haramkhor...? Naughty bola marathi me ,persuassive,Slightly Negatively persuasive,0,0,0,0,0,0,0,Satire,0
salman46.png,Salman and Jacqueline in back seat after switching autopilot mode in Tesla Car Aaj doggy style me karenge ,persuassive,Negatively persuasive,0,0,0,0,0,0,0,Satire,Invective
romann73.png,"Varun : Alia what is GST Alia : good morning, sweet dream, take care. ",non-persuassive,None,0,0,0,0,Irony,0,0,0,0
salman41.png,"Divorced, Divorced, Divorced , Divorced Dekha aapne shaadi karne ka natija. ",persuassive,Slightly Negatively persuasive,0,0,0,0,0,Analogies,0,Satire,0
rhea51.png,CBI officer Nupur sen slapped Rhea Chakraborty Meanwhile Rhea to Mahesh Bhatt Mujhe kaise bhi karke yaha se Nikaal mere bhai. ,persuassive,Slightly Negatively persuasive,0,0,0,0,0,0,0,Satire,0
ramdev58.png,"Patanjali developes Coronil drug against Covid-19. Meanwhile Ayurveda to modern medicine: pichli baar kya bola tha, Aukaat ",persuassive,Neutral,0,0,0,0,0,0,0,Satire,0
fiiile5.png,man : why are there broken condoms on our couch? women: would you please call or children by their real names? ,persuassive,Negatively persuasive,0,0,0,0,0,0,0,0,Invective
fiiile18.png,I love morning sickness! nausea is my favorite ! ,persuassive,Slightly Negatively persuasive,0,0,0,0,Irony,0,0,0,0
romann137.png,"""Kya soch kar aaye the? ke saheb 15 lakh degaa? sabaasi dega ? kyon? ab tu de... GST de!!"" ",non-persuassive,None,0,0,0,0,0,0,0,0,0
romann12.png,"GST Kya hai ? Good Night, Sweet Dreams, Take Care. ",non-persuassive,None,0,0,0,0,0,0,0,0,0
meme_586.png,Salman Khan and Bail Still A Better Love Story Than 'Jab Harry Met Sejal' ,persuassive,Neutral,0,0,0,0,0,Analogies,0,0,0
exa157.png,When Kashur dudes look at girls 30 seconds later 6 hours later.,persuassive,Negatively persuasive,0,0,0,0,0,0,0,0,Invective
img147.png,face ! personality! dowry! ,persuassive,Slightly Negatively persuasive,0,0,Personification,0,0,0,0,0,0
exa23.png,"Khaa , PK jjaana ! fake! Aal izz hell or Aal izz well? Real ! AMul ",persuassive,Neutral,0,0,0,0,0,0,Puns_and_wordplay,0,0
data82.png,"Friend:""Tujhe kya lagta hai..Isbaar Bigg boss kaun jeetega?"" Me: 'Hindustani Bhau' Inner Me- Aur kisi ka naam to nahi pata BC! ",non-persuassive,None,0,0,0,0,0,0,0,0,0
ramdev115.png,Bilanchi naagin nighali ,non-persuassive,None,0,0,0,0,0,0,0,0,0
eng_file68.png,Tell me your favorite Microsoft product. Mine is MS Powerpoint. Mine is M.S. Dhoni. ,persuassive,Slightly Negatively persuasive,0,0,0,0,Irony,0,Puns_and_wordplay,0,0
salman31.png,The gap between bhai's hand and her back ,persuassive,Slightly Positively persuasive,0,0,0,0,0,0,0,0,0
eng249.png,"Log kehte hain ki dil ki suno.... lekin is dhak-dhak-dhak ka matlb hota kya hai, my lord. ",persuassive,Neutral,0,Hyperboles,0,Alliteration,0,0,0,0,0
eng221.png,duniya pe hoga mera raaj. wo toh apna raju hai re baba.. bola tha na babu bhaiya ye raju paiso ke liye kuch bhi kar sakta hai... ,non-persuassive,None,0,0,0,0,0,0,0,0,0
salman187.png,Her Look is more dangerous than Salman Khan's Driving Disha Patani :P ,persuassive,Neutral,0,0,0,0,0,Analogies,0,0,0
fiiile75.png,"Saif Ali khan's outfit is going to make taimur ali khan a very, very proud son kareena kapoor khan enroils taimur in fitness centre? ",persuassive,Neutral,0,0,0,0,Irony,0,0,0,0
gay82.png,"I would like to read to you what The Jesus said about homosexuality I'd like to, but he never said anything about it. ",non-persuassive,None,0,0,0,0,0,0,0,0,0
eng251.png,kaha hai bhai? raste main kis raste main? barbadi ke... ,non-persuassive,None,0,0,0,0,0,0,0,0,0
exa162.png,"Beta , Lutiya dubo diya tum ",persuassive,Neutral,0,0,0,0,0,0,0,Satire,0
exa57.png,"I Don't Understand people who post pictures with the boyfriend / Girlfriend and Caption It As *Mine!* Humein Chahiye bhi nahi, tum hi rakho ",non-persuassive,None,0,0,0,0,0,0,0,0,0
fille75.png,"""I am an actor right now because of SRK. during school and college days. I used to watch his films. I have to achieve many things before i vecome even ""s"" of SRK. i still have the entire dvd set of SRK's fauji serial"" - Sushant Singh Rajput. ",non-persuassive,None,0,0,0,0,0,0,0,0,0
eng372.png,"Camera man showed her for approx 2-3 seconds in yesterday's match, her instagram follwers got increased from sk to 47k and still increasing singles ki ashleelta dekh lo mitron. ",non-persuassive,None,0,0,0,0,0,0,0,0,0
imggg138.png,When u haven't watch #Mirzapur But also want to try some dialogues of it. Gaand na marao vrna maa fula denge tumhari ,persuassive,Neutral,0,0,0,0,Irony,0,0,0,Invective
img71.png,Goest to a night club remobes chappal outside. ,persuassive,Neutral,0,0,0,0,Irony,0,0,0,0
salman163.png,teri maa ,persuassive,Slightly Negatively persuasive,0,0,0,0,0,0,0,0,Invective
eng483.png,Aur batao nahate kitne din me ho ,non-persuassive,None,0,0,0,0,0,0,0,0,0
fiiile115.png,Me: we're gonna have to perform a cavity search he: but the detector didn't even- Me: maim it's just protocol ,non-persuassive,None,0,0,0,0,Irony,0,0,0,0
salman172.png,After watching # Radhe Trailer physics be like: ,persuassive,Neutral,0,Hyperboles,0,0,0,0,0,0,0
fiiile54.png,This south indian singer sexually harassed by a director in his studio ?? check how she handled ,persuassive,Slightly Negatively persuasive,0,0,0,0,0,0,0,0,Invective
fiiile38.png,"January 2019, January 2020",non-persuassive,None,0,0,Personification,0,0,0,0,0,0
fiiile70.png,Samuel crossley How did you know you were gay? wiki How. ,non-persuassive,None,0,0,0,0,0,0,0,0,0
salman281.png,"Salman Khan after destroying his enemy carrer kabhi kabhi lagta hai, Apun hi Bhagwan hai...! ",persuassive,Neutral,0,Hyperboles,0,0,Irony,0,0,0,0
eng381.png,I'm so alone in this world toh aao kabhi haweli pe ,non-persuassive,None,0,0,0,0,0,0,0,0,0
meme_335.png,Jaha Izzat Nahi Hoti Waha Jana Nahi Chahiye - Chanakya Matlab Aadmi Ab Apne Ghar Bhi Na Jaye.... ,persuassive,Slightly Negatively persuasive,0,Hyperboles,0,0,Irony,0,0,0,0
san170.png,Hit like for dutts Sanju baba with Manyata & their 2 kids #Raj* ,non-persuassive,None,0,0,0,0,0,0,0,0,0
exa189.png,Sad kyun ho ? mere parents mere haath pila karna chahate hai isme bura kya hai tum shaadi ke layak ho gayi ho but mujhe pila rang nehi pasand I love Pink. Galti ho geyi behen. ,non-persuassive,None,0,0,0,0,0,0,0,0,0
emo60.png,"When a relative gets something for me, from pardes Me: When mom says 'Thaw aith..pagah lagi paans!"" Me: ",non-persuassive,None,0,0,0,0,0,0,0,0,0
meme_567.png,Car m baith kar chutiyo ki trh live ana zaruri h kya ? ,non-persuassive,None,0,0,0,0,0,0,0,0,0
romann154.png,Domenetisation - 8PM GST low - Midnight Quota Bill - 10 PM Modi ji and midnight still a better love story than twilight ,persuassive,Neutral,0,0,0,0,0,Analogies,0,Satire,0
img61.png,"Sajnay rout calls kangana ""haramkhor"" and defends it by saying it means NAUGHTY Topic change mat karo tum ",persuassive,Negatively persuasive,0,0,0,0,0,0,Puns_and_wordplay,Satire,Invective
eng619.png,Sad kyun ho ? Mere parents mere haat pila karna chahte hai Isme bura ky ahai tum shadi ke layak ho gayi ho. But mujhe pila rang nehi pasand I lov pink Galti ho geyi behen. ,non-persuassive,None,0,0,0,0,0,0,0,0,0
eng442.png,"Jab we met ""Aap convince hogaye ya main aur bolu? ",non-persuassive,None,0,0,0,0,0,0,0,0,0
fille33.png,I want to who about today's visit ? 4 see my burger. ,non-persuassive,None,0,0,0,0,0,0,0,0,0
romann113.png,Ittu pittu jhim patuta koi sense hai iss baat ki ? humen bahut lag rahi thi uss waqt. ,persuassive,Neutral,0,0,0,0,0,0,0,Satire,0
romann239.png,"Samosa khayega? Nahi , Aaj Upvas Hai Mera Bhai mere taraf se hai, Meethi chatni dal ke laana ",non-persuassive,None,0,0,0,0,0,0,0,0,0
romann65.png,"Before GST , After GST 28% on cosmetics Indian can relate... dedicated to got fans from India.... ",persuassive,Slightly Negatively persuasive,0,Hyperboles,0,0,Irony,Analogies,0,0,0
rhea138.png,*Rhea Chakraborty Says Ready for Arrest* Other B-celebrities Involved: lagta hai g*nd fatne waali hai ,persuassive,Slightly Negatively persuasive,0,0,0,0,0,0,0,Satire,Invective
eng256.png,What is our qualification ? MBBS wow ! you're a doctor Member of back bencher students ,non-persuassive,None,0,0,0,0,0,0,0,0,0
eng_file224.png,"Pak ka , Up Ka , Bihar ka sabka badla lega marathi manoos ",persuassive,Slightly Negatively persuasive,0,Hyperboles,0,0,0,0,Puns_and_wordplay,Satire,0
rhea136.png,CBI investigating SSR case mereko toh aisa dhak-dhak horela hai! ,persuassive,Slightly Negatively persuasive,0,0,0,Alliteration,0,0,0,Satire,0
eng_file99.png,Jalwa ai hamara yahan Cheating kartahai tu party badal liya sale ne. ,persuassive,Slightly Negatively persuasive,0,0,0,0,0,0,0,0,Invective
eng518.png,"Why did, kattappa kil bahubali ? kyunki... baahubali asked itni chocolatey kyun hai? ",non-persuassive,None,0,0,0,0,0,0,0,0,0
exa182.png,"Modi be like #Electon Results 2019, #Jeetega to Modi Hi # Thuglife Ab ye bol raha hai ki world cup bhi ham leg hi khel lete hain ",persuassive,Neutral,0,0,0,0,0,0,0,Satire,0
eng360.png,Hey upar wale 2021 toh dkha doga na uppar wala iski guarantee me nahi de sakta ,non-persuassive,None,0,0,0,0,0,0,0,0,0
img143.png,Kangana Ranaut puts up a post saying she has explained her point of view to maharashtra Governer Bhagat Singh Koshyari in thier meeting,non-persuassive,None,0,0,0,0,0,0,0,0,0
fille72.png,Actor Sushant Singh Rajput Commits Sucide Found Hanging in his home ,non-persuassive,None,0,0,0,0,0,0,0,0,0
imggg10.png,When u haven't watch #Mrizapur But also want to try some dialogues of it. Gaand na marao vrna maa fula denge tumhari ,persuassive,Neutral,0,0,0,0,Irony,0,0,0,Invective
salman284.png,After spending one night in jail with Aasharam ,persuassive,Slightly Negatively persuasive,0,0,0,0,0,0,0,0,0
fiiile105.png,Aayi just called to say aayi love you ,persuassive,Positively persuasive,0,0,0,0,0,0,Puns_and_wordplay,0,0
romann28.png,"Teacher : useless there are any other questions , you're free to leave kid :' Raises hand* Rest of the class: ",non-persuassive,None,0,0,0,0,0,0,0,0,0
salman171.png,Salman Khan Fans Reaction from Getting Arrested to Getting Bail in 2 Days ,persuassive,Neutral,0,0,0,0,Irony,0,0,0,0
romann110.png,Chines pricident has finaly spoke on corona virus. me sad that lao ,persuassive,Slightly Negatively persuasive,0,0,0,0,0,0,0,Satire,0
romann227.png,"Middle class after every finacial bodget 11AM, 11:30AM 12:30 PM 1:00 PM. ",persuassive,Neutral,0,Hyperboles,0,0,0,0,0,0,0
fiiile91.png,What do you call a shirtless byomkeshbakshy byomkesh sexy! ,non-persuassive,None,0,0,0,0,0,0,0,0,0
san4.png,Radhey Maa ,non-persuassive,None,0,0,0,0,0,0,0,0,0
salman259.png,I don't know who yur are but I 'll find your and remake your film. ,persuassive,Neutral,0,0,0,0,Irony,0,0,0,0
eng539.png,Hans mat pagli pyaar ho jayega... sachchi Bhukkad ,non-persuassive,None,0,0,0,0,0,0,0,0,0
meme_51.png,ab underground hone ka samay aa gya hai ,non-persuassive,None,0,0,0,0,0,0,0,0,0
eng_file45.png,Sun Bihari ,persuassive,Slightly Negatively persuasive,0,0,0,0,0,0,0,Satire,0
exa141.png,"Jab khelte samay aglki ball samne wali aunty ki balcony mai chali jaye, tab ap saare nibba: ",non-persuassive,None,0,0,0,0,0,0,0,0,0
rhea104.png,Rhea Chakaraborty wasn't co-operating with CBI...So she got slapped by CBI officer Nupur Prasad. Meanwhile- *SSR fans *Mahesh Bhatt ,persuassive,Slightly Negatively persuasive,0,0,0,0,0,0,0,Satire,0
data37.png,Arab men are abusive!!' Did someone say abu yusef?,persuassive,Negatively persuasive,0,0,0,0,0,0,Puns_and_wordplay,0,0
eng_file104.png,Voter find their names in dead persons list in bihar polls I guess I'm dead voter. ,persuassive,Slightly Negatively persuasive,0,0,0,0,Irony,0,0,Satire,0
romann208.png,Not sure if lame pun or racist chinese joke ,persuassive,Neutral,0,0,0,0,0,0,Puns_and_wordplay,0,0
eng317.png,"yahan bhi dekha , vahan bhi dekha , ab to saare , jahan mein dekha kya ? tera hi jalva... ",persuassive,Positively persuasive,0,0,0,0,0,0,0,Satire,0
imgg2.png,"Cambodian genocide 2 million killed in 1975 - 1979 Trlols bogan in 2007, Kashmiri Pandit kkillings 700 KPs killed 1989-90 Too Late? ",persuassive,Neutral,0,0,0,0,0,Analogies,0,Satire,0
meme_639.png,Ye India Hai Mere Bhai Yaha Top Koi Ek Karta Hai Gaaliya Lakho Khate Hai ,persuassive,Slightly Negatively persuasive,0,0,0,0,Irony,0,0,0,0
rhea35.png,Thank you binod tum aa gaye... warna yeh memers mere peeche hi pad gaye the...-Rhea ,persuassive,Neutral,0,0,0,0,0,0,0,Satire,0
exa161.png,"I'm a Kashmiri Pandit, Feel community's pain : Rahul Gnadhi Kashmiri People** Chutiya samjha hai mereko ",persuassive,Negatively persuasive,0,0,0,0,0,0,0,Satire,0
eng220.png,3 types of girls when they face problem who start crying who simply ignore. tu ab dekh tune panga kisse liya hai.,persuassive,Negatively persuasive,0,0,0,0,Irony,0,0,0,0
meme_606.png,Crush : I am a big fan of Salman Khan. *Me trying to impress her: Ae gadi Start kar ,persuassive,Neutral,0,0,0,0,0,0,0,Satire,0
gay20.png,When Covid - 19 didn't kill anyone on your list. Why do I always have to do everything myself. ,persuassive,Negatively persuasive,0,Hyperboles,0,0,Irony,0,0,0,0
salman121.png,Funny meme Aa raha hoon bhe**hod... tu bahar mil.... kabir singh vs Salman Khan,persuassive,Negatively persuasive,0,0,0,0,0,0,0,0,Invective
eng_file35.png,Types of Brides 100 ,persuassive,Neutral,0,0,0,0,0,Analogies,0,0,0
rhea23.png,with credit card without credit card chachi 840 chachi 420.,persuassive,Neutral,0,0,0,0,0,Analogies,0,Satire,0
meme_554.png,"Congress Leaders , Every time When Rahul Gandhi Gives Speech ! Seh Lenge thoda ",persuassive,Neutral,0,Hyperboles,0,0,0,0,0,Satire,0
romann203.png,GST naa hua kallu halvai ki khubsurat patni ho gai! sasura har koi uske upar tippani karna chahta hai ,persuassive,Neutral,0,0,0,0,0,0,0,Satire,0
data4.png,"Russia Has developed the first coronvirus vaccine, Announces putin le Indians: ""Tera yaar hoon main"" ",persuassive,Slightly Positively persuasive,0,0,0,0,0,0,Puns_and_wordplay,0,0
fille0.png,Your movie is getting lots of love yes what did it cost my life ,persuassive,Neutral,0,0,0,0,Irony,0,0,0,0
imggg104.png,The lion has aped but he isn't old.  Neelo vedi Inkaataggaledaa.  ,persuassive,Neutral,0,0,0,0,0,Analogies,0,0,0
emo19.png,Shall tsalith bathen chob ,persuassive,Slightly Negatively persuasive,0,0,0,0,0,0,0,0,Invective
ramdev33.png,"Baba Ramdev providing ""Coronil"" Medicine ",persuassive,Neutral,0,0,0,0,0,0,0,Satire,0
imgg14.png,"Kashmiri Muslims teraining , kashmiri pandits It's been tough. ",persuassive,Slightly Negatively persuasive,0,0,0,0,Irony,0,0,0,0
salman7.png,* After watching Saaho* Haath jod kar gujarish hai aapse dur rahiye mere bete se ,persuassive,Neutral,0,0,0,0,0,0,0,Satire,0
